frame,elapsed_s,capture_wait_ms,processing_ms,track_status,target_status,offset
1,0.03567262499973367,30.297362000055728,5.064137000317714,selected,interpolated,-0.055208333333333394
2,0.08195373999978983,24.796212000183004,4.094020999673376,selected,interpolated,-0.055208333333333394
3,0.12877905300001657,42.76934700010315,4.006317999937892,selected,interpolated,-0.05833333333333339
4,0.17582910300006915,42.99403000004531,4.007984000054421,selected,interpolated,-0.055208333333333394
5,0.22319196299986288,43.295746999774565,4.019911000341381,selected,interpolated,-0.055208333333333394
6,0.27014327400002003,42.896030000065366,4.007373000149528,selected,interpolated,-0.055208333333333394
7,0.3171171209996828,43.00541799966595,3.92128200019215,selected,interpolated,-0.055208333333333394
8,0.3659344630000305,44.72637700018822,4.006928999842785,selected,interpolated,-0.055208333333333394
9,0.4112291470000855,41.301699000086955,3.9449490000151854,selected,interpolated,-0.055208333333333394
10,0.45846161999998003,43.19356400037577,3.990132999661,selected,interpolated,-0.055208333333333394
11,0.5054561709998779,43.00956599990968,3.936892000183434,selected,interpolated,-0.055208333333333394
12,0.5526896629999101,43.24315599978945,3.9420040002369205,selected,interpolated,-0.05729166666666661
13,0.5998466930000177,42.96041899988268,4.148648999944271,selected,interpolated,-0.05625
14,0.6469163359997765,43.0793430000449,3.9444669996555604,selected,interpolated,-0.055208333333333394
15,0.6939498859997002,43.063565000011295,3.9227449997270014,selected,interpolated,-0.055208333333333394
16,0.7412530619999416,43.08861999970759,4.165408000062598,selected,interpolated,-0.055208333333333394
17,0.7885491829997591,43.13319400034743,4.114038999887271,selected,interpolated,-0.05625
18,0.8378344809998453,45.27946200005317,3.959799999847746,selected,interpolated,-0.055208333333333394
19,0.8824266009996791,40.60883800002557,3.9354489999823272,selected,interpolated,-0.05625
20,0.9297707949999676,43.17210099998192,4.125945999930991,selected,interpolated,-0.055208333333333394
21,0.9765848849997383,42.85584499984907,3.911541999968904,selected,interpolated,-0.055208333333333394
22,1.0238768579997668,43.13106499967034,4.114316000141116,selected,interpolated,-0.05729166666666661
23,1.0708201130000816,42.95895499990365,3.939300000183721,selected,interpolated,-0.055208333333333394
24,1.1184243220000099,28.243407999980263,4.209649000131321,selected,interpolated,-0.05625
25,1.1649419159998615,42.54607200027749,3.9243369997166155,selected,interpolated,-0.05625
26,1.2124136269999326,43.30647000006138,4.118390000257932,selected,interpolated,-0.05625
27,1.2594574740001008,42.88643800009595,4.111094000109006,selected,interpolated,-0.055208333333333394
28,1.3095745579998948,46.12600600012229,3.9429479998034367,selected,interpolated,-0.055208333333333394
29,1.353716052999971,40.16704700006812,3.927522999674693,selected,interpolated,-0.055208333333333394
30,1.4006510310000522,42.9706959998839,3.917208000075334,selected,interpolated,-0.055208333333333394
31,1.4477756539999973,43.10543499968844,3.9733180001348956,selected,interpolated,-0.05625
32,1.4947800929999175,43.00745499995173,3.9500220000263653,selected,interpolated,-0.055208333333333394
33,1.541937512000004,43.17839699979231,3.9315410003837314,selected,interpolated,-0.05625
34,1.5889704880000863,43.05165800042232,3.912152999873797,selected,interpolated,-0.05625
35,1.641484410999965,46.09976600022492,6.366768000134471,selected,interpolated,-0.055208333333333394
36,1.6879063030000907,40.031420000104845,6.32532400004493,selected,interpolated,-0.055208333333333394
37,1.7386882669998158,42.69497699988278,8.020765000310348,selected,interpolated,-0.05625
38,1.7865278059998673,39.64557299968874,8.119708000322134,selected,interpolated,-0.055208333333333394
39,1.831792250000035,37.16492000012295,8.021283999823936,selected,interpolated,-0.05625
40,1.8791564999996808,38.857454000208236,8.431018999999651,selected,interpolated,-0.055208333333333394
41,1.9265571749997434,39.16650499968455,8.155023000199435,selected,interpolated,-0.05625
42,1.9716018619997158,37.89778100008334,7.070611000017379,selected,interpolated,-0.055208333333333394
43,2.0189325749997806,40.1704549999522,7.092018000093958,selected,interpolated,-0.05625
44,2.0677216949998183,40.282621000187646,8.439555999757431,selected,interpolated,-0.055208333333333394
45,2.1148865029999797,38.67669700002807,8.412260000113747,selected,interpolated,-0.05625
46,2.159424473999934,10.325383999770565,6.737393000094016,selected,interpolated,-0.055208333333333394
47,2.2060524189996613,40.19178800035661,6.369879999965633,selected,interpolated,-0.05625
48,2.257787888999701,44.5022130002144,7.169665000219538,selected,interpolated,-0.05729166666666661
49,2.301434520999919,36.510428999918076,7.065943999805313,selected,interpolated,-0.05625
50,2.3493740399999297,39.99247500041747,7.876637999743252,selected,interpolated,-0.055208333333333394
51,2.3976842219999526,39.789497000128904,8.44401900030789,selected,interpolated,-0.05729166666666661
52,2.444152428000052,38.33423900005073,8.05743099999745,selected,interpolated,-0.05625
53,2.4902051760000177,38.822417999654135,7.158849999996164,selected,interpolated,-0.055208333333333394
54,2.537002895999649,39.68673899998976,7.037630000013451,selected,interpolated,-0.055208333333333394
55,2.58598869799971,40.4574699996374,8.45927800037316,selected,interpolated,-0.05833333333333339
56,2.6328100289997565,38.67677099970024,8.069875000273896,selected,interpolated,-0.05625
57,2.6799128190000374,39.847255000040605,7.180757999776688,selected,interpolated,-0.055208333333333394
58,2.726219841999864,38.67886299985912,7.555568000043422,selected,interpolated,-0.055208333333333394
59,2.7729831920000834,39.578870000241295,7.1138879998216,selected,interpolated,-0.055208333333333394
60,2.819818151999698,39.61673999992854,7.1482399998785695,selected,interpolated,-0.05625
61,2.868920952999815,41.95072800030175,7.083777999923768,selected,interpolated,-0.05729166666666661
62,2.9140614170000845,37.93717000007746,7.1327389996440616,selected,interpolated,-0.055208333333333394
63,2.9610046909997436,39.829736999763554,7.04259300027843,selected,interpolated,-0.055208333333333394
64,3.0081659610000315,39.97819899996102,7.111609999810753,selected,interpolated,-0.05625
65,3.055367138999827,40.012920000208396,7.1149440000226605,selected,interpolated,-0.055208333333333394
66,3.1042736459999105,40.36591599970052,8.46477799996137,selected,interpolated,-0.055208333333333394
67,3.151023756000086,38.619864000338566,8.054449999690405,selected,interpolated,-0.055208333333333394
68,3.201491446000091,11.291148000054818,6.847151000329177,selected,interpolated,-0.05625
69,3.242800144999819,34.77987699989171,6.463748999976815,selected,interpolated,-0.05729166666666661
70,3.2926111409997247,42.27663099982237,7.4692910002340795,selected,interpolated,-0.055208333333333394
71,3.337955712999701,38.16648099973463,7.106796000243776,selected,interpolated,-0.05833333333333339
72,3.386331227000028,39.85366200004137,8.453205000023445,selected,interpolated,-0.055208333333333394
73,3.43396150999979,39.11046900020665,8.441444999789383,selected,interpolated,-0.055208333333333394
74,3.4830764409998665,40.785890999814,8.252354999967793,selected,interpolated,-0.055208333333333394
75,3.5266725729998143,36.38083799978631,7.139740000184247,selected,interpolated,-0.05729166666666661
76,3.5736544940000385,39.76747900014743,7.143887999973231,selected,interpolated,-0.055208333333333394
77,3.6213517209998827,40.12536300024294,7.497160999719199,selected,interpolated,-0.05625
78,3.667968702000053,39.37283599998409,7.172997999987274,selected,interpolated,-0.055208333333333394
79,3.7178680669999267,41.732842000328674,8.096819999991567,selected,interpolated,-0.055208333333333394
80,3.7636673929996505,37.651859000106924,8.070449000115332,selected,interpolated,-0.055208333333333394
81,3.810284799999863,39.0390259999549,7.500698000058037,selected,interpolated,-0.05625
82,3.8564080099999956,38.9607120000619,7.094721000157733,selected,interpolated,-0.055208333333333394
83,3.90355407800007,39.74727500008157,7.164164999721834,selected,interpolated,-0.055208333333333394
84,3.9507045339996694,39.976642999590695,7.104703000095469,selected,interpolated,-0.055208333333333394
85,3.9979217669997524,39.70064699979048,7.446346000051562,selected,interpolated,-0.05625
86,4.0449043730000085,39.80312600015168,7.110184999874036,selected,interpolated,-0.055208333333333394
87,4.094168745999923,42.01798599979156,7.175962000019354,selected,interpolated,-0.055208333333333394
88,4.140480416999708,38.04692799985787,8.195374000024458,selected,interpolated,-0.055208333333333394
89,4.187818018999678,39.101171999845974,8.159133999924961,selected,interpolated,-0.05625
90,4.232372434999888,11.175131000072724,6.44630499982668,selected,interpolated,-0.055208333333333394
91,4.279165265999836,40.296824000051856,6.429618999845843,selected,interpolated,-0.055208333333333394
92,4.328798986000038,42.47092499963401,7.097685000189813,selected,interpolated,-0.055208333333333394
93,4.374737827999979,38.66691899975194,7.201552999958949,selected,interpolated,-0.055208333333333394
94,4.423048194999865,39.821738000227924,8.41451899987078,selected,interpolated,-0.05625
95,4.470378351999898,39.00237800007744,8.252853999692888,selected,interpolated,-0.05729166666666661
96,4.517580141000053,38.742417999856116,8.382872000311181,selected,interpolated,-0.05625
97,4.562878305999675,38.13190799974109,7.097388000147475,selected,interpolated,-0.055208333333333394
98,4.614070486999935,43.86925800008612,7.251960999838047,selected,interpolated,-0.055208333333333394
99,4.657318234999821,36.078305000046385,7.098518000020704,selected,interpolated,-0.055208333333333394
100,4.706941418000042,42.09255900013886,7.4600319999262865,selected,interpolated,-0.055208333333333394
101,4.753085257999828,37.98431699988214,8.088468000096327,selected,interpolated,-0.055208333333333394
102,4.800047568000082,38.811788000202796,8.035375999952521,selected,interpolated,-0.05625
103,4.845932188999996,38.57716100037578,7.233015999645431,selected,interpolated,-0.055208333333333394
104,4.892870222000056,39.83453399996506,7.033073999991757,selected,interpolated,-0.055208333333333394
105,4.942955842999709,41.56749200001286,8.448519000012311,selected,interpolated,-0.055208333333333394
106,4.988917536999907,37.4071940000249,8.478518999709195,selected,interpolated,-0.055208333333333394
107,5.034746639999867,38.63491999982216,7.115166000403406,selected,interpolated,-0.055208333333333394
108,5.08190559600007,39.559740999720816,7.531198000378936,selected,interpolated,-0.055208333333333394
109,5.128764481999951,39.38713200022903,7.400236000194127,selected,interpolated,-0.05833333333333339
110,5.175872179999715,39.568537000377546,7.468142999641714,selected,interpolated,-0.05625
111,5.222637936999945,39.59440700009509,7.103573999756918,selected,interpolated,-0.05625
112,5.270127202999902,14.220572999875003,7.239386000037484,selected,interpolated,-0.05625
113,5.319040265999774,41.66880499997205,7.175276999987545,selected,interpolated,-0.055208333333333394
114,5.362731989999702,37.236659999962285,6.382934999692225,selected,interpolated,-0.05625
115,5.409822261000045,40.648004000104265,6.376694000209682,selected,interpolated,-0.055208333333333394
116,5.461417252000047,42.87086399972395,8.657905000291066,selected,interpolated,-0.05625
117,5.506695214000047,37.16349399974206,8.03835800024899,selected,interpolated,-0.055208333333333394
118,5.554141480999988,40.194010000050184,7.175516999723186,selected,interpolated,-0.05625
119,5.59978625299982,38.40005200027008,7.174442999712483,selected,interpolated,-0.055208333333333394
120,5.647045892999813,39.84214499996597,7.348273999923549,selected,interpolated,-0.055208333333333394
121,5.693879148999713,39.60581399996954,7.155461999900581,selected,interpolated,-0.055208333333333394
122,5.740995679999742,39.936197999850265,7.108444000095915,selected,interpolated,-0.05625
123,5.78810737699996,39.864570000190724,7.175035999807733,selected,interpolated,-0.055208333333333394
124,5.8352771299996675,39.95436500008509,7.144573000005039,selected,interpolated,-0.055208333333333394
125,5.883912881000015,40.478043999883084,8.08798600019145,selected,interpolated,-0.05625
126,5.933376898999995,40.86292700003469,8.524387999841565,selected,interpolated,-0.05625
127,5.9780351659996995,36.50796600004469,8.074857000337943,selected,interpolated,-0.05625
128,6.025264601999879,38.9581750000616,8.195336999961,selected,interpolated,-0.05625
129,6.072247005000008,38.861028000155784,8.046709000154806,selected,interpolated,-0.05625
130,6.119305055000041,38.92871199968795,8.052320000388136,selected,interpolated,-0.05625
131,6.166650841999854,39.04309900008229,8.229373999711243,selected,interpolated,-0.05833333333333339
132,6.212122949999866,38.266238999767666,7.128721000299265,selected,interpolated,-0.05833333333333339
133,6.259210646999691,39.8821990002034,7.135962000120344,selected,interpolated,-0.05625
134,6.30669257999989,13.89352099977259,7.232386999930895,selected,interpolated,-0.05625
135,6.353513410999767,39.60046199972567,7.1507400002701615,selected,interpolated,-0.055208333333333394
136,6.3991584800000965,39.17520799996055,6.398953999905643,selected,interpolated,-0.055208333333333394
137,6.446365564999724,40.75835499997993,6.381674999829556,selected,interpolated,-0.055208333333333394
138,6.499487478999981,44.781838999824686,8.273873000234744,selected,interpolated,-0.05729166666666661
139,6.545668745000057,38.047687000016595,8.057339000060892,selected,interpolated,-0.055208333333333394
140,6.590870447999805,37.04977400002463,8.073449000221444,selected,interpolated,-0.05625
141,6.638025053000092,38.946063999901526,8.133301000270876,selected,interpolated,-0.05625
142,6.684809309999764,38.678473999880225,8.03209900004731,selected,interpolated,-0.05625
143,6.730866316999709,38.7897140003588,7.199164999747154,selected,interpolated,-0.055208333333333394
144,6.777597964000051,39.53233399988676,7.129980000172509,selected,interpolated,-0.05625
145,6.824672143000043,39.93317999993451,7.072889000028226,selected,interpolated,-0.05729166666666661
146,6.872182169000098,39.92614299977504,7.513402000313363,selected,interpolated,-0.055208333333333394
147,6.92045905499981,40.09001199983686,8.11463400032153,selected,interpolated,-0.055208333333333394
148,6.967717193999761,38.962840999829496,8.219022000048426,selected,interpolated,-0.055208333333333394
149,7.014556913999968,39.59409200024311,7.169183999849338,selected,interpolated,-0.055208333333333394
150,7.060060927999984,38.30625799992049,7.1242030003304535,selected,interpolated,-0.055208333333333394
151,7.108607921999919,40.37526699994487,8.101893999992171,selected,interpolated,-0.055208333333333394
152,7.157924330999776,41.157812000164995,8.082672000000457,selected,interpolated,-0.055208333333333394
153,7.203505289000077,36.95840499995029,8.547147000172117,selected,interpolated,-0.055208333333333394
154,7.248741806999988,37.77117099980387,7.39544099997147,selected,interpolated,-0.055208333333333394
155,7.296149705000062,39.84021899987056,7.499456999994436,selected,interpolated,-0.055208333333333394
156,7.343614489999709,13.712117000068247,7.663751000109187,selected,interpolated,-0.055208333333333394
157,7.3900919549996615,39.215968000007706,7.1910350002326595,selected,interpolated,-0.055208333333333394
158,7.436029629999666,39.44505700019363,6.421878999844921,selected,interpolated,-0.055208333333333394
159,7.483242363000045,40.59152299987545,6.552821999775915,selected,interpolated,-0.05729166666666661
160,7.53452469099966,42.6804409999022,8.536795000054553,selected,interpolated,-0.055208333333333394
161,7.580023131999951,37.32886200032226,8.092671999747836,selected,interpolated,-0.055208333333333394
162,7.6262453969998205,38.98609999987457,7.159850999869377,selected,interpolated,-0.055208333333333394
163,7.672702009999739,39.337910000085685,7.04887099982443,selected,interpolated,-0.055208333333333394
164,7.719832614000097,39.878884999779984,7.181702000252699,selected,interpolated,-0.055208333333333394
165,7.7688833229999545,41.747138000118866,7.086610999976983,selected,interpolated,-0.055208333333333394
166,7.813969195000027,37.905429000147706,7.111350999821298,selected,interpolated,-0.055208333333333394
167,7.861437591999675,39.95721699993737,7.440938999934588,selected,interpolated,-0.055208333333333394
168,7.908278144999713,39.58825900008378,7.184108999808814,selected,interpolated,-0.055208333333333394
169,7.956888414999867,40.451525999742444,8.088190000307804,selected,interpolated,-0.055208333333333394
170,8.00403887099992,39.02739599971028,8.047190000070259,selected,interpolated,-0.055208333333333394
171,8.0511006429997,38.908286999685515,8.076153000274644,selected,interpolated,-0.05729166666666661
172,8.09819145199981,38.918767999803094,8.096060000298166,selected,interpolated,-0.055208333333333394
173,8.144739341999866,39.33020700014822,7.139683999866975,selected,interpolated,-0.05625
174,8.191731374000028,39.424372000212315,7.4954759998036025,selected,interpolated,-0.055208333333333394
175,8.238569223000013,39.572611000039615,7.1945909999158175,selected,interpolated,-0.055208333333333394
176,8.28432788200007,39.264281000214396,6.420694000098592,selected,interpolated,-0.05625
177,8.33108117699976,40.239732000372896,6.447600999763381,selected,interpolated,-0.055208333333333394
178,8.382023398000001,18.157743999836384,7.304848999865499,selected,interpolated,-0.05625
179,8.426670257999831,37.37289900027463,7.203998000022693,selected,interpolated,-0.055208333333333394
180,8.472581692999938,39.452186999824335,6.38913800003138,selected,interpolated,-0.055208333333333394
181,8.519900665000023,40.5431160002081,6.7079679997732455,selected,interpolated,-0.055208333333333394
182,8.570579871000064,42.45442499995988,8.159429999977874,selected,interpolated,-0.055208333333333394
183,8.616518454000015,37.682784000026004,8.180114999959187,selected,interpolated,-0.055208333333333394
184,8.662674534999951,38.863638999828254,7.215220000034606,selected,interpolated,-0.055208333333333394
185,8.709750324999732,39.833736999753455,7.169480000356998,selected,interpolated,-0.05625
186,8.756346658999973,39.38039199965715,7.146610000290821,selected,interpolated,-0.05625
187,8.803636668999843,40.040419999968435,7.180498999787233,selected,interpolated,-0.055208333333333394
188,8.850705458999983,39.78277499982141,7.215665000330773,selected,interpolated,-0.05625
189,8.899279858999762,40.39450699974623,8.110264000151801,selected,interpolated,-0.055208333333333394
190,8.94635168700006,38.87765799981935,8.115967000321689,selected,interpolated,-0.055208333333333394
191,8.995425024999804,41.81178499993621,7.184499000231881,selected,interpolated,-0.055208333333333394
192,9.0393842819999,36.37676400012424,7.513124000070093,selected,interpolated,-0.05625
193,9.086143299000014,39.5312229998126,7.1582020000278135,selected,interpolated,-0.055208333333333394
194,9.133704916999704,39.99977199964633,7.489791000352852,selected,interpolated,-0.05625
195,9.180358212000101,39.47101899984773,7.112740000138729,selected,interpolated,-0.05625
196,9.22770009199985,40.03745699992578,7.235478999973566,selected,interpolated,-0.055208333333333394
197,9.275010989999828,40.081400999952166,7.158387999879778,selected,interpolated,-0.055208333333333394
198,9.321750803999748,39.42281699983141,7.246608000059496,selected,interpolated,-0.05625
199,9.369184755999868,39.87451399962083,7.488773000204674,selected,interpolated,-0.05625
200,9.415199670999755,13.571265999871684,6.45513800009212,selected,interpolated,-0.055208333333333394
201,9.462280239999927,40.16523200016309,6.849095999768906,selected,interpolated,-0.05729166666666661
202,9.510777399999824,41.199219999725756,7.2295160002795456,selected,interpolated,-0.05625
203,9.557548805999886,39.562314999784576,7.13990600024772,selected,interpolated,-0.055208333333333394
204,9.60881917100005,43.08439799979169,8.115690000067843,selected,interpolated,-0.055208333333333394
205,9.653323384000032,36.292246999892086,8.13230099993234,selected,interpolated,-0.055208333333333394
206,9.700333304999731,38.69601099995634,8.236614999987069,selected,interpolated,-0.055208333333333394
207,9.746053204999953,38.473921999866434,7.173962000251777,selected,interpolated,-0.055208333333333394
208,9.793576693999967,39.90116199975091,7.552160000159347,selected,interpolated,-0.055208333333333394
209,9.840667595000014,39.497038000263274,7.5222169998596655,selected,interpolated,-0.055208333333333394
210,9.887594257999808,39.374761000090075,7.480494999981602,selected,interpolated,-0.05833333333333339
211,9.934420624999802,39.574721999997564,7.179516999713087,selected,interpolated,-0.05625
212,9.981502694000028,39.8345519997747,7.178610000210028,selected,interpolated,-0.055208333333333394
213,10.031126820999816,41.45028999982969,8.10244900003454,selected,interpolated,-0.055208333333333394
214,10.077062477999789,37.767060000078345,8.09228299976894,selected,interpolated,-0.055208333333333394
215,10.123159226000098,38.81471300019257,7.20581299992773,selected,interpolated,-0.055208333333333394
216,10.16989733499986,39.51105699979962,7.158017000165273,selected,interpolated,-0.055208333333333394
217,10.217429008999716,40.31767599963132,7.141832000343129,selected,interpolated,-0.055208333333333394
218,10.264167506999911,39.457298000343144,7.209108999632008,selected,interpolated,-0.05625
219,10.3113077779999,39.94219800006249,7.129628999791748,selected,interpolated,-0.055208333333333394
220,10.35980740199966,40.32387900042522,8.104597999590624,selected,interpolated,-0.055208333333333394
221,10.407435740999972,39.032062999922346,8.520128999862209,selected,interpolated,-0.05625
222,10.451658680000037,10.0066089999018,6.449842000165518,selected,interpolated,-0.055208333333333394
223,10.498505473000023,40.36352599996462,6.416527000055794,selected,interpolated,-0.05625
224,10.547856103999948,42.13483700004872,7.151553999847238,selected,interpolated,-0.055208333333333394
225,10.59431251399974,38.8684539998394,7.517604999975447,selected,interpolated,-0.055208333333333394
226,10.641054568000072,39.53557400018326,7.134924999718351,selected,interpolated,-0.05625
227,10.689367581999704,40.42750700000397,7.816009000180202,selected,interpolated,-0.055208333333333394
228,10.735607790999893,38.92267500032176,7.246441999996023,selected,interpolated,-0.055208333333333394
229,10.782824154000082,39.640462000079424,7.5034199999208795,selected,interpolated,-0.055208333333333394
230,10.831662050999967,41.59691799986831,7.167906000177027,selected,interpolated,-0.055208333333333394
231,10.876874088000022,37.67946900006791,7.461698000042816,selected,interpolated,-0.055208333333333394
232,10.92400263699983,39.55940800005919,7.498511999983748,selected,interpolated,-0.05729166666666661
233,10.970894058999875,39.654646999679244,7.167091000155779,selected,interpolated,-0.055208333333333394
234,11.018270326999755,39.7937739999179,7.507476000228053,selected,interpolated,-0.055208333333333394
235,11.064986418999979,39.56903700009207,7.0754260000285285,selected,interpolated,-0.055208333333333394
236,11.112219150999863,39.9986419997731,7.162536000123509,selected,interpolated,-0.055208333333333394
237,11.16194203699979,41.52386299983846,8.128189999752067,selected,interpolated,-0.055208333333333394
238,11.208044987999983,37.85333699988769,8.170874999905209,selected,interpolated,-0.055208333333333394
239,11.254158791000009,38.83652800004711,7.198349999725906,selected,interpolated,-0.05625
240,11.301024768999923,39.329021999947145,7.467791000181023,selected,interpolated,-0.05833333333333339
241,11.34802902399997,39.37515000006897,7.552382999620022,selected,interpolated,-0.055208333333333394
242,11.394969833999767,39.72990600004778,7.140054000046803,selected,interpolated,-0.05625
243,11.442472303999693,40.30006400034836,7.133461999728752,selected,interpolated,-0.055208333333333394
244,11.489278043000013,13.221864000115602,7.215553999685653,selected,interpolated,-0.05625
245,11.536295314999734,39.79538599969601,7.1532950000801065,selected,interpolated,-0.05625
246,11.581529130000035,38.92526799972984,6.08542000009038,selected,interpolated,-0.055208333333333394
247,11.627991613999711,40.60220799965464,5.798813000183145,selected,interpolated,-0.055208333333333394
248,11.680318538999927,44.0976260001662,8.166614999936428,selected,interpolated,-0.05833333333333339
249,11.726653060999979,37.728301999777614,8.529684000222915,selected,interpolated,-0.055208333333333394
250,11.772377479999705,38.34188700011509,7.302866999907565,selected,interpolated,-0.05729166666666661
251,11.819352939000055,39.38437299984798,7.519549000335246,selected,interpolated,-0.055208333333333394
252,11.866211953999937,39.53929599992989,7.2482390000914165,selected,interpolated,-0.05625
253,11.913095673000043,39.69059099972583,7.124184000076639,selected,interpolated,-0.055208333333333394
254,11.960017353999774,39.65909199996531,7.151924000027066,selected,interpolated,-0.055208333333333394
255,12.008948954000061,40.70735599998443,8.151856000040425,selected,interpolated,-0.055208333333333394
256,12.056742345999737,39.59083300014754,8.124671000132366,selected,interpolated,-0.055208333333333394
257,12.103354438999759,39.01930300025924,7.51558699994348,selected,interpolated,-0.055208333333333394
258,12.14875850999988,38.17859199989471,7.153850000122475,selected,interpolated,-0.055208333333333394
259,12.195943687999716,39.95504999966215,7.158110000091256,selected,interpolated,-0.055208333333333394
260,12.242902183999831,39.72192299988819,7.165406000240182,selected,interpolated,-0.05625
261,12.290219508000064,40.04140200004258,7.205757000065205,selected,interpolated,-0.055208333333333394
262,12.337097874999927,39.699497999663436,7.107481000275584,selected,interpolated,-0.05625
263,12.384203109999817,39.88777399990795,7.111443000212603,selected,interpolated,-0.05625
264,12.433225114999914,40.43484100020578,8.516499000052136,selected,interpolated,-0.05625
265,12.480440995999743,38.63401199987493,8.505239999976766,selected,interpolated,-0.05625
266,12.523464468999919,8.131134000450402,5.83925699993415,selected,interpolated,-0.055208333333333394
267,12.570493057000022,41.148609000174474,5.818461000217212,selected,interpolated,-0.05625
268,12.62134546399966,43.56363299984878,7.227553000120679,selected,interpolated,-0.055208333333333394
269,12.667596561999744,39.0222110004288,7.155517999763106,selected,interpolated,-0.055208333333333394
270,12.714172024999698,39.319946999967215,7.178072999977303,selected,interpolated,-0.05625
271,12.761566903999665,39.81671899964567,7.507030999931885,selected,interpolated,-0.05625
272,12.808256792000066,39.491351999913604,7.127591999960714,selected,interpolated,-0.055208333333333394
273,12.855750632999843,39.93953200006217,7.481883999844285,selected,interpolated,-0.055208333333333394
274,12.902663536000091,39.66742499960674,7.173258000420901,selected,interpolated,-0.05625
275,12.95117115999983,40.36769300000742,8.070134999798029,selected,interpolated,-0.05625
276,12.998221246999947,38.854565000292496,8.119837999856827,selected,interpolated,-0.055208333333333394
277,13.045238259999678,39.78962600012892,7.149720999677811,selected,interpolated,-0.055208333333333394
278,13.0911243810001,38.598197999817785,7.214886999918235,selected,interpolated,-0.05625
279,13.138183893999667,39.85544099987237,7.135720999940531,selected,interpolated,-0.055208333333333394
280,13.185663957000088,39.94453199993586,7.4629209998420265,selected,interpolated,-0.05625
281,13.23273559900008,39.5468520000577,7.454125000094791,selected,interpolated,-0.05625
282,13.28053650999982,40.59833900009835,7.133368999802769,selected,interpolated,-0.05833333333333339
283,13.326796514999842,38.96278499996697,7.22560899976088,selected,interpolated,-0.055208333333333394
284,13.375458729000002,40.463895999891974,8.127634000175021,selected,interpolated,-0.05625
285,13.42238702099985,38.7604000002284,8.09142999969481,selected,interpolated,-0.055208333333333394
286,13.469396590000088,39.76605300022129,7.1638499998698535,selected,interpolated,-0.055208333333333394
287,13.51523413699988,38.62841899990599,7.136887999877217,selected,interpolated,-0.055208333333333394
288,13.561793137999757,14.082148999932542,6.2482700000146,selected,interpolated,-0.055208333333333394
289,13.607434872999875,39.499982000052114,6.078161000004911,selected,interpolated,-0.055208333333333394
290,13.654369442999723,40.793817000121635,6.0779390000789135,selected,interpolated,-0.055208333333333394
291,13.703921441999682,41.98250500030554,7.505679999667336,selected,interpolated,-0.05729166666666661
292,13.751016269000047,39.51120500005345,7.51258600030269,selected,interpolated,-0.055208333333333394
293,13.799547559000075,40.351860000100714,8.10868999997183,selected,interpolated,-0.055208333333333394
294,13.846073374999833,38.357794000148715,8.088375000170345,selected,interpolated,-0.055208333333333394
295,13.892765744999906,39.158080000106565,7.4571430000105465,selected,interpolated,-0.05625
296,13.939069322999785,39.08517300033054,7.149091999963275,selected,interpolated,-0.055208333333333394
297,13.988940854999782,41.664843000035034,8.136523000302986,selected,interpolated,-0.05625
298,14.035419911999725,38.244147000114026,8.156318999681389,selected,interpolated,-0.055208333333333394
299,14.081438586999866,38.42758899963883,7.513142000334483,selected,interpolated,-0.055208333333333394
300,14.127809070999774,39.13680200003,7.161054000334843,selected,interpolated,-0.05625
301,14.17487008399985,39.7454789999756,7.2477009998692665,selected,interpolated,-0.055208333333333394
302,14.22189607900009,39.78675600001225,7.167331999880844,selected,interpolated,-0.055208333333333394
303,14.268942017999962,39.86734800037084,7.1078510000006645,selected,interpolated,-0.05625
304,14.316416450999895,39.90451399977246,7.49829000005775,selected,interpolated,-0.055208333333333394
305,14.363556073999916,39.89571800002523,7.172423999691091,selected,interpolated,-0.055208333333333394
306,14.412935907999781,41.202736999821354,8.104875999833894,selected,interpolated,-0.055208333333333394
307,14.458893713999714,37.749356999938755,8.12985699985802,selected,interpolated,-0.055208333333333394
308,14.506136076000075,39.83294099998602,7.330404000185808,selected,interpolated,-0.055208333333333394
309,14.552085881000039,38.34759000028498,7.528271999944991,selected,interpolated,-0.055208333333333394
310,14.59947498199972,13.48237899992455,7.722250999904645,selected,interpolated,-0.05625
311,14.643703051000102,38.34142400000928,5.825979000292136,selected,interpolated,-0.055208333333333394
312,14.690718137999738,41.102109999883396,5.84988600030556,selected,interpolated,-0.05625
313,14.741728228999818,42.78843900010543,8.158949000062421,selected,interpolated,-0.05833333333333339
314,14.788702186999672,38.760732999890024,8.135133999985555,selected,interpolated,-0.05625
315,14.83567723799979,39.71483099985562,7.1832210001048225,selected,interpolated,-0.055208333333333394
316,14.881850577000023,38.59975400018811,7.501864000005298,selected,interpolated,-0.05729166666666661
317,14.92891833099975,39.88003300037235,7.116035999843007,selected,interpolated,-0.05833333333333339
318,14.976194841000051,39.64907299996412,7.5564010003290605,selected,interpolated,-0.055208333333333394
319,15.022978486999818,39.45379800006776,7.256848999986687,selected,interpolated,-0.055208333333333394
320,15.069983518999834,39.74749700000757,7.184517000041524,selected,interpolated,-0.055208333333333394
321,15.118922784999995,41.37232800030688,7.494363999740017,selected,interpolated,-0.055208333333333394
322,15.164413003999925,37.916076999863435,7.498068000131752,selected,interpolated,-0.055208333333333394
323,15.211177890999807,39.5601479999641,7.133998999961477,selected,interpolated,-0.055208333333333394
324,15.260158451999814,40.414341000087006,8.495555000081367,selected,interpolated,-0.055208333333333394
325,15.306816025999979,38.439756000116176,8.139856000070722,selected,interpolated,-0.055208333333333394
326,15.35362731999976,39.22294900030465,7.509456999741815,selected,interpolated,-0.055208333333333394
327,15.399782584999684,38.76986199975363,7.164017000377498,selected,interpolated,-0.055208333333333394
328,15.447041002999867,39.96840199988583,7.217609000235825,selected,interpolated,-0.05625
329,15.494204069999796,39.94903200009503,7.142036000004737,selected,interpolated,-0.055208333333333394
330,15.541071178000038,39.69809099999111,7.097462999809068,selected,interpolated,-0.05625
331,15.588145412999893,39.8339040002611,7.171627999923658,selected,interpolated,-0.055208333333333394
332,15.635353404999933,13.694116999886319,7.206128000234457,selected,interpolated,-0.055208333333333394
333,15.680123373999777,38.916581999728805,5.782128000191733,selected,interpolated,-0.055208333333333394
334,15.728702662999694,42.739533000258234,5.777849999958562,selected,interpolated,-0.055208333333333394
335,15.778067237999949,41.19453399971462,8.10546799993972,selected,interpolated,-0.055208333333333394
336,15.825122659000044,38.85036100018624,8.127690000037546,selected,interpolated,-0.055208333333333394
337,15.870859114999803,38.45832899969537,7.164924000335304,selected,interpolated,-0.055208333333333394
338,15.918266308000057,40.14704800010804,7.18909099987286,selected,interpolated,-0.055208333333333394
339,15.965191360000063,39.7269420000157,7.125629000256595,selected,interpolated,-0.055208333333333394
340,16.012093929999992,39.64373999997406,7.187016999978368,selected,interpolated,-0.055208333333333394
341,16.059885618999942,40.54189399994357,7.1782400000302005,selected,interpolated,-0.055208333333333394
342,16.10670109800003,39.48213099965869,7.261312000082398,selected,interpolated,-0.05625
343,16.15371181499995,39.71983200017348,7.22034899990831,selected,interpolated,-0.055208333333333394
344,16.201080304999778,39.81403399984629,7.482643000003009,selected,interpolated,-0.055208333333333394
345,16.247856450999734,39.53326000009838,7.137961999887921,selected,interpolated,-0.055208333333333394
346,16.294893000999764,39.784942000096635,7.1788870000091265,selected,interpolated,-0.055208333333333394
347,16.34343890199989,41.36429099980887,7.109907000085514,selected,interpolated,-0.055208333333333394
348,16.39238885299983,40.322453000044334,8.554924999771174,selected,interpolated,-0.055208333333333394
349,16.43775485099968,37.17003199972169,8.11693000014202,selected,interpolated,-0.05625
350,16.484367239999756,39.02608099997451,7.511086999784311,selected,interpolated,-0.05625
351,16.53062342999965,39.02258100015388,7.161981000081141,selected,interpolated,-0.055208333333333394
352,16.57783382999969,39.90423599998394,7.235776000015903,selected,interpolated,-0.05625
353,16.62705303699977,41.982578999977704,7.1656290001556044,selected,interpolated,-0.055208333333333394
354,16.67207409499997,11.679198000365432,7.2253319999617815,selected,interpolated,-0.055208333333333394
355,16.716902137000034,38.95510099982857,5.800275000183319,selected,interpolated,-0.055208333333333394
356,16.76391268799989,41.16666500021893,5.781664999631175,selected,interpolated,-0.055208333333333394
357,16.8150386289999,42.649903999972594,8.412520000092627,selected,interpolated,-0.055208333333333394
358,16.86205836399995,38.67704899994351,8.263150999937352,selected,interpolated,-0.055208333333333394
359,16.908928082999864,38.66404900009002,8.126227000047948,selected,interpolated,-0.055208333333333394
360,16.957219690999864,39.68738699995811,8.525758999894606,selected,interpolated,-0.05729166666666661
361,17.002294136999808,37.85083799994027,7.146202000058111,selected,interpolated,-0.055208333333333394
362,17.048749473000044,39.30424400004995,7.079869999870425,selected,interpolated,-0.055208333333333394
363,17.09622288799983,39.872495999588864,7.527550000304473,selected,interpolated,-0.055208333333333394
364,17.142888534999656,39.500260000295384,7.092628999998851,selected,interpolated,-0.05625
365,17.190591113999744,40.13904800012824,7.493939000141836,selected,interpolated,-0.055208333333333394
366,17.23759638599995,39.45681699997294,7.475419999991573,selected,interpolated,-0.055208333333333394
367,17.284303978000025,39.556555000217486,7.078352000007726,selected,interpolated,-0.05729166666666661
368,17.335304327999893,42.82616099999359,8.10367199983375,selected,interpolated,-0.055208333333333394
369,17.38019910999992,36.783925000236195,8.033173000058014,selected,interpolated,-0.05625
370,17.426945941999747,38.629067999863764,8.039431999804947,selected,interpolated,-0.055208333333333394
371,17.474114582999846,39.03593299992281,8.05339400039884,selected,interpolated,-0.05625
372,17.520337902999927,39.070395000180724,7.075443999838171,selected,interpolated,-0.055208333333333394
373,17.568423753999923,40.98596299991186,7.0282040001075075,selected,interpolated,-0.055208333333333394
374,17.614672425999743,38.485774000037054,7.692547000260674,selected,interpolated,-0.055208333333333394
375,17.661599013999876,39.37844700021742,7.475420999980997,selected,interpolated,-0.05625
376,17.70854152899983,13.27465900021707,7.190016999629734,selected,interpolated,-0.05729166666666661
377,17.753639400999873,38.93445199992129,6.093365000197082,selected,interpolated,-0.05833333333333339
378,17.800550581999687,41.072721000091406,5.776535999757471,selected,interpolated,-0.05625
379,17.85105223499977,42.37966700020479,8.05780099972253,selected,interpolated,-0.055208333333333394
380,17.898644444999718,39.06770999992659,8.446981999895797,selected,interpolated,-0.055208333333333394
381,17.944944744999702,39.173485999981494,7.048723000025348,selected,interpolated,-0.05625
382,17.991109787999903,39.015432999804034,7.081129000198416,selected,interpolated,-0.055208333333333394
383,18.039525950000098,39.92729199990208,8.417593000103807,selected,interpolated,-0.055208333333333394
384,18.086638461999883,39.01141500000449,8.02250600008847,selected,interpolated,-0.055208333333333394
385,18.134082433000003,39.194801000121515,8.172133999778453,selected,interpolated,-0.055208333333333394
386,18.181410330999825,40.1322140000957,7.116128999768989,selected,interpolated,-0.055208333333333394
387,18.226723588999903,38.122166999983165,7.1199990002241975,selected,interpolated,-0.05625
388,18.27535765499988,40.46656199989229,8.096283000213589,selected,interpolated,-0.055208333333333394
389,18.32269094200001,39.20541199977379,8.050357000229269,selected,interpolated,-0.055208333333333394
390,18.369624271999783,38.410997000028146,8.44361100007518,selected,interpolated,-0.055208333333333394
391,18.416506323999783,38.720492999800626,8.081060000222351,selected,interpolated,-0.05625
392,18.462691754999923,38.965563000147085,7.141017999856558,selected,interpolated,-0.055208333333333394
393,18.50927949700008,39.42703899974731,7.08862900000895,selected,interpolated,-0.05833333333333339
394,18.556262770000103,39.84349700021994,7.068277000144008,selected,interpolated,-0.055208333333333394
395,18.603960014999757,40.07325300017328,7.552992999990238,selected,interpolated,-0.055208333333333394
396,18.650678179999886,39.512297000328545,7.133535999855667,selected,interpolated,-0.055208333333333394
397,18.699315894999927,40.49884000005477,8.067208999818831,selected,interpolated,-0.05729166666666661
398,18.74701013999993,3.7172300003476266,8.66986699975314,selected,interpolated,-0.055208333333333394
399,18.7917764609997,38.65160499981357,6.035625000095024,selected,interpolated,-0.055208333333333394
400,18.83679474099972,39.247632999831694,5.709574000320572,selected,interpolated,-0.055208333333333394
401,18.888047124999957,43.17074899972795,8.018395000362943,selected,interpolated,-0.055208333333333394
402,18.93513184099993,38.55310599965378,8.451130000139528,selected,interpolated,-0.05625
403,18.98240864699983,38.72993699997096,8.467980999739666,selected,interpolated,-0.05729166666666661
404,19.02910129499969,38.489625999773125,8.128412000132812,selected,interpolated,-0.055208333333333394
405,19.07553451900003,38.81976899992878,7.501049999973475,selected,interpolated,-0.055208333333333394
406,19.121842097999888,39.113562000238744,7.122535999769752,selected,interpolated,-0.055208333333333394
407,19.168896387999666,39.71092400024645,7.115647999853536,selected,interpolated,-0.055208333333333394
408,19.22058174799986,44.50791700037371,7.10538799967253,selected,interpolated,-0.05729166666666661
409,19.263062895000076,35.30468600001768,7.103739999820391,selected,interpolated,-0.055208333333333394
410,19.312026567999965,40.448988000207464,8.443629999874247,selected,interpolated,-0.05625
411,19.35870421499976,38.57875399990007,8.022060999792302,selected,interpolated,-0.05625
412,19.407443003000026,40.62011599990001,8.045839000260457,selected,interpolated,-0.05625
413,19.453343974999825,37.79326399990168,8.03371000029074,selected,interpolated,-0.05625
414,19.500215213000047,39.21806000016659,7.577252999908524,selected,interpolated,-0.055208333333333394
415,19.546092703999875,38.61591999975644,7.188757000221813,selected,interpolated,-0.055208333333333394
416,19.593330917999992,39.969365000160906,7.196609999937209,selected,interpolated,-0.055208333333333394
417,19.639083521999964,39.20822700001736,6.470489000093949,selected,interpolated,-0.05625
418,19.686416623999776,40.772316999664326,6.494137000117917,selected,interpolated,-0.055208333333333394
419,19.73484321099977,41.15329400019618,7.2050170001602964,selected,interpolated,-0.055208333333333394
420,19.78169378299981,12.854610000431421,7.212163999611221,selected,interpolated,-0.05625
421,19.826442528999905,38.84443500010093,5.834608999975899,selected,interpolated,-0.055208333333333394
422,19.87373370599971,41.116368000075454,6.1117169998397,selected,interpolated,-0.05625
423,19.925197234999814,43.26582200019402,8.133985999847937,selected,interpolated,-0.055208333333333394
424,19.97127059400009,37.90376300003118,8.09137499982171,selected,interpolated,-0.055208333333333394
425,20.019816975999674,41.3490319997436,7.119888000033825,selected,interpolated,-0.055208333333333394
426,20.06415345100004,37.115606000043044,7.1502020000480115,selected,interpolated,-0.055208333333333394
427,20.111584773999766,39.88319900008719,7.474161000118329,selected,interpolated,-0.05729166666666661
428,20.158510195999952,39.64179500007958,7.214238999949885,selected,interpolated,-0.055208333333333394
429,20.205639595999855,39.7923859995899,7.265998000093532,selected,interpolated,-0.055208333333333394
430,20.25298003099988,39.80864400000428,7.4611430000004475,selected,interpolated,-0.055208333333333394
431,20.299772806999954,39.259355000012874,7.461088000127347,selected,interpolated,-0.055208333333333394
432,20.349375711999983,41.493159999845375,8.039375999942422,selected,interpolated,-0.055208333333333394
433,20.395140946000083,37.666988000182755,8.021616999940306,selected,interpolated,-0.055208333333333394
434,20.442629398000008,39.383297999847855,8.027358000163076,selected,interpolated,-0.055208333333333394
435,20.490030758000103,38.859156999933475,8.463333999770839,selected,interpolated,-0.05729166666666661
436,20.5366180179999,38.568662000216136,7.941635999941354,selected,interpolated,-0.055208333333333394
437,20.582493489999706,38.66945600020699,7.1343879999403725,selected,interpolated,-0.05833333333333339
438,20.630629970999962,40.84327900000062,7.222293999802787,selected,interpolated,-0.055208333333333394
439,20.67740413499996,39.148708999618975,7.551716000307351,selected,interpolated,-0.05625
440,20.723608992999743,38.95741499991345,7.175739000103931,selected,interpolated,-0.055208333333333394
441,20.770904242999677,40.04878899968389,7.175405999987561,selected,interpolated,-0.055208333333333394
442,20.818137234999995,13.341103000129806,7.199258000127884,selected,interpolated,-0.055208333333333394
443,20.862768408999727,38.75010299998394,5.808608999814169,selected,interpolated,-0.05625
444,20.909792403999745,41.17312699963804,5.78986900018208,selected,interpolated,-0.055208333333333394
445,20.96204253399992,44.116774000031,8.070412000051874,selected,interpolated,-0.055208333333333394
446,21.00839368600009,37.65509899994868,8.619201000328758,selected,interpolated,-0.055208333333333394
447,21.054186770999877,38.55762400007734,7.157240000196907,selected,interpolated,-0.055208333333333394
448,21.100803364000058,39.39485399996556,7.150851000005787,selected,interpolated,-0.055208333333333394
449,21.148285537999982,40.19134400004987,7.218534999992698,selected,interpolated,-0.055208333333333394
450,21.19487055699983,39.39294700012397,7.12055500025599,selected,interpolated,-0.055208333333333394
451,21.242394063999654,39.975419999791484,7.478216999970755,selected,interpolated,-0.05625
452,21.289107692000016,39.55883400021776,7.083258999955433,selected,interpolated,-0.055208333333333394
453,21.336228499999834,39.88086600020324,7.132591999834403,selected,interpolated,-0.05625
454,21.384776122999938,40.43039599991971,8.04874599998584,selected,interpolated,-0.055208333333333394
455,21.432308852000006,38.98169300009613,8.474128999750974,selected,interpolated,-0.055208333333333394
456,21.479135200999735,38.64073400018242,8.107282999844756,selected,interpolated,-0.055208333333333394
457,21.526151621999816,38.83904699978302,8.098968000012974,selected,interpolated,-0.055208333333333394
458,21.572627456999726,39.22146800005066,7.175905999702081,selected,interpolated,-0.055208333333333394
459,21.619438529000035,39.61307399958969,7.124962000034429,selected,interpolated,-0.055208333333333394
460,21.66652874500005,39.47468600017601,7.543530999555514,selected,interpolated,-0.055208333333333394
461,21.713607869000043,39.884680999875854,7.121998999991774,selected,interpolated,-0.055208333333333394
462,21.76034042299989,39.61320300004445,7.046722000268346,selected,interpolated,-0.055208333333333394
463,21.80880123199995,40.33332300014081,8.056727999701252,selected,interpolated,-0.055208333333333394
464,21.855922521999673,9.009677999983978,8.147763000124542,selected,interpolated,-0.055208333333333394
465,21.89936845300008,37.60791500008054,5.7598869998400914,selected,interpolated,-0.055208333333333394
466,21.94645014999969,41.20818199999121,5.8105160001105105,selected,interpolated,-0.055208333333333394
467,21.99883283400004,44.20782799979861,8.113374999993539,selected,interpolated,-0.055208333333333394
468,22.044598160000078,37.48623100000259,8.201522000035766,selected,interpolated,-0.055208333333333394
469,22.091752115999952,38.79236199963998,8.283836000373412,selected,interpolated,-0.055208333333333394
470,22.137774605999766,38.48240299976169,7.469531999959145,selected,interpolated,-0.055208333333333394
471,22.184127738999905,39.14298700010477,7.137442999919585,selected,interpolated,-0.05729166666666661
472,22.231738095999845,40.0837520001005,7.455977000063285,selected,interpolated,-0.055208333333333394
473,22.278920810999807,39.96084700020219,7.149183999899833,selected,interpolated,-0.055208333333333394
474,22.32721473399988,40.16341799979273,8.05933899982847,selected,interpolated,-0.055208333333333394
475,22.374319987000035,38.93971199977386,8.08954200010703,selected,interpolated,-0.055208333333333394
476,22.421432961999926,38.957507999839436,8.078264000232593,selected,interpolated,-0.05729166666666661
477,22.46855741799982,38.93986000002769,8.107374999781314,selected,interpolated,-0.055208333333333394
478,22.51478992400007,38.90434200002346,7.249664000028133,selected,interpolated,-0.055208333333333394
479,22.561247888999787,39.27646600004664,7.10877800020171,selected,interpolated,-0.055208333333333394
480,22.608403844999884,40.02414199976556,7.060277000164206,selected,interpolated,-0.055208333333333394
481,22.655426635999902,39.85340400004134,7.097888000316743,selected,interpolated,-0.055208333333333394
482,22.70331469299981,40.222750999873824,7.594807000259607,selected,interpolated,-0.055208333333333394
483,22.750120949999655,39.24244900008489,7.485179000013886,selected,interpolated,-0.055208333333333394
484,22.796924448000027,39.63553600033265,7.096407000062754,selected,interpolated,-0.05625
485,22.844223809999676,40.06736299970726,7.161646999975346,selected,interpolated,-0.055208333333333394
486,22.89129026699993,13.370770000165066,7.188553999640135,selected,interpolated,-0.055208333333333394
487,22.935935644999972,38.62599300009606,5.799886999739101,selected,interpolated,-0.055208333333333394
488,22.983123767000052,41.33436599977358,5.791406000298593,selected,interpolated,-0.055208333333333394
489,23.034861180999997,43.58365100006267,8.090968000033172,selected,interpolated,-0.055208333333333394
490,23.080978280999716,37.89368900015688,8.146021999891673,selected,interpolated,-0.05625
491,23.12747119000005,38.89941599982194,7.518105000144715,selected,interpolated,-0.055208333333333394
492,23.174130541000068,39.09720899991953,7.491716999993514,selected,interpolated,-0.055208333333333394
493,23.220869372999914,39.55272299981516,7.113092000054166,selected,interpolated,-0.05625
494,23.267949922999833,39.85731099965051,7.154665000143723,selected,interpolated,-0.055208333333333394
495,23.315440429999853,39.93947700018907,7.4775499997485895,selected,interpolated,-0.055208333333333394
496,23.36494355900004,41.32736599967757,8.102208000309474,selected,interpolated,-0.055208333333333394
497,23.41125487799991,38.10657499980152,8.125838000069052,selected,interpolated,-0.055208333333333394
498,23.45750125299992,38.611382999988564,7.557123999959003,selected,interpolated,-0.055208333333333394
499,23.504077197999777,38.95124800010308,7.551179000074626,selected,interpolated,-0.055208333333333394
500,23.55066014299973,39.3790389998685,7.134073000088392,selected,interpolated,-0.055208333333333394
501,23.597832820999884,39.9535320002542,7.147665000047709,selected,interpolated,-0.055208333333333394
502,23.6452736440001,39.89695900008883,7.472402000075817,selected,interpolated,-0.05625
503,23.69197842099993,39.46298199980447,7.170351000240771,selected,interpolated,-0.055208333333333394
504,23.739191319999918,40.035696999893844,7.104850999894552,selected,interpolated,-0.055208333333333394
505,23.787697683999795,40.37137800014534,8.064561000082904,selected,interpolated,-0.055208333333333394
506,23.834815660000004,38.97228599998925,8.068060999903537,selected,interpolated,-0.05729166666666661
507,23.881995688999723,39.05230300006224,8.0513200000496,selected,interpolated,-0.055208333333333394
508,23.92946628899972,8.91886399995201,8.246837000115192,selected,interpolated,-0.055208333333333394
509,23.974274221000087,38.932009000291146,5.7950349996644945,selected,interpolated,-0.055208333333333394
510,24.019613736999872,39.49739000017871,5.7793320002019755,selected,interpolated,-0.055208333333333394
511,24.0666503059997,41.151479999825824,5.822016000365693,selected,interpolated,-0.05729166666666661
512,24.116095935999965,42.1993919999295,7.184367999798269,selected,interpolated,-0.05625
513,24.16332331700005,40.03210500013665,7.126480999886553,selected,interpolated,-0.055208333333333394
514,24.211777682000047,40.310100999704446,8.0721900003482,selected,interpolated,-0.055208333333333394
515,24.25880456499999,38.893045999884635,8.055524000155856,selected,interpolated,-0.055208333333333394
516,24.306125315999907,39.17496800022491,8.068394000019907,selected,interpolated,-0.055208333333333394
517,24.35312406999992,38.834379999570956,8.085024000138219,selected,interpolated,-0.055208333333333394
518,24.400291432999893,38.94491599976391,8.112170999993396,selected,interpolated,-0.05625
519,24.44733553900005,38.883268000063254,8.084708999831491,selected,interpolated,-0.055208333333333394
520,24.4951337829998,39.04246999991301,8.676720000039495,selected,interpolated,-0.05833333333333339
521,24.54029889399999,37.90018900008363,7.187794999936159,selected,interpolated,-0.055208333333333394
522,24.587666606999846,39.807330000257934,7.484901999760041,selected,interpolated,-0.05729166666666661
523,24.634407438999915,39.50574100008453,7.164276999901631,selected,interpolated,-0.055208333333333394
524,24.68144230400003,39.81203400007871,7.150499000090349,selected,interpolated,-0.055208333333333394
525,24.728570278999996,39.93394000008266,7.1211289996426785,selected,interpolated,-0.05729166666666661
526,24.77568062399996,39.86255100016933,7.174629000019195,selected,interpolated,-0.055208333333333394
527,24.823208519999753,40.265452999847184,7.18844299990451,selected,interpolated,-0.055208333333333394
528,24.87039219799999,39.86351499997909,7.248701000207802,selected,interpolated,-0.05833333333333339
529,24.91744543300001,39.79268200009756,7.1892770001795725,selected,interpolated,-0.05729166666666661
530,24.964560555999924,13.176770999962173,7.21199899999192,selected,interpolated,-0.05625
531,25.011270128999968,39.36368799986667,7.275644999936048,selected,interpolated,-0.055208333333333394
532,25.052884231999997,37.40954699969734,4.147909000039363,selected,interpolated,-0.055208333333333394
533,25.10001935499986,43.08145400000285,4.005392000181018,selected,interpolated,-0.055208333333333394
534,25.146916221000083,42.897771000298235,3.9505770000687335,selected,interpolated,-0.055208333333333394
535,25.194025140999656,43.103434999920864,3.957967000133067,selected,interpolated,-0.05833333333333339
536,25.241093505999743,43.12193499981731,3.8997639999251987,selected,interpolated,-0.055208333333333394
537,25.288209646999803,43.123360999743454,3.945707000184484,selected,interpolated,-0.055208333333333394
538,25.335471564999807,43.23356300028536,3.9810220000617846,selected,interpolated,-0.055208333333333394
539,25.38251600400008,43.05028799990396,3.944818000036321,selected,interpolated,-0.05625
540,25.429591997999978,43.08365799988678,3.9463369998884446,selected,interpolated,-0.055208333333333394
541,25.476684492000004,43.09815799979333,3.945558999930654,selected,interpolated,-0.055208333333333394
542,25.523882946999947,43.18063800019445,3.9698000000498723,selected,interpolated,-0.055208333333333394
543,25.571020940999915,43.13934199990399,3.949837000163825,selected,interpolated,-0.055208333333333394
544,25.618108711999867,43.08536100006677,3.95572599973093,selected,interpolated,-0.055208333333333394
545,25.665612033999878,43.30183999991277,4.153261000283237,selected,interpolated,-0.055208333333333394
546,25.712270348999937,42.6783850002721,3.931558999738627,selected,interpolated,-0.05625
547,25.75948148899988,43.20343400013371,3.961132999847905,selected,interpolated,-0.055208333333333394
548,25.80657163099977,43.06945400003315,3.9736149997224857,selected,interpolated,-0.055208333333333394
549,25.85376055000006,43.18182199995135,3.9600040004188486,selected,interpolated,-0.05625
550,25.9007622109998,42.84579099976327,4.108056999939436,selected,interpolated,-0.055208333333333394
551,25.94788379800002,43.1163979997109,3.9573930002916313,selected,interpolated,-0.055208333333333394
552,25.995142862999728,28.641531999710423,4.003651000402897,selected,interpolated,-0.055208333333333394
553,26.04236607799976,43.034935999912705,4.140445999837539,selected,interpolated,-0.05625
554,26.089553643999807,42.98965899988616,4.149538000092434,selected,interpolated,-0.055208333333333394
555,26.1381066189997,44.48091699987344,4.023576999770739,selected,interpolated,-0.05729166666666661
556,26.183645614999932,41.506177999963256,3.986040000199864,selected,interpolated,-0.05729166666666661
557,26.23103064199995,43.15595199977906,4.18172300032893,selected,interpolated,-0.055208333333333394
558,26.278051136999693,42.95138199995563,4.021317000024283,selected,interpolated,-0.05729166666666661
559,26.324956021999697,42.90921600022557,3.9478740000049584,selected,interpolated,-0.05625
560,26.37216842199996,43.18993300012153,3.9744109999446664,selected,interpolated,-0.055208333333333394
561,26.419209787,43.01119599995218,3.9817620004214405,selected,interpolated,-0.05625
562,26.466441463999672,43.205359000239696,3.9793000000827305,selected,interpolated,-0.055208333333333394
563,26.513595623999663,42.935122000017145,4.166594000253099,selected,interpolated,-0.05729166666666661
564,26.560440194999956,42.64712599979248,4.148057000293193,selected,interpolated,-0.055208333333333394
565,26.60744841199994,42.987398999684956,3.97285600001851,selected,interpolated,-0.05625
566,26.65487664200009,43.21369300032529,4.167537999819615,selected,interpolated,-0.055208333333333394
567,26.70175058299992,42.7331249998133,3.977615000167134,selected,interpolated,-0.055208333333333394
568,26.74880007799993,43.01419500006887,3.986596000231657,selected,interpolated,-0.05729166666666661
569,26.796178476000023,43.15432299972599,4.176000999905227,selected,interpolated,-0.05625
570,26.843100952999976,42.90941899989775,3.965873999732139,selected,interpolated,-0.055208333333333394
571,26.89034090799987,43.125138000050356,4.06790999977602,selected,interpolated,-0.055208333333333394
572,26.937267793000046,42.931067000154144,3.9487809999627643,selected,interpolated,-0.055208333333333394
573,26.984383935000096,43.10584199993173,3.9617819998056802,selected,interpolated,-0.055208333333333394
574,27.03187470099965,28.914381000049616,4.017928999928699,selected,interpolated,-0.05625
575,27.078994694999892,43.04658400042172,4.024742999718001,selected,interpolated,-0.055208333333333394
576,27.125888357999884,42.864697000368324,3.980744999807939,selected,interpolated,-0.055208333333333394
577,27.173105682999903,43.243654999969294,3.9238930003193673,selected,interpolated,-0.055208333333333394
578,27.22020515899976,43.01289899967742,3.9967250004337984,selected,interpolated,-0.055208333333333394
579,27.267352281000058,43.14171300029557,3.9581329997417924,selected,interpolated,-0.055208333333333394
580,27.314500662999762,43.135860999882425,3.9633550004509743,selected,interpolated,-0.05729166666666661
581,27.36155993600005,43.054750000010245,3.9557439999953203,selected,interpolated,-0.055208333333333394
582,27.40851815299993,42.96849199999997,3.9411710004060296,selected,interpolated,-0.055208333333333394
583,27.45611373299971,43.593353999767714,3.9526710002064647,selected,interpolated,-0.055208333333333394
584,27.502852805999737,42.69542200017895,3.9945399998941866,selected,interpolated,-0.055208333333333394
585,27.549834522999845,42.970900000000256,3.963633000239497,selected,interpolated,-0.05729166666666661
586,27.59692023999969,43.09197199972914,3.9463369998884446,selected,interpolated,-0.055208333333333394
587,27.644102788000055,43.166546000065864,3.9667619998908776,selected,interpolated,-0.055208333333333394
588,27.691262984999867,43.10117499971966,4.01004000013927,selected,interpolated,-0.055208333333333394
589,27.738163906999944,42.88599300025453,3.967985000144836,selected,interpolated,-0.05625
590,27.785573785999986,43.39667200019903,3.9650220001021808,selected,interpolated,-0.055208333333333394
591,27.832475652000085,42.90269700004501,3.94948499979364,selected,interpolated,-0.055208333333333394
592,27.879593589999786,43.10885999984748,3.961689000334445,selected,interpolated,-0.05729166666666661
593,27.926804619999984,43.17030399988653,3.9933739999469253,selected,interpolated,-0.055208333333333394
594,27.973893669000063,43.09886100008953,3.9412810001522303,selected,interpolated,-0.055208333333333394
595,28.020917497000028,43.03689900007157,3.9387810002153856,selected,interpolated,-0.055208333333333394
596,28.068256413999734,28.786197000044922,3.9924289999362372,selected,interpolated,-0.055208333333333394
597,28.115264186999866,42.984991999674094,3.9749110001139343,selected,interpolated,-0.055208333333333394
598,28.162486585999886,43.13317600008304,4.041501999836328,selected,interpolated,-0.05625
599,28.2094826550001,42.974807000064175,3.972374000113632,selected,interpolated,-0.055208333333333394
600,28.256458113999997,42.977843999779,3.9477260002058756,selected,interpolated,-0.055208333333333394
601,28.303604254999755,43.147897999915585,3.9495959999840125,selected,interpolated,-0.055208333333333394
602,28.35073193399967,43.11854600018705,3.960856000048807,selected,interpolated,-0.055208333333333394
603,28.397935240999686,43.20317499968951,3.9544300002489763,selected,interpolated,-0.05729166666666661
604,28.44504519799966,43.12361999973291,3.937688999940292,selected,interpolated,-0.055208333333333394
605,28.492252522999934,43.18202700005713,3.977947999828757,selected,interpolated,-0.055208333333333394
606,28.539208425999732,42.968826000105764,3.939558999718429,selected,interpolated,-0.055208333333333394
607,28.58643354800006,43.21573000015633,3.9597629997842887,selected,interpolated,-0.055208333333333394
608,28.633598855999935,43.11900900029286,3.997540000000299,selected,interpolated,-0.055208333333333394
609,28.681101103999936,43.15289699979985,4.301240000131656,selected,interpolated,-0.055208333333333394
610,28.72773471499977,42.26389099994776,3.961040999911347,selected,interpolated,-0.055208333333333394
611,28.775710937999975,43.96155299991733,3.9658740001868864,selected,interpolated,-0.05729166666666661
612,28.821972367999933,42.251650000252994,3.9627259998269437,selected,interpolated,-0.055208333333333394
613,28.869067676999748,43.103028000132326,3.9441149997401226,selected,interpolated,-0.055208333333333394
614,28.916165244999775,43.08625000021493,3.962780999700044,selected,interpolated,-0.05625
615,28.963252627999736,43.081767999865406,3.957356000228174,selected,interpolated,-0.055208333333333394
616,29.01060543299991,43.15052700030719,4.154019999987213,selected,interpolated,-0.05729166666666661
617,29.057626390999758,43.01171399993109,3.962115000376798,selected,interpolated,-0.055208333333333394
618,29.104803920999984,25.30676099968332,4.0252440003314405,selected,interpolated,-0.055208333333333394
619,29.151739806000023,42.92184499990981,3.9646520003771,selected,interpolated,-0.055208333333333394
620,29.198881613999674,43.10691599994243,3.9870220002740098,selected,interpolated,-0.055208333333333394
621,29.245982829999775,43.09295299981386,3.96159699994314,selected,interpolated,-0.055208333333333394
622,29.293142044999968,43.18826799999442,3.9227070001288666,selected,interpolated,-0.05625
623,29.340255520000028,43.07326900016051,3.9494479997301823,selected,interpolated,-0.055208333333333394
624,29.387889191999875,43.44013499985522,4.146149000007426,selected,interpolated,-0.055208333333333394
625,29.434484895999958,42.578237999805424,3.9693180001449946,selected,interpolated,-0.05833333333333339
626,29.481454890999885,42.94993699977567,3.972299999986717,selected,interpolated,-0.055208333333333394
627,29.528529162999803,43.08762100026797,3.9387449996866053,selected,interpolated,-0.055208333333333394
628,29.575831413999822,43.264970000109315,3.98983600007341,selected,interpolated,-0.055208333333333394
629,29.623037925000062,43.167397000161145,3.9904850000311853,selected,interpolated,-0.05625
630,29.67011219699998,43.06097200014847,3.965466999943601,selected,interpolated,-0.055208333333333394
631,29.71720517199992,43.0505650001578,3.993225999693095,selected,interpolated,-0.055208333333333394
632,29.764305535999938,43.09108400002515,3.9604850003343017,selected,interpolated,-0.055208333333333394
633,29.81137319699974,43.068564999884984,3.9505040003859904,selected,interpolated,-0.055208333333333394
634,29.858567892999872,43.18013700003576,3.9663190000283066,selected,interpolated,-0.055208333333333394
635,29.90566216499974,43.07171400023435,3.974188000029244,selected,interpolated,-0.055208333333333394
636,29.952574069000093,42.92617800001608,3.9368369998555863,selected,interpolated,-0.055208333333333394
637,29.99975098699997,43.152970999926765,3.9765589999660733,selected,interpolated,-0.055208333333333394
638,30.05467689699981,46.301169999878766,8.575591999942844,selected,interpolated,-0.055208333333333394
