frame,elapsed_s,capture_wait_ms,processing_ms,track_status,target_status,offset,steering_pwm
1,0.03948485100045218,32.23103700111096,6.874466998851858,selected,unavailable,,350
2,0.08624057000088214,23.285843000849127,5.9961839997413335,selected,unavailable,,350
3,0.13248524100163195,40.43907599952945,5.7585220001783455,selected,unavailable,,350
4,0.17961558400020294,41.38695000074222,5.6955050004035,selected,unavailable,,350
5,0.22670113100139133,41.3895980000234,5.648709000524832,selected,unavailable,,350
6,0.27381608500036236,41.43502300030377,5.633505999867339,selected,unavailable,,350
7,0.32091059500089614,41.31102499923145,5.736319000789081,selected,unavailable,,350
8,0.36956804400142573,42.823595000299974,5.787410000266391,selected,unavailable,,350
9,0.41496782100148266,39.727903000311926,5.624616000204696,selected,unavailable,,350
10,0.4623863070009975,41.481430000203545,5.8908709997922415,selected,unavailable,,350
11,0.5093394670002453,41.25754499909817,5.648505000863224,selected,unavailable,,350
12,0.5562263320007332,41.292878000604105,5.5460809999203775,selected,unavailable,,350
13,0.6036845960006758,41.58826200000476,5.821594999360968,selected,unavailable,,350
14,0.650671607001641,41.236916000343626,5.702893000488984,selected,unavailable,,350
15,0.6976579340007447,41.36476599887828,5.575228000452626,selected,unavailable,,350
16,0.7446808710010373,41.388691000975086,5.588801999692805,selected,unavailable,,350
17,0.7919979700000113,41.62974300015776,5.6397089992969995,selected,unavailable,,350
18,0.83927349500118,41.29856299914536,5.928760001552291,selected,unavailable,,350
19,0.8862500070008537,41.26141500091762,5.668227000569459,selected,unavailable,,350
20,0.9335359579999931,41.371598999830894,5.8696870000858326,selected,unavailable,,350
21,0.9804797110009531,41.23715700006869,5.659671000103117,selected,unavailable,,350
22,1.027502593000463,41.32274699986738,5.654152999341022,selected,unavailable,,350
23,1.0746422870015522,41.4609859999473,5.634912999084918,selected,unavailable,,350
24,1.1221770680003829,26.305905999834067,5.93516700064356,selected,unavailable,,350
25,1.1691587090008397,41.09697400053847,5.839428000399494,selected,unavailable,,350
26,1.2160031490002439,41.229157000998384,5.569616998400306,selected,unavailable,,350
27,1.2632884700014984,41.38348700143979,5.856058000063058,selected,unavailable,,350
28,1.3103781280005933,41.22826800085022,5.815724000058253,selected,unavailable,,350
29,1.3574920270002622,41.47420799927204,5.593171999862534,selected,unavailable,,350
30,1.4045541670002422,41.35532100008277,5.662227000357234,selected,unavailable,,350
31,1.4515862700009166,41.27173000051698,5.716058998586959,selected,unavailable,,350
32,1.5041775280005822,43.45901099986804,9.086895999644184,selected,unavailable,,350
33,1.5516704199999367,38.09763099889096,9.329540000180714,selected,unavailable,,350
34,1.6017266070011829,38.61040099945967,11.380785999790533,selected,unavailable,,350
35,1.6489098190013465,35.59770600077172,11.51269199908711,selected,unavailable,,350
36,1.6986681020007381,39.40814800080261,10.276450999299414,selected,unavailable,,350
37,1.7407467259999976,32.28151700022863,9.72951600124361,selected,unavailable,,350
38,1.7884869670015178,37.61411999948905,10.057084999061772,selected,unavailable,,350
39,1.8356732900010684,36.850538999715354,10.267080999255995,selected,unavailable,,350
40,1.8827500960014731,36.723188999530976,10.285304000717588,selected,interpolated,-0.10208333333333339,354
41,1.9302645070001745,37.118719999853056,10.314357999959611,selected,unavailable,,350
42,1.9763046440002654,36.28565899998648,9.686552999482956,selected,unavailable,,350
43,2.02409168000122,37.6615999994101,10.056585000711493,selected,interpolated,-0.1958333333333334,358
44,2.070885787001316,36.808632999964175,9.912252999129123,selected,unavailable,,350
45,2.117762837000555,37.1279789997061,9.679590000814642,selected,unavailable,,350
46,2.166352583000844,7.935229001304833,9.802828999454505,selected,unavailable,,350
47,2.2112097940007516,36.48504500051786,8.303278998937458,selected,unavailable,,350
48,2.2573980030010716,37.49015900029917,8.636198999738554,selected,interpolated,-0.128125,355
49,2.3065723330000765,39.02289400139125,10.086898999361438,selected,unavailable,,350
50,2.353654324000672,37.16525600066234,9.848996000073384,selected,unavailable,,350
51,2.4011359390005964,37.211033999483334,10.202101000686525,selected,unavailable,,350
52,2.4477243080000335,36.80774299937184,9.710590000395314,selected,unavailable,,350
53,2.495219756001461,37.39580900037254,10.029696000856347,selected,unavailable,,350
54,2.5421197499999835,36.86581600049976,9.963567999875522,selected,unavailable,,350
55,2.589258426000015,37.14736800066021,9.921438999299426,selected,unavailable,,350
56,2.6365838950005127,37.166885998885846,10.09026900101162,selected,unavailable,,350
57,2.683185746000163,36.69457800060627,9.83890300085477,selected,unavailable,,350
58,2.7307662290004373,37.55606499908026,9.959234001144068,selected,unavailable,,350
59,2.777649872001348,36.84916900056123,9.966326999347075,selected,unavailable,,350
60,2.82484343500073,37.018517999968026,10.108880000188947,selected,unavailable,,350
61,2.8720063880009548,36.869538998871576,10.225674001048901,selected,unavailable,,350
62,2.9209375549999095,39.08029999911378,9.783478000827017,selected,unavailable,,350
63,2.9665147550003894,35.07382499992673,10.434615998747176,selected,unavailable,,350
64,3.0130561250007304,36.55969199826359,9.915346001434955,selected,unavailable,,350
65,3.060521592000441,37.467344000106095,9.925530999680632,selected,unavailable,,350
66,3.107350939000753,36.81681700072659,9.94023499879404,selected,unavailable,,350
67,3.154678889000934,37.08827599984943,10.171676000027219,selected,unavailable,,350
68,3.202435148001314,9.5845729993016,10.564799000349012,selected,unavailable,,350
69,3.246486112000639,35.61057699880621,8.373259001018596,selected,unavailable,,350
70,3.2936842130002333,38.48997699969914,8.650383999338374,selected,unavailable,,350
71,3.3455494260015257,40.802923000228475,11.003476998666883,selected,unavailable,,350
72,3.391776838001533,35.06088099857152,11.09223600178666,selected,unavailable,,350
73,3.43830861600145,36.05747700021311,10.402190000604605,selected,unavailable,,350
74,3.48430904900124,36.19934499874944,9.734293000292382,selected,unavailable,,350
75,3.5318533110003045,37.407808000352816,10.069362000649562,selected,unavailable,,350
76,3.578178129000662,36.73383699970145,9.521537000182434,selected,unavailable,,350
77,3.6255957820012554,37.62639700107684,9.718404999148333,selected,unavailable,,350
78,3.6730781930000376,37.40264199950616,10.007696000684518,selected,unavailable,,350
79,3.719836670001314,36.99805500036746,9.693404999779887,selected,unavailable,,350
80,3.766942217000178,37.328347001675866,9.707274999527726,selected,unavailable,,350
81,3.8145041820007464,37.404826000056346,10.088510000059614,selected,unavailable,,350
82,3.8613063440006954,36.86348299925157,9.870051000689273,selected,unavailable,,350
83,3.9082500410004286,37.194310998529545,9.681961000751471,selected,unavailable,,350
84,3.9554082160011603,37.402697000288754,9.685961000286625,selected,unavailable,,350
85,4.002921090001109,37.27618000084476,10.169119999773102,selected,unavailable,,350
86,4.049376239001504,36.791279999306425,9.595722000085516,selected,unavailable,,350
87,4.096634672001528,37.34306799924525,9.848532001342392,selected,unavailable,,350
88,4.146410751000076,39.576089000547654,10.132362000149442,selected,unavailable,,350
89,4.191510976001155,34.90566199980094,10.126230999958352,selected,unavailable,,350
90,4.238294157001292,8.557904000554117,9.854457999608712,selected,unavailable,,350
91,4.282916445999945,36.119623999184114,8.435906000158866,selected,unavailable,,350
92,4.330022400001326,38.595808000536636,8.4520540003723,selected,unavailable,,350
93,4.3819430750008905,41.15112100043916,10.705815000619623,selected,unavailable,,350
94,4.42826215200148,35.189528000046266,11.049088001527707,selected,unavailable,,350
95,4.4742833450000035,36.09119900102087,9.855161999439588,selected,unavailable,,350
96,4.52083947400024,36.43571200154838,9.893290000036359,selected,unavailable,,350
97,4.568609510000897,37.33356799966714,10.36926499909896,selected,unavailable,,350
98,4.6154687630005355,36.6339499996684,10.156674999961979,selected,unavailable,,350
99,4.662207612000202,36.84390899979917,9.827977000895771,selected,unavailable,,350
100,4.70964248600103,37.25205100090534,10.115361999851302,selected,unavailable,,350
101,4.757002121001278,37.59947199978342,9.693146001154673,selected,unavailable,,350
102,4.803541621000477,36.64881999975478,9.822273999816389,selected,unavailable,,350
103,4.850826720001351,37.165367999477894,10.051269000541652,selected,unavailable,,350
104,4.8983649630008586,37.195865999819944,10.274321999531821,selected,unavailable,,350
105,4.945029942000474,36.5135249994637,10.082418000820326,selected,unavailable,,350
106,4.992786867000177,37.064145999465836,10.622780000630883,selected,unavailable,,350
107,5.0394491240003845,36.59295000034035,10.001732998716761,selected,unavailable,,350
108,5.086294970000381,36.81605800011312,9.960974999557948,selected,unavailable,,350
109,5.133130058000461,37.11549800027569,9.652256998379016,selected,unavailable,,350
110,5.180724985000779,37.54786199897353,9.97601100061729,selected,unavailable,,350
111,5.2279029010005615,36.819040000409586,10.291914000845281,selected,unavailable,,350
112,5.275025354001627,10.124231999725453,10.036603000116884,selected,unavailable,,350
113,5.319686494000052,36.41678699932527,8.177243000318413,selected,unavailable,,350
114,5.368137464000029,39.71793900018383,8.675697999933618,selected,unavailable,,350
115,5.417424847000802,38.392960001147,10.836182998900767,selected,unavailable,,350
116,5.464572096001575,36.1105129995849,10.963145001369412,selected,unavailable,,350
117,5.511739363000743,37.0123689990578,10.083177001433796,selected,unavailable,,350
118,5.5580626070004655,35.81474000020535,10.439633999340003,selected,unavailable,,350
119,5.604917620001288,36.58645099858404,10.199619000559323,selected,unavailable,,350
120,5.651912390001598,36.859093999737524,10.066529001051094,selected,unavailable,,350
121,5.698947882001448,36.878593999063014,10.08730600005947,selected,unavailable,,350
122,5.746185185000286,36.96194499934791,10.204767000686843,selected,unavailable,,350
123,5.7932693239999935,36.92866699930164,10.089010000228882,selected,unavailable,,350
124,5.839841988999979,36.84963100022287,9.653998000430875,selected,unavailable,,350
125,5.887599192001289,37.827190000825794,9.862884000540362,selected,unavailable,,350
126,5.93452755600083,36.79711400036467,10.063268999147112,selected,unavailable,,350
127,5.982227722000971,37.36145699986082,10.271581000779406,selected,unavailable,,350
128,6.028618409000046,36.36247299982642,9.959326000171131,selected,unavailable,,350
129,6.0760162840015255,37.065091000840766,10.264265998557676,selected,unavailable,,350
130,6.123186311000609,37.03881399997044,10.059917000035057,selected,unavailable,,350
131,6.170174914001109,36.81129899996449,10.107693999088951,selected,unavailable,,350
132,6.217330034000042,37.0770529989386,10.011030000896426,selected,unavailable,,350
133,6.264497042000585,36.8687600002886,10.232377999273012,selected,unavailable,,350
134,6.31208695100031,9.984345000702888,10.310358000424458,selected,unavailable,,350
135,6.356026657000257,35.456024001177866,8.417201999691315,selected,unavailable,,350
136,6.403081149001082,38.572900999497506,8.421147000262863,selected,unavailable,,350
137,6.455723035000119,41.27204500036896,11.282731999017415,selected,unavailable,,350
138,6.501305771000261,34.627426000952255,10.8828859993082,selected,unavailable,,350
139,6.547562738000124,36.0454950005078,10.136786999282776,selected,interpolated,-0.2,358
140,6.594625562000147,37.292662000254495,9.6977009998227,selected,unavailable,,350
141,6.641279856001347,36.35250899969833,10.235118999844417,selected,unavailable,,350
142,6.688405179000256,37.02588799933437,10.031936999439495,selected,unavailable,,350
143,6.7356789270015724,36.978629999794066,10.227933000351186,selected,unavailable,,350
144,6.7822653880011785,36.651355998401414,9.866773001704132,selected,unavailable,,350
145,6.829729503000635,37.31560599953809,10.081806000016513,selected,interpolated,-0.1291666666666666,355
146,6.876721550001093,36.8002430004708,10.118898000655463,selected,unavailable,,350
147,6.923773468000945,37.167477999901166,9.817902999202488,selected,unavailable,,350
148,6.970996882000691,37.11784900042403,10.034585000539664,selected,unavailable,,350
149,7.018340425000133,37.43460400073673,9.841273000347428,selected,unavailable,,350
150,7.064880257001278,36.6641710006661,9.803459000977455,selected,unavailable,,350
151,7.112569646000338,37.37799299960898,10.243525999612757,selected,unavailable,,350
152,7.15920418099995,36.66105999946012,9.907178999128519,selected,unavailable,,350
153,7.20719828700021,37.75417300130357,10.172860998864053,selected,unavailable,,350
154,7.253740601001482,36.44241599977249,10.03199200022209,selected,unavailable,,350
155,7.300938109001436,36.96064799987653,10.169860001042252,selected,unavailable,,350
156,7.348184004000359,10.21524799944018,10.112824998941505,selected,unavailable,,350
157,7.392471150000347,35.889108999981545,8.33018600133073,selected,unavailable,,350
158,7.439672898000936,38.77413800000795,8.367480999368127,selected,unavailable,,350
159,7.491563981000581,41.1203799994837,10.711685999922338,selected,unavailable,,350
160,7.537051107001389,35.11073200024839,10.300283998731175,selected,unavailable,,350
161,7.584417890000623,37.47997399841552,9.812495000005583,selected,unavailable,,350
162,7.630525525000849,36.061032998986775,9.977030000300147,selected,unavailable,,350
163,7.677869790000841,37.13392299869156,10.14373100042576,selected,unavailable,,350
164,7.724951392001458,36.990757998864865,10.025511001003906,selected,unavailable,,350
165,7.772029438001482,37.00679600115109,10.002565999457147,selected,unavailable,,350
166,7.8197489000012865,37.92433600028744,9.726737998789758,selected,unavailable,,350
167,7.866069903000607,36.32680599912419,9.924234000209253,selected,unavailable,,350
168,7.913698607000697,37.3366600015288,10.223933999441215,selected,unavailable,,350
169,7.96027142100138,36.65646800072864,9.849587999269716,selected,unavailable,,350
170,8.007568501001515,37.31766100099776,9.910623999530799,selected,unavailable,,350
171,8.054567381001107,37.053423999168444,9.878254000796005,selected,unavailable,,350
172,8.101731297001606,37.11112700148078,9.979029999158229,selected,unavailable,,350
173,8.149098376001348,37.62439700039977,9.675589999460499,selected,unavailable,,350
174,8.19601859100112,36.84040900043328,10.009345000071335,selected,unavailable,,350
175,8.24401429000136,37.65643299993826,10.272415000144974,selected,interpolated,-0.128125,355
176,8.28995498400036,36.140789999990375,9.727368000312708,selected,unavailable,,350
177,8.337593892001678,37.26001399991219,10.311969001122634,selected,unavailable,,350
178,8.38454816200101,9.787496001081308,9.675515999333584,selected,unavailable,,350
179,8.431556728000942,38.445569000032265,8.495738000419806,selected,unavailable,,350
180,8.476144498001304,36.05823599900759,8.471275999909267,selected,unavailable,,350
181,8.523102656999981,38.52708600061305,8.374036999157397,selected,unavailable,,350
182,8.573056029001236,39.77390000000014,10.095362000356545,selected,unavailable,,350
183,8.619651009001245,36.81472400057828,9.712682998724631,selected,unavailable,,350
184,8.666764851001062,37.321475998396636,9.724441000798834,selected,unavailable,,350
185,8.71452568300083,37.841040999410325,9.85125499937567,selected,unavailable,,350
186,8.761388880000595,36.78835400023672,10.006862999944133,selected,unavailable,,350
187,8.808257948001483,36.907723000695114,9.893382999507594,selected,unavailable,,350
188,8.855378383001153,37.2611799994047,9.787293000044883,selected,unavailable,,350
189,8.90265735200046,37.33093799928611,9.879197999907774,selected,unavailable,,350
190,8.950182021000728,37.146921999010374,10.311840000213124,selected,unavailable,,350
191,8.996770852001646,36.54804299912939,9.83503300085431,selected,unavailable,,350
192,9.044808921000367,38.19855499932601,9.770348000529339,selected,unavailable,,350
193,9.091088868000952,36.305972000263864,9.905086999424384,selected,unavailable,,350
194,9.13786719700147,37.00351799852797,9.67977500113193,selected,unavailable,,350
195,9.185377218000212,37.73809900121705,9.704275000331108,selected,unavailable,,350
196,9.232882609001535,37.05761000128405,10.38168999912159,selected,interpolated,-0.128125,355
197,9.28000148800129,37.156440999751794,9.889069000564632,selected,unavailable,,350
198,9.327373715001158,36.88190799948643,10.420337999676121,selected,unavailable,,350
199,9.37441546500122,36.47343299962813,10.500021999177989,selected,unavailable,,350
200,9.421385513000132,9.889995000776253,10.23178499963251,selected,unavailable,,350
201,9.466610570001649,36.84074299962958,8.317407000504318,selected,unavailable,,350
202,9.51250702300058,37.666358999558724,8.16622499951336,selected,unavailable,,350
203,9.559779881001305,38.85400699982711,8.359982000911259,selected,unavailable,,350
204,9.609034523000446,39.61297699970601,9.584295001332066,selected,unavailable,,350
205,9.65813413000069,38.98437499992724,10.047806999864406,selected,unavailable,,350
206,9.703909067000495,35.415801999988616,10.293820998413139,selected,unavailable,,350
207,9.750702951001585,36.67757800030813,10.047214000223903,selected,unavailable,,350
208,9.797965679001209,37.127181998585,10.066492000987637,selected,unavailable,,350
209,9.845592291001594,37.28143899934366,10.276637000060873,selected,unavailable,,350
210,9.892040495000401,36.579764000634896,9.801885000342736,selected,unavailable,,350
211,9.939417777000926,37.20992099988507,10.099436000018613,selected,interpolated,-0.09791666666666679,354
212,9.986734560001423,36.91622299993469,10.326951000024565,selected,unavailable,,350
213,10.03356429500127,36.6843189985957,10.076825001306133,selected,unavailable,,350
214,10.080388697000672,37.00568400017801,9.751236999363755,selected,unavailable,,350
215,10.12755111200022,37.267216999680386,9.824310000112746,selected,unavailable,,350
216,10.174786064000727,37.252717000228586,9.914104999552364,selected,unavailable,,350
217,10.221837054001298,37.09788599917374,9.885162000500713,selected,unavailable,,350
218,10.270764887000041,38.26220199880481,10.59615000121994,selected,unavailable,,350
219,10.315975536001133,35.27354399921023,9.869531999356695,selected,unavailable,,350
220,10.36290715800169,37.24640299878956,9.615869001208921,selected,unavailable,,350
221,10.4105958250002,37.87915199973213,9.743127000547247,selected,unavailable,,350
222,10.45784179400107,9.365742998852511,10.103287000674754,selected,unavailable,,350
223,10.503368308000063,36.722372999065556,8.735938999961945,selected,unavailable,,350
224,10.549324741999953,37.445194999236264,8.452609999949345,selected,unavailable,,350
225,10.59634736299995,38.64308499942126,8.31990799997584,selected,unavailable,,350
226,10.646033035000073,39.6933079991868,9.932197999660275,selected,unavailable,,350
227,10.693275708001238,36.97833300066122,10.19841499874019,selected,unavailable,,350
228,10.740539844000523,36.91074199923605,10.284858000886743,selected,unavailable,,350
229,10.787150359999941,36.758853999344865,9.783015000721207,selected,unavailable,,350
230,10.834690232000867,37.3092159989028,10.162972001126036,selected,unavailable,,350
231,10.883372050000617,38.3909770007449,10.22148899937747,selected,interpolated,-0.1291666666666666,355
232,10.928725437001049,35.20745199966768,10.071918000903679,selected,unavailable,,350
233,10.97619005100023,37.51132500110543,9.885678999125957,selected,unavailable,,350
234,11.022951121000006,36.712151999381604,9.977011000955827,selected,unavailable,,350
235,11.070567751001363,37.07672000018647,10.472373998709372,selected,unavailable,,350
236,11.117290080001112,36.4587849999225,10.194934000537614,selected,unavailable,,350
237,11.164522216000478,36.96525899977132,10.200156000792049,selected,unavailable,,350
238,11.211462357001437,36.86666799876548,10.005214000557316,selected,unavailable,,350
239,11.25729697800125,36.58595000160858,9.183913000015309,selected,unavailable,,350
240,11.304678816000887,37.73813500083634,9.582537000824232,selected,unavailable,,350
241,11.352599274001477,38.15690699957486,9.69955199980177,selected,unavailable,,350
242,11.400107666000622,37.300902000424685,10.139452999283094,selected,interpolated,-0.10416666666666678,354
243,11.446729848001269,36.72666999955254,9.8190880016773,selected,unavailable,,350
244,11.496377650000795,12.651357999857282,10.197731000516796,selected,unavailable,,350
245,11.538998302999971,34.20307900159969,8.349832998646889,selected,unavailable,,350
246,11.58548546900056,38.36527400017076,8.062949000304798,selected,unavailable,,350
247,11.636687339001583,41.17756399864447,9.965197001292836,selected,unavailable,,350
248,11.682595181000579,35.90838700074528,9.93147499866609,selected,unavailable,,350
249,11.73007155400046,37.27597600118315,10.131267999895499,selected,unavailable,,350
250,11.776935641000819,36.677096000858,10.120083999936469,selected,unavailable,,350
251,11.823537879001378,36.868889999823296,9.662978998676408,selected,unavailable,,350
252,11.869509201000255,36.991554999985965,8.916804999898886,selected,unavailable,,350
253,11.916762726001252,38.01424199991743,9.175708999464405,selected,unavailable,,350
254,11.964682166000784,38.4994199994253,9.354984000310651,selected,unavailable,,350
255,12.01210244700087,37.48562100008712,9.864198000286706,selected,unavailable,,350
256,12.059462285000336,37.430677000884316,9.860217000095872,selected,unavailable,,350
257,12.108770185001049,38.99143099988578,10.246952000670717,selected,unavailable,,350
258,12.153580007001437,34.97702999993635,9.765089000211447,selected,unavailable,,350
259,12.200545740000962,37.039258000731934,9.855827998762834,selected,unavailable,,350
260,12.247572139000113,37.18314400066447,9.774755999387708,selected,unavailable,,350
261,12.29526754500148,37.3751409988472,10.25050800126337,selected,unavailable,,350
262,12.342091076001452,36.781003000214696,9.97275200097647,selected,unavailable,,350
263,12.388796869001453,36.97907399873657,9.657145999881322,selected,unavailable,,350
264,12.436039005000566,37.45241800061194,9.72029299919086,selected,unavailable,,350
265,12.483153476001462,37.33592000025965,9.709940999528044,selected,unavailable,,350
266,12.5307484390014,9.126024999204674,9.982067000237294,selected,unavailable,,350
267,12.57501484400018,35.87559100014914,8.314852000694373,selected,unavailable,,350
268,12.6221877400003,38.88635799921758,8.227484000599361,selected,unavailable,,350
269,12.674592184001085,41.66879700096615,10.677222999220248,selected,unavailable,,350
270,12.721888838001178,36.669745000835974,10.549057999014622,selected,unavailable,,350
271,12.766659771001287,34.80166299959819,9.893031001411146,selected,unavailable,,350
272,12.812820924000334,36.571189999449416,9.51959300073213,selected,unavailable,,350
273,12.86027270500017,37.43597399989085,9.94751200050814,selected,unavailable,,350
274,12.9074560450008,37.089997000293806,10.022733000369044,selected,unavailable,,350
275,12.95441555600155,37.08283099877008,9.80632900063938,selected,unavailable,,350
276,13.001420268999937,37.176348001594306,9.761088998857304,selected,unavailable,,350
277,13.048507407000216,37.239160999888554,9.777626000868622,selected,unavailable,,350
278,13.095981484000731,37.46680699987337,9.936233998814714,selected,unavailable,,350
279,13.143106733001332,37.10053399845492,9.953067001333693,selected,unavailable,,350
280,13.190259407001577,37.162366999837104,9.896531000777031,selected,unavailable,,350
281,13.23832278900045,37.62124800050515,10.374449999289936,selected,unavailable,,350
282,13.28420639000069,36.11421599998721,9.698941999886301,selected,unavailable,,350
283,13.332702673000313,38.715787000910495,9.705107999252505,selected,unavailable,,350
284,13.378531220001605,36.027291000209516,9.731811998790363,selected,unavailable,,350
285,13.425476231001085,37.05249800077581,9.684681999715394,selected,unavailable,,350
286,13.472942622000119,37.32115999991947,10.075120999317733,selected,unavailable,,350
287,13.519660599000417,36.944110001059016,9.701498000140418,selected,unavailable,,350
288,13.56826227000056,11.14784499986854,10.640018999765744,selected,unavailable,,350
289,13.61179355600143,35.03439999985858,8.426276001046062,selected,unavailable,,350
290,13.658727622001607,38.66519499933929,8.208761999412673,selected,unavailable,,350
291,13.709793994001302,40.205375000368804,10.80060999993293,selected,unavailable,,350
292,13.756763283001419,36.127344999840716,10.766073999548098,selected,unavailable,,350
293,13.802986175000115,36.253751000913326,9.893067999655614,selected,unavailable,,350
294,13.849929167001392,36.84355599943956,10.027973999967799,selected,unavailable,,350
295,13.896747735001554,36.97481399831304,9.774663001735462,selected,unavailable,,350
296,13.946112208001068,39.30781499911973,9.987437000745558,selected,unavailable,,350
297,13.99132844900123,35.04032599994389,10.107804999279324,selected,unavailable,,350
298,14.03814187000171,37.09149700080161,9.653998000430875,selected,unavailable,,350
299,14.08513750900056,37.431029000799754,9.495981999862124,selected,unavailable,,350
300,14.132640474001164,37.36604799996712,10.066621000078158,selected,unavailable,,350
301,14.179891184001463,37.08325599836826,10.095843001181493,selected,unavailable,,350
302,14.226908323000316,37.10258899991459,9.845124999628752,selected,unavailable,,350
303,14.27380889000051,37.08857099991292,9.742071000800934,selected,unavailable,,350
304,14.321132209001007,37.14079299970763,10.112638999999035,selected,interpolated,-0.044791666666666785,352
305,14.36821357000008,37.163717999646906,9.842662000664859,selected,unavailable,,350
306,14.415284986000188,37.176069999986794,9.825402001297334,selected,unavailable,,350
307,14.462389957001506,37.1434959997714,9.889957000268623,selected,unavailable,,350
308,14.509627778001231,37.216439999610884,9.952751999662723,selected,unavailable,,350
309,14.5567835260008,36.835685999903944,10.24893300018448,selected,unavailable,,350
310,14.602789847000167,9.734922999996343,8.922823999455431,selected,unavailable,,350
311,14.643905097000243,35.3795609989902,5.689263000022038,selected,unavailable,,350
312,14.691141417000836,41.56474299998081,5.624449000606546,selected,unavailable,,350
313,14.738215259001663,41.26498699952208,5.762299999332754,selected,unavailable,,350
314,14.785326897001141,41.41620799964585,5.650189999869326,selected,unavailable,,350
315,14.832695086000967,41.36711600040144,5.955852000624873,selected,interpolated,-0.2,358
316,14.87959120800042,41.064176000872976,5.783280999821727,selected,unavailable,,350
317,14.926778734001346,41.366078999999445,5.7733729991014116,selected,unavailable,,350
318,14.97374194800068,41.31052500088117,5.605467998975655,selected,unavailable,,350
319,15.021065712000564,41.464410000116914,5.813428000692511,selected,unavailable,,350
320,15.06793035300143,41.22167300010915,5.596783999862964,selected,unavailable,,350
321,15.115245673001482,41.38674500063644,5.882149000171921,selected,interpolated,-0.1291666666666666,355
322,15.163618531001703,42.7387979998457,5.583542999374913,selected,unavailable,,350
323,15.209488892000081,40.04511799939792,5.780170000434737,selected,unavailable,,350
324,15.256312664001598,41.13382300056401,5.643413000143482,selected,unavailable,,350
325,15.303626650000297,41.45463300119445,5.811483999423217,selected,unavailable,,350
326,15.350806583001031,41.286579998995876,5.847057000210043,selected,unavailable,,350
327,15.397945424001591,41.255099000409245,5.837112999870442,selected,unavailable,,350
328,15.44509713500156,41.19422999974631,5.911575000936864,selected,unavailable,,350
329,15.492191735000233,41.32289500012121,5.724947999624419,selected,unavailable,,350
330,15.539072950001355,41.18510000080278,5.650301000059699,selected,unavailable,,350
331,15.586157811001613,41.39804100123001,5.615635000140173,selected,unavailable,,350
332,15.633554981000998,26.809508999576792,5.778299000667175,selected,unavailable,,350
333,15.680314142000498,41.11224900043453,5.599320000328589,selected,unavailable,,350
334,15.727594036001392,41.51000199999544,5.721393001294928,selected,unavailable,,350
335,15.77477533900128,41.32622799988894,5.807427998661296,selected,unavailable,,350
336,15.821435761999965,41.310246000648476,5.305009999574395,selected,unavailable,,350
337,15.86886791300094,41.726536001078784,5.658874999426189,selected,unavailable,,350
338,15.916148436001095,41.55416899993725,5.680467000274803,selected,unavailable,,350
339,15.963450349001505,41.40583700063871,5.849076000231435,selected,unavailable,,350
340,16.01034436000009,41.13485999914701,5.712928999855649,selected,unavailable,,350
341,16.057826047001072,41.54835400004231,5.887408000489813,selected,interpolated,-0.1322916666666666,355
342,16.10473896500116,40.96675199980382,5.896167000173591,selected,unavailable,,350
343,16.151646310001524,41.05804699975124,5.802928000775864,selected,unavailable,,350
344,16.199069665000934,41.47196600024472,5.904667999857338,selected,unavailable,,350
345,16.24589771400133,41.02763999981107,5.731670000386657,selected,unavailable,,350
346,16.293007444000978,41.384281999853556,5.679930000042077,selected,unavailable,,350
347,16.340172692000124,41.39309600031993,5.725356000766624,selected,interpolated,-0.12708333333333338,355
348,16.387612676000572,41.41654100021697,5.973870000161696,selected,unavailable,,350
349,16.434551001000727,40.994528999362956,5.8962050006812206,selected,unavailable,,350
350,16.481813673000943,41.534223999406095,5.681319000359508,selected,unavailable,,350
351,16.528820646000895,40.93145600018033,6.028720999893267,selected,unavailable,,350
352,16.575975801000823,41.082859999733046,6.027961999279796,selected,unavailable,,350
353,16.622991310001453,41.26643200106628,5.703355000150623,selected,unavailable,,350
354,16.67004518900103,26.09813100025349,5.856149000464939,selected,unavailable,,350
355,16.71707699400031,41.20309999962046,5.781595000371453,selected,unavailable,,350
356,16.764224705000743,41.310431000965764,5.791132000013022,selected,unavailable,,350
357,16.811314324000705,41.275838999354164,5.768262000856339,selected,unavailable,,350
358,16.858322260000932,41.33985699991172,5.621820000669686,selected,unavailable,,350
359,16.905616042000474,41.5437789997668,5.705188999854727,selected,unavailable,,350
360,16.952573127000505,41.22824700061756,5.682503999196342,selected,unavailable,,350
361,16.99981805800053,41.449891999945976,5.743300000176532,selected,unavailable,,350
362,17.046777253000982,41.258209999796236,5.655634000504506,selected,unavailable,,350
363,17.09407516600004,41.50000300069223,5.751168999267975,selected,unavailable,,350
364,17.14111847100139,41.33143100079906,5.66617100048461,selected,unavailable,,350
365,17.188380012999914,41.4289660002396,5.787984000562574,selected,unavailable,,350
366,17.235525539001173,41.31413499999326,5.78587299969513,selected,unavailable,,350
367,17.282617751001453,41.211006999219535,5.835798001498915,selected,unavailable,,350
368,17.329734036000445,41.32063500037475,5.750225000156206,selected,unavailable,,350
369,17.37685621000128,41.12361899933603,5.952647999947658,selected,unavailable,,350
370,17.424037791000956,41.22052499951678,5.915871000979678,selected,interpolated,-0.1,354
371,17.470944506001615,41.13560100086033,5.722059000618174,selected,unavailable,,350
372,17.518110309001713,41.36363500037987,5.756040000051144,selected,unavailable,,350
373,17.565201817000343,41.2989500000549,5.745132999436464,selected,unavailable,,350
374,17.61217828900044,41.28639500049758,5.643893999149441,selected,unavailable,,350
375,17.659397277000608,41.489335999358445,5.682634000550024,selected,unavailable,,350
376,17.70659970900124,22.74896000017179,5.746021999584627,selected,unavailable,,350
377,17.753668124001706,41.310746000817744,5.706669999199221,selected,unavailable,,350
378,17.800830391001,41.28618999857281,5.830021000292618,selected,unavailable,,350
379,17.847682143001293,41.11087900128041,5.586134999248316,selected,unavailable,,350
380,17.89498455500143,41.45083699950192,5.804649999845424,selected,unavailable,,350
381,17.942094248001013,41.38159700050892,5.68346699947142,selected,unavailable,,350
382,17.98925708800016,41.409837000173866,5.707170999812661,selected,unavailable,,350
383,18.03633705900029,41.24954399958369,5.78352100092161,selected,unavailable,,350
384,18.083394881999993,41.248266001275624,5.763446999480948,selected,unavailable,,350
385,18.130437632000394,41.344560000652564,5.65181899946765,selected,unavailable,,350
386,18.17771584000002,41.52231700027187,5.7094299991149455,selected,unavailable,,350
387,18.224763905000145,41.25421000026108,5.748114999732934,selected,unavailable,,350
388,18.271935411001323,41.415763000259176,5.709392999051488,selected,unavailable,,350
389,18.31919626800118,41.40885500055447,5.805205999422469,selected,unavailable,,350
390,18.36646071800169,41.25052500057791,5.967203000182053,selected,unavailable,,350
391,18.413826351001262,41.42524400049297,5.893704999834881,selected,interpolated,-0.19375,358
392,18.46053916100027,40.77482800130383,5.887445999178453,selected,unavailable,,350
393,18.50766381700123,41.079176000494044,5.9999799996148795,selected,unavailable,,350
394,18.554892434000067,41.31563500050106,5.867816000318271,selected,interpolated,-0.128125,355
395,18.60163583600115,41.08639800142555,5.607486998997047,selected,unavailable,,350
396,18.648836712000048,41.44902199914213,5.706429001293145,selected,unavailable,,350
397,18.69581737000044,41.25154299981659,5.683262999809813,selected,unavailable,,350
398,18.74318904000029,26.5683280013036,5.724298998757149,selected,unavailable,,350
399,18.790154735001124,41.298078998806886,5.620468000415713,selected,unavailable,,350
400,18.83730387200012,41.4300029988226,5.672190000041155,selected,unavailable,,350
401,18.884529933000522,41.46520599897485,5.715799999961746,selected,unavailable,,350
402,18.9315049980014,41.25706200102286,5.6686890002310975,selected,unavailable,,350
403,18.978777799000454,41.404225999940536,5.822021001222311,selected,unavailable,,350
404,19.02583175200016,41.35050399963802,5.6591350003145635,selected,unavailable,,350
405,19.07303733200024,41.275357998529216,5.884945001525921,selected,unavailable,,350
406,19.119899713999985,41.14447000029031,5.670597000062116,selected,unavailable,,350
407,19.167253551000613,41.49102100018354,5.814965001263772,selected,interpolated,-0.12708333333333338,355
408,19.214249783000923,41.239820999180665,5.705448000298929,selected,unavailable,,350
409,19.26126608800041,41.28163499990478,5.6887820010160794,selected,unavailable,,350
410,19.30864333200043,41.48076099954778,5.850817000464303,selected,unavailable,,350
411,19.35546097400038,41.14800800016383,5.621375999908196,selected,unavailable,,350
412,19.40258261100098,41.43724399909843,5.638763999741059,selected,unavailable,,350
413,19.449901855999997,41.590500999518554,5.68348600063473,selected,unavailable,,350
414,19.496735403999992,41.23384000013175,5.555006000577123,selected,unavailable,,350
415,19.543852930000867,41.49318799863977,5.577024001468089,selected,unavailable,,350
416,19.59116404500128,41.53564899934281,5.729632999646128,selected,unavailable,,350
417,19.646543276001466,44.37371700078074,10.958143999232561,selected,unavailable,,350
418,19.693866169000103,36.24399199907202,11.004420999597642,selected,unavailable,,350
419,19.742543930000465,38.6809159990662,9.920661001160624,selected,unavailable,,350
420,19.786869981000564,7.009094000750338,9.926400998665486,selected,unavailable,,350
421,19.831935205000264,36.64207800102304,8.353092000106699,selected,unavailable,,350
422,19.878106190000835,37.78685600082099,8.323555999595555,selected,unavailable,,350
423,19.925042922001012,38.74904499934928,8.128855000904878,selected,unavailable,,350
424,19.974761056000716,39.77562100044452,9.883069000352407,selected,unavailable,,350
425,20.02223811300064,37.320808000004035,10.087434999149991,selected,unavailable,,350
426,20.069419564000782,37.029867999081034,10.080805999677978,selected,unavailable,,350
427,20.11603359700166,36.81374200095888,9.729867000714876,selected,unavailable,,350
428,20.163031792000766,37.30736400029855,9.621552999306004,selected,unavailable,,350
429,20.21061095799996,37.46784299983119,10.040121000201907,selected,unavailable,,350
430,20.257927426000606,37.17179199884413,10.073306000776938,selected,unavailable,,350
431,20.30440659100168,36.69383700071194,9.714718999020988,selected,unavailable,,350
432,20.353873191001185,39.49321900108771,9.904827000354999,selected,unavailable,,350
433,20.39880017700125,34.93354899910628,9.922531000484014,selected,unavailable,,350
434,20.445660725999915,37.24384599991026,9.547425999699044,selected,unavailable,,350
435,20.4930030250016,37.40969600039534,9.864234998531174,selected,unavailable,,350
436,20.540443898000376,37.287790000846144,10.084805999213131,selected,unavailable,,350
437,20.587323761001244,36.965090999729,9.84401300047466,selected,unavailable,,350
438,20.63435699100046,37.251456999001675,9.712867000416736,selected,unavailable,,350
439,20.68174782800088,37.29684499921859,10.025214000052074,selected,unavailable,,350
440,20.728617246000795,36.99377600059961,9.806235999349155,selected,unavailable,,350
441,20.775763290001123,37.16753200023959,9.90827199893829,selected,unavailable,,350
442,20.823071572000117,9.992622000936535,9.925049998855684,selected,unavailable,,350
443,20.867437918001087,36.15340000033029,8.108836998871993,selected,unavailable,,350
444,20.91443620500104,38.78834100032691,8.15016900014598,selected,unavailable,,350
445,20.966865778000283,41.97842100074922,10.390153000116698,selected,unavailable,,350
446,21.01142234300096,34.59625700088509,9.891161000268767,selected,unavailable,,350
447,21.058174560001135,37.086885999087826,9.596850999514572,selected,unavailable,,350
448,21.104109141000663,36.933684001269285,8.93515699863201,selected,unavailable,,350
449,21.15188658200168,38.54875199976959,9.163339000224369,selected,unavailable,,350
450,21.19987687200046,38.159425001140335,9.766662000401993,selected,unavailable,,350
451,21.247328615001607,37.098404000062146,10.284821999448468,selected,unavailable,,350
452,21.29390670400062,36.80039000028046,9.708849000162445,selected,unavailable,,350
453,21.341172709000602,37.30591899875435,9.892439000395825,selected,unavailable,,350
454,21.38819729200077,37.25043899976299,9.704625999802374,selected,unavailable,,350
455,21.435234356000365,37.05747899948619,9.904141999868443,selected,unavailable,,350
456,21.48250202700001,37.296955999408965,9.900031000142917,selected,unavailable,,350
457,21.52929831700021,37.038718999610865,9.688034999271622,selected,unavailable,,350
458,21.577063073000318,38.11103599946364,9.57614700018894,selected,unavailable,,350
459,21.62426102400059,36.667947000751155,10.462244999871473,selected,unavailable,,350
460,21.67061546900004,36.584153000148945,9.6995900003094,selected,unavailable,,350
461,21.71877447800034,37.87676200045098,10.212989000137895,selected,unavailable,,350
462,21.764773447001062,36.31441600009566,9.616110000933986,selected,unavailable,,350
463,21.812064340001598,37.40850999929535,9.812624999540276,selected,unavailable,,350
464,21.859568360001504,10.835850000148639,9.973529999115271,selected,unavailable,,350
465,21.904049463000774,36.00866099986888,8.402258001297014,selected,unavailable,,350
466,21.950819587000296,38.54164100084745,8.169205999365658,selected,unavailable,,350
467,22.003444175001277,41.46831700018083,11.095474999819999,selected,unavailable,,350
468,22.049351553001543,34.867995000240626,10.961846999634872,selected,unavailable,,350
469,22.095718275000763,36.088105000089854,10.202969999227207,selected,unavailable,,350
470,22.141878019001524,36.39258200018958,9.69721900037257,selected,unavailable,,350
471,22.190336745999957,38.426697999966564,9.958288999769138,selected,unavailable,,350
472,22.236242161001428,35.923662999266526,9.912159999657888,selected,unavailable,,350
473,22.284107231000235,37.585748001220054,10.071306000099867,selected,unavailable,,350
474,22.33034832500016,36.46043200023996,9.711220000099274,selected,unavailable,,350
475,22.377440203001242,37.321288999009994,9.700718999738456,selected,unavailable,,350
476,22.424865001999933,37.38691800026572,9.96901100006653,selected,unavailable,,350
477,22.47175514200171,36.934627998562064,9.885920000670012,selected,unavailable,,350
478,22.518883223001467,37.298826000551344,9.759459000633797,selected,unavailable,,350
479,22.56597904500086,37.22516099878703,9.80162500127335,selected,unavailable,,350
480,22.613735227001598,37.22006899988628,10.468132999449153,selected,unavailable,,350
481,22.660413722000158,36.63376199983759,9.971956000299542,selected,unavailable,,350
482,22.707781429000534,37.03740499986452,10.259766000672244,selected,unavailable,,350
483,22.754846937001275,36.712242999783484,10.28352499997709,selected,unavailable,,350
484,22.803566660000797,38.41145799924561,10.238340000796597,selected,unavailable,,350
485,22.849007952001557,35.55079800025851,9.821309999097139,selected,unavailable,,350
486,22.89623695699993,9.587738999471185,10.146953000003123,selected,unavailable,,350
487,22.9418634320009,36.72311299851572,8.833788000629283,selected,unavailable,,350
488,22.988050416000988,37.361491999035934,8.76745599998685,selected,unavailable,,350
489,23.035966207000456,38.29720000067027,9.557203000440495,selected,unavailable,,350
490,23.084419434000665,38.35742099909112,10.026604000813677,selected,unavailable,,350
491,23.131539070000144,37.068960000397055,9.980474000258255,selected,unavailable,,350
492,23.17898409100053,37.09814399917377,10.276840001097298,selected,unavailable,,350
493,23.22582125000008,36.69785400052206,10.070917000120971,selected,unavailable,,350
494,23.272855462000734,36.94044400072016,10.023898999861558,selected,unavailable,,350
495,23.320120022000992,37.04877500058501,10.147027000130038,selected,unavailable,,350
496,23.366863998000554,36.85674000007566,9.81818100081,selected,unavailable,,350
497,23.415490389001206,38.864599000589806,9.692886000266299,selected,unavailable,,350
498,23.461316823000743,35.85064499930013,9.905160000926116,selected,unavailable,,350
499,23.508294573000967,37.12484800053062,9.783180999875185,selected,unavailable,,350
500,23.55579668500104,37.33749200000602,10.095621000800747,selected,unavailable,,350
501,23.602573938000205,36.85072299958847,9.858752999207354,selected,unavailable,,350
502,23.649978311001178,37.43056500024977,9.904993999953149,selected,unavailable,,350
503,23.696879413000715,36.79288999956043,10.036677000243799,selected,unavailable,,350
504,23.743879996000032,37.16234700004861,9.768088999408064,selected,unavailable,,350
505,23.791045373000088,37.137032000828185,9.957455999028753,selected,unavailable,,350
506,23.83808486199996,37.10719999980938,9.834902000875445,selected,unavailable,,350
507,23.885113611000634,37.296622000212665,9.66388699998788,selected,unavailable,,350
508,23.93287677400076,11.059105998356245,9.982826000850764,selected,unavailable,,350
509,23.977261305000866,36.232083999493625,8.08285600032832,selected,unavailable,,350
510,24.025844159999906,40.47186900061206,8.050782000282197,selected,unavailable,,350
511,24.075413739001306,38.401365000027,11.10653100113268,selected,unavailable,,350
512,24.122317713001394,35.92169999865291,10.906867000812781,selected,unavailable,,350
513,24.169434331000957,36.942740000085905,10.096564999912516,selected,unavailable,,350
514,24.215319153001474,35.78094300064549,10.033732000010787,selected,unavailable,,350
515,24.262606731001142,37.17660599977535,10.041305999038741,selected,unavailable,,350
516,24.30937137300134,36.820389999775216,9.875124000245705,selected,unavailable,,350
517,24.356340308000654,37.07316399959382,9.8256430010224,selected,unavailable,,350
518,24.40345277800043,37.258456999552436,9.784514000784839,selected,unavailable,,350
519,24.45061134000025,37.3627149983804,9.725404001073912,selected,unavailable,,350
520,24.49786475200017,37.16423600053531,10.02136200077075,selected,unavailable,,350
521,24.545387178000965,37.684689999878174,9.771515000466025,selected,unavailable,,350
522,24.59193174900065,36.61159600051178,9.859920999588212,selected,unavailable,,350
523,24.639972390001276,38.26607000155491,9.705774999019923,selected,unavailable,,350
524,24.686363741000605,36.41061799862655,9.911142000419204,selected,unavailable,,350
525,24.733155049001653,36.99146100007056,9.72777399874758,selected,unavailable,,350
526,24.780619143000877,37.34032600004866,10.055601998828934,selected,unavailable,,350
527,24.827654633001657,37.10569999930158,9.858587000053376,selected,unavailable,,350
528,24.874505051000597,37.10034799951245,9.680053000920452,selected,unavailable,,350
529,24.921669668001414,37.510619000386214,9.584814000845654,selected,unavailable,,350
530,24.969122040000002,10.101805000886088,9.807624999666587,selected,unavailable,,350
531,25.014003433001562,36.19956500006083,8.611996001491207,selected,unavailable,,350
532,25.060716519999914,38.43810499893152,8.215482999730739,selected,unavailable,,350
533,25.1103228030006,40.320482999959495,9.225207999406848,selected,unavailable,,350
534,25.157860100000107,37.30249299951538,10.16710099975171,selected,unavailable,,350
535,25.204693463001604,36.82463000041025,9.939104000295629,selected,unavailable,,350
536,25.253119375000097,38.538900000276044,9.81830999990052,selected,unavailable,,350
537,25.29933287700078,36.045401999217574,10.097102000145242,selected,unavailable,,350
538,25.345993798000563,36.661150999862,9.930789999998524,selected,unavailable,,350
539,25.39312636000068,37.169790999541874,9.8942349995923,selected,unavailable,,350
540,25.440087221000795,37.09019999951124,9.801180000067689,selected,unavailable,,350
541,25.487271375001,37.173828000959475,9.9401970001054,selected,unavailable,,350
542,25.53384009399997,37.346009999964735,9.154098999715643,selected,unavailable,,350
543,25.581506222000826,37.73696700045548,9.860827998636523,selected,unavailable,,350
544,25.62847063800109,37.0185899992066,9.878254000796005,selected,unavailable,,350
545,25.676033786001426,37.515895999604254,9.977845000321395,selected,unavailable,,350
546,25.722875982000915,36.9731459995819,9.799550998650375,selected,unavailable,,350
547,25.769915656001103,37.257697998938966,9.713033001389704,selected,unavailable,,350
548,25.81740837899997,37.307196000256226,10.118360998603748,selected,unavailable,,350
549,25.865629276000618,38.80726600073103,9.338854999441537,selected,unavailable,,350
550,25.911219973000698,35.63548199963407,9.884883000268019,selected,unavailable,,350
551,25.958761751000566,37.12968099898717,10.341839000830078,selected,unavailable,,350
552,26.00591042400083,10.196451999945566,10.168120001253556,selected,unavailable,,350
553,26.045905541001048,34.26109599968186,5.687244000000646,selected,unavailable,,350
554,26.093331080001008,41.39874399879773,5.98110999999335,selected,unavailable,,350
555,26.140100407001228,41.06300799867313,5.659985999955097,selected,unavailable,,350
556,26.18741568800033,41.4158919993497,5.85240899999917,selected,unavailable,,350
557,26.234569732001546,41.32152299825975,5.783428001450375,selected,unavailable,,350
558,26.281704293000075,41.272357000707416,5.814334999740822,selected,unavailable,,350
559,26.32862689600006,41.26354300024104,5.611949000012828,selected,unavailable,,350
560,26.375864049001393,41.40918899975077,5.782280000858009,selected,unavailable,,350
561,26.422901816000376,41.22207999898819,5.769466000856482,selected,unavailable,,350
562,26.471570780000548,42.766593000123976,5.857407999428688,selected,unavailable,,350
563,26.517124070000136,39.88441599904036,5.622134000077494,selected,unavailable,,350
564,26.56416002200058,41.338244000144186,5.6520420002925675,selected,unavailable,,350
565,26.611332861000847,41.352152000399656,5.77118699948187,selected,unavailable,,350
566,26.65826857400134,41.30220800107054,5.589098000200465,selected,unavailable,,350
567,26.705563429000904,41.589667000152986,5.661208000674378,selected,unavailable,,350
568,26.753006709001056,41.29143000136537,6.003517999488395,selected,unavailable,,350
569,26.79994088500098,41.101877999608405,5.784539000160294,selected,unavailable,,350
570,26.84675597000023,41.20359799890139,5.563747001360753,selected,unavailable,,350
571,26.89406943600079,41.55137100133288,5.716132998713874,selected,unavailable,,350
572,26.941136888000983,41.40068800006702,5.62020899997151,selected,unavailable,,350
573,26.988600018999932,41.450964999967255,5.9665000007953495,selected,unavailable,,350
574,27.035318513000675,26.139315001273644,5.626374999337713,selected,unavailable,,350
575,27.08278079200136,41.46539099929214,5.951110999376397,selected,unavailable,,350
576,27.12952213800054,41.01963799985242,5.676764001691481,selected,unavailable,,350
577,27.176643292001245,41.36500300046464,5.709744998966926,selected,unavailable,,350
578,27.224025332001474,41.557426999133895,5.778243001259398,selected,unavailable,,350
579,27.27080669499992,41.098766998402425,5.637246000333107,selected,unavailable,,350
580,27.318014903999938,41.553704999387264,5.60913499975868,selected,unavailable,,350
581,27.365458887001296,41.55763000017032,5.841056999997818,selected,unavailable,,350
582,27.41211688200019,41.03530499924091,5.575856999712414,selected,unavailable,,350
583,27.459285758000988,41.46003899950301,5.662966999807395,selected,unavailable,,350
584,27.50654098400082,41.447076999247656,5.761669001003611,selected,unavailable,,350
585,27.55350132700005,41.31611599950702,5.597616000159178,selected,unavailable,,350
586,27.60059363000073,41.43941000074847,5.607097999018151,selected,unavailable,,350
587,27.647682673001327,41.452965000644326,5.589098000200465,selected,unavailable,,350
588,27.69492904800063,41.52613000042038,5.6745039983070455,selected,unavailable,,350
589,27.74197792600171,41.42389200023899,5.577931000516401,selected,unavailable,,350
590,27.790527503000703,42.914163999739685,5.589876000158256,selected,unavailable,,350
591,27.836182513001404,39.98806100025831,5.619765001029009,selected,unavailable,,350
592,27.883345666999958,41.61764800119272,5.496173998835729,selected,unavailable,,350
593,27.930997776000368,41.72921999997925,5.87548300063645,selected,unavailable,,350
594,27.97779936200095,41.05732300013187,5.696856000213302,selected,unavailable,,350
595,28.025085773000683,41.35517000031541,5.886205000933842,selected,unavailable,,350
596,28.072119781001675,25.076608999370364,5.844815999807906,selected,unavailable,,350
597,28.118914070000756,41.113581999525195,5.634319000819232,selected,unavailable,,350
598,28.166454551001152,41.53175999999803,5.959908001386793,selected,unavailable,,350
599,28.213036787999954,41.16056200109597,5.376637998779188,selected,unavailable,,350
600,28.260471696999957,41.51651899883291,5.871463999937987,selected,unavailable,,350
601,28.30736261400125,41.242264000175055,5.602579998594592,selected,unavailable,,350
602,28.354417529000784,41.491760001008515,5.516043998795794,selected,unavailable,,350
603,28.401742662001197,41.56946300099662,5.709225999453338,selected,unavailable,,350
604,28.448802299000818,41.35848499936401,5.655004000800545,selected,unavailable,,350
605,28.49586421300046,41.39418799968553,5.621764001261909,selected,unavailable,,350
606,28.543000571000448,41.4240210011485,5.664799999067327,selected,unavailable,,350
607,28.59044612800062,41.43278000083228,5.966758999420563,selected,unavailable,,350
608,28.63751550500092,41.16167400025006,5.861407998963841,selected,interpolated,-0.134375,355
609,28.684052650000012,41.14117300014186,5.347027999960119,selected,unavailable,,350
610,28.731732962000024,41.735848999451264,5.898204999539303,selected,unavailable,,350
611,28.77870176700162,41.16500599957362,5.757744000220555,selected,unavailable,,350
612,28.825277078,41.33802300020761,5.1921960002800915,selected,unavailable,,350
613,28.873202108999976,41.8642179993185,6.014110000251094,selected,unavailable,,350
614,28.919499128000098,41.06648999913887,5.1849739993485855,selected,unavailable,,350
615,28.96697368400055,41.79738600032579,5.630579000353464,selected,unavailable,,350
616,29.014031432001502,41.4296689996263,5.582727999353665,selected,unavailable,,350
617,29.06151202500041,41.59983300087333,5.83524200010288,selected,unavailable,,350
618,29.110301506001633,27.519811999809463,6.039330999556114,selected,unavailable,,350
619,29.155104103001577,39.42379299951426,5.331917000148678,selected,unavailable,,350
620,29.202757398001268,41.86308800126426,5.72009600000456,selected,unavailable,,350
621,29.24996436500078,41.281392999735544,5.88079800036212,selected,unavailable,,350
622,29.296748877000937,41.17509899879224,5.564413000683999,selected,unavailable,,350
623,29.34395045600104,41.51885300052527,5.637096999635105,selected,unavailable,,350
624,29.391032092000387,41.309763000754174,5.725077000533929,selected,unavailable,,350
625,29.43818885700057,41.44577999977628,5.6649119997018715,selected,unavailable,,350
626,29.48525097500169,41.36933699919609,5.646633999276673,selected,unavailable,,350
627,29.53251770099996,41.458889998466475,5.762688000686467,selected,unavailable,,350
628,29.579730225001185,41.25794900028268,5.9090560007462045,selected,unavailable,,350
629,29.62692232200061,41.41992899894831,5.725114000597387,selected,unavailable,,350
630,29.673745833000794,41.075674998865,5.703226001060102,selected,unavailable,,350
631,29.72142477500165,41.76251500030048,5.872260999240098,selected,unavailable,,350
632,29.767973216001337,40.82684499917377,5.675411000993336,selected,unavailable,,350
633,29.815039278000768,41.31372600022587,5.70591099858575,selected,unavailable,,350
634,29.862066971001695,41.405928999665775,5.575819999648957,selected,unavailable,,350
635,29.909206162001283,41.51044500031276,5.583690999628743,selected,unavailable,,350
636,29.956271095001284,41.461872000581934,5.556801999773597,selected,unavailable,,350
637,30.00330841700088,41.49107599914714,5.4987839994282695,selected,unavailable,,350
