frame,elapsed_s,capture_wait_ms,vision_and_pwm_ms,track_status,control_status,near_status,far_status,pair_status,near_offset,far_y,far_x,preview_error,steering_pwm,pwm_sent
1,0.042019050000817515,32.50641399972665,9.075032001419459,selected,ready,interpolated,direct,consistent,0.12708333333333338,0.55,87.0,0.06770833333333329,347,True
2,0.13556584300022223,41.445912000199314,8.124047999444883,selected,ready,interpolated,direct,consistent,0.12708333333333338,0.55,87.0,0.06770833333333329,347,True
3,0.18226266599958763,38.928529000259005,7.673037000131444,selected,ready,interpolated,direct,consistent,0.125,0.55,86.75,0.0640625,347,True
4,0.22938731599970197,39.298948999203276,7.738424999843119,selected,ready,interpolated,direct,consistent,0.12708333333333338,0.55,87.0,0.06770833333333329,347,True
5,0.27675655399980315,39.26087500076392,8.018660999368876,selected,ready,interpolated,direct,consistent,0.12708333333333338,0.55,87.0,0.06770833333333329,347,True
6,0.3710380560005433,45.45288200097275,8.144176999849151,selected,ready,interpolated,direct,consistent,0.12708333333333338,0.55,87.0,0.06770833333333329,347,True
7,0.4181014290006715,38.93804600011208,8.036680001168861,selected,ready,interpolated,direct,consistent,0.12708333333333338,0.55,87.0,0.06770833333333329,347,True
8,0.46525339300023916,39.01228699942294,8.050290000028326,selected,ready,interpolated,direct,consistent,0.12708333333333338,0.55,87.0,0.06770833333333329,347,True
9,0.512167397999292,38.919917000384885,7.90814499850967,selected,ready,interpolated,direct,consistent,0.12708333333333338,0.55,87.0,0.06770833333333329,347,True
10,0.606148368000504,45.54139799984114,7.652334001249983,selected,ready,interpolated,direct,consistent,0.12708333333333338,0.55,87.0,0.06770833333333329,347,True
11,0.6534221630008687,39.22891299953335,7.957069001349737,selected,ready,interpolated,direct,consistent,0.12708333333333338,0.55,86.75,0.0630208333333333,347,True
12,0.7006470150008681,39.21259700109658,7.927829999971436,selected,ready,interpolated,direct,consistent,0.12708333333333338,0.55,87.0,0.06770833333333329,347,True
13,0.747641444000692,39.000971999485046,7.9053850004129345,selected,ready,interpolated,direct,consistent,0.12708333333333338,0.55,87.0,0.06770833333333329,347,True
14,0.8418380589992012,46.14183300145669,7.794534998538438,selected,ready,interpolated,direct,consistent,0.12708333333333338,0.55,87.0,0.06770833333333329,347,True
15,0.88884324799983,39.24150500097312,7.678907999434159,selected,ready,interpolated,direct,consistent,0.12708333333333338,0.55,87.0,0.06770833333333329,347,True
16,0.9361602829994808,39.29889300161449,7.931921998533653,selected,ready,interpolated,direct,consistent,0.12708333333333338,0.55,87.0,0.06770833333333329,347,True
17,0.9835572610008967,39.74351500073681,7.5662060007744,selected,ready,interpolated,direct,consistent,0.12708333333333338,0.55,87.0,0.06770833333333329,347,True
18,1.0772412730002543,46.08555599952524,7.741127999906894,selected,ready,interpolated,direct,consistent,0.12708333333333338,0.55,86.75,0.0630208333333333,347,True
19,1.124760527000035,39.370428001348046,7.912921999377431,selected,ready,interpolated,direct,consistent,0.12708333333333338,0.55,87.0,0.06770833333333329,347,True
20,1.1716919020000205,38.88325200023246,7.962401999975555,selected,ready,interpolated,direct,consistent,0.12708333333333338,0.55,87.0,0.06770833333333329,347,True
21,1.2189110870003788,39.16137699889077,7.974087000548025,selected,ready,interpolated,direct,consistent,0.12708333333333338,0.55,87.0,0.06770833333333329,347,True
22,1.312840540000252,46.35686599976907,7.704333000219776,selected,ready,interpolated,direct,consistent,0.12708333333333338,0.55,87.0,0.06770833333333329,347,True
23,1.3602600360009092,39.353762000246206,7.9816060006123735,selected,ready,interpolated,direct,consistent,0.12708333333333338,0.55,86.75,0.0630208333333333,347,True
24,1.4073926670007495,39.04641600092873,7.998697999937576,selected,ready,interpolated,direct,consistent,0.12708333333333338,0.55,87.0,0.06770833333333329,347,True
25,1.4543925230009336,38.94721300093806,7.9442740006925305,selected,ready,interpolated,direct,consistent,0.12708333333333338,0.55,87.0,0.06770833333333329,347,True
26,1.5483631780007272,46.38353299924347,7.684629001232679,selected,ready,interpolated,direct,consistent,0.12708333333333338,0.55,87.0,0.06770833333333329,347,True
27,1.5958927280007629,39.53698100121983,7.905700000264915,selected,ready,interpolated,direct,consistent,0.12708333333333338,0.55,86.75,0.0630208333333333,347,True
28,1.6428680099998019,38.947695000388194,7.9383470001630485,selected,ready,interpolated,direct,consistent,0.12708333333333338,0.55,87.0,0.06770833333333329,347,True
29,1.690023196000766,39.08704500099702,7.984476000274299,selected,ready,interpolated,direct,consistent,0.12708333333333338,0.55,87.0,0.06770833333333329,347,True
30,1.7843051239997294,46.15816499972425,8.074048999333172,selected,ready,interpolated,direct,consistent,0.12708333333333338,0.55,87.0,0.06770833333333329,347,True
31,1.8315414570006396,39.01884199876804,8.132103001116775,selected,ready,interpolated,direct,consistent,0.12708333333333338,0.55,87.0,0.06770833333333329,347,True
32,1.878159207999488,38.874084000781295,7.658426999114454,selected,ready,interpolated,direct,consistent,0.12708333333333338,0.55,87.0,0.06770833333333329,347,True
33,1.9255969080004434,39.41776099964045,7.936996000353247,selected,ready,interpolated,direct,consistent,0.12708333333333338,0.55,86.75,0.0630208333333333,347,True
34,2.0203854009996576,46.26836799980083,8.548928999516647,selected,ready,interpolated,direct,consistent,0.12708333333333338,0.55,86.75,0.0630208333333333,347,True
35,2.06680178500028,38.371093998648576,7.955606000905391,selected,ready,interpolated,direct,consistent,0.12708333333333338,0.55,86.75,0.0630208333333333,347,True
36,2.1139514530004817,39.04998899997736,8.013032000235398,selected,ready,interpolated,direct,consistent,0.12708333333333338,0.55,87.0,0.06770833333333329,347,True
37,2.1610308250001253,38.85795600035635,7.9531800001859665,selected,ready,interpolated,direct,consistent,0.12708333333333338,0.55,87.0,0.06770833333333329,347,True
38,2.255302568000843,46.241480000389856,8.02762300008908,selected,ready,interpolated,direct,consistent,0.12708333333333338,0.55,87.0,0.06770833333333329,347,True
39,2.302268109999204,38.927399000385776,7.9512369993608445,selected,ready,interpolated,direct,consistent,0.12708333333333338,0.55,86.75,0.0630208333333333,347,True
40,2.34942312900057,39.09632199975022,7.973088000653661,selected,ready,interpolated,direct,consistent,0.12708333333333338,0.55,87.0,0.06770833333333329,347,True
41,2.3960340459998406,38.9117319991783,7.613779000166687,selected,ready,interpolated,direct,consistent,0.12708333333333338,0.55,87.0,0.06770833333333329,347,True
42,2.4905777290005062,46.75721099920338,7.704092000494711,selected,ready,interpolated,direct,consistent,0.12708333333333338,0.55,87.0,0.06770833333333329,347,True
43,2.537951485999656,39.27154099983454,8.017439000468585,selected,ready,interpolated,direct,consistent,0.12708333333333338,0.55,87.0,0.06770833333333329,347,True
44,2.5846353100005217,38.98038000079396,7.619019999765442,selected,ready,interpolated,direct,consistent,0.12708333333333338,0.55,87.0,0.06770833333333329,347,True
45,2.6320316580004146,39.408335000189254,7.902421999460785,selected,ready,interpolated,direct,consistent,0.12708333333333338,0.55,86.75,0.0630208333333333,347,True
46,2.728748527000789,48.82332399938605,8.005384001080529,selected,ready,interpolated,direct,consistent,0.12708333333333338,0.55,87.0,0.06770833333333329,347,True
47,2.773485031000746,36.61925300002622,8.03104900114704,selected,ready,interpolated,direct,consistent,0.12708333333333338,0.55,87.0,0.06770833333333329,347,True
48,2.8205428670007677,39.0180459999101,7.955995000884286,selected,ready,interpolated,direct,consistent,0.12708333333333338,0.55,87.0,0.06770833333333329,347,True
49,2.867474112999844,39.177672000732855,7.664037999347784,selected,ready,interpolated,direct,consistent,0.12708333333333338,0.55,87.0,0.06770833333333329,347,True
50,2.970589354999902,48.97776700090617,14.219222999599879,selected,ready,interpolated,direct,consistent,0.12708333333333338,0.55,87.0,0.06770833333333329,347,True
51,3.0179535930001293,32.966758000839036,14.261259999329923,selected,ready,interpolated,direct,consistent,0.12708333333333338,0.55,87.0,0.06770833333333329,347,True
52,3.0654215140002634,33.11066300011589,14.219611999578774,selected,ready,interpolated,direct,consistent,0.12708333333333338,0.55,87.0,0.06770833333333329,347,True
53,3.1112905370009685,32.15695800099638,13.575678000051994,selected,ready,interpolated,direct,consistent,0.12708333333333338,0.55,87.0,0.06770833333333329,347,True
54,3.2005553279996093,21.694744998967508,8.04355000036594,selected,ready,interpolated,direct,consistent,0.12708333333333338,0.55,87.0,0.06770833333333329,347,True
55,3.2446806019997894,35.84374700039916,8.007458000065526,selected,ready,interpolated,direct,consistent,0.12708333333333338,0.55,87.0,0.06770833333333329,347,True
56,3.291326463000587,38.947398999880534,7.611574999828008,selected,ready,interpolated,direct,consistent,0.12708333333333338,0.55,87.0,0.06770833333333329,347,True
57,3.338847753999289,39.462259999709204,7.97434699961741,selected,ready,interpolated,direct,consistent,0.12708333333333338,0.55,87.0,0.06770833333333329,347,True
58,3.4327397069992003,46.37164300038421,7.687073999477434,selected,ready,interpolated,direct,consistent,0.12708333333333338,0.55,87.0,0.06770833333333329,347,True
59,3.4801863140000933,39.448389999961364,7.910070000434644,selected,ready,interpolated,direct,consistent,0.12708333333333338,0.55,86.75,0.0630208333333333,347,True
60,3.5273567599997477,39.08978600156843,7.992179998836946,selected,ready,interpolated,direct,consistent,0.12708333333333338,0.55,87.0,0.06770833333333329,347,True
61,3.5744234470002993,38.97389799931261,8.006772000953788,selected,ready,interpolated,direct,consistent,0.12708333333333338,0.55,87.0,0.06770833333333329,347,True
62,3.6687625970007502,46.567473000322934,8.041106000746367,selected,ready,interpolated,direct,consistent,0.12708333333333338,0.55,87.0,0.06770833333333329,347,True
63,3.715680842000438,38.85801100113895,7.97449499987124,selected,ready,interpolated,direct,consistent,0.12708333333333338,0.55,87.0,0.06770833333333329,347,True
64,3.7629582850004226,39.10433999953966,8.087993001026916,selected,ready,interpolated,direct,consistent,0.12708333333333338,0.55,87.0,0.06770833333333329,347,True
65,3.8096978119992855,38.904659000763786,7.7504059991042595,selected,ready,interpolated,direct,consistent,0.12708333333333338,0.55,87.0,0.06770833333333329,347,True
66,3.904207588000645,46.716267001102096,7.981810000273981,selected,ready,interpolated,direct,consistent,0.12708333333333338,0.55,86.75,0.0630208333333333,347,True
67,3.9514121989996056,39.05345299972396,8.063733999733813,selected,ready,interpolated,direct,consistent,0.12708333333333338,0.55,87.0,0.06770833333333329,347,True
68,3.998041430999365,38.8484930008417,7.6708889992005425,selected,ready,interpolated,direct,consistent,0.12708333333333338,0.55,87.0,0.06770833333333329,347,True
69,4.045550704000561,39.411002000633744,8.013308999579749,selected,ready,interpolated,direct,consistent,0.12708333333333338,0.55,86.75,0.0630208333333333,347,True
70,4.1395554520004225,46.69600899978832,7.7245920001587365,selected,ready,interpolated,direct,consistent,0.12708333333333338,0.55,87.0,0.06770833333333329,347,True
71,4.18713996400038,39.48411200144619,8.014049999474082,selected,ready,interpolated,direct,consistent,0.12708333333333338,0.55,87.0,0.06770833333333329,347,True
72,4.234653903000435,39.46357499989972,7.965087999764364,selected,ready,interpolated,direct,consistent,0.12708333333333338,0.55,86.75,0.0630208333333333,347,True
73,4.281106045000342,38.24224399977538,7.9751610010134755,selected,ready,interpolated,direct,consistent,0.12708333333333338,0.55,87.0,0.06770833333333329,347,True
74,4.3748997040002,46.21640499863133,7.702815000811825,selected,ready,interpolated,direct,consistent,0.12708333333333338,0.55,87.0,0.06770833333333329,347,True
75,4.422381587999553,39.430409000488,7.965364999108715,selected,ready,interpolated,direct,consistent,0.12708333333333338,0.55,87.0,0.06770833333333329,347,True
76,4.469548367000243,39.12924699943687,7.952347999889753,selected,ready,interpolated,direct,consistent,0.12708333333333338,0.55,87.0,0.06770833333333329,347,True
77,4.516581498999585,39.00169400003506,7.947680000143009,selected,ready,interpolated,direct,consistent,0.12708333333333338,0.55,87.0,0.06770833333333329,347,True
78,4.610601690999829,46.649471998534864,7.735666000371566,selected,ready,interpolated,direct,consistent,0.12708333333333338,0.55,87.25,0.0723958333333333,347,True
79,4.657796302000861,39.40924299968174,7.698740000705584,selected,ready,interpolated,direct,consistent,0.12708333333333338,0.55,87.0,0.06770833333333329,347,True
80,4.705180299000858,39.31776299941703,7.982513001479674,selected,ready,interpolated,direct,consistent,0.12708333333333338,0.55,86.75,0.0630208333333333,347,True
81,4.752507797000362,39.28656000061892,7.9576429998269305,selected,ready,interpolated,direct,consistent,0.12708333333333338,0.55,87.0,0.06770833333333329,347,True
82,4.846836705999522,46.169666000423604,8.199138999771094,selected,ready,interpolated,direct,consistent,0.12708333333333338,0.55,87.0,0.06770833333333329,347,True
83,4.893316256000617,38.71069900014845,7.680241000343813,selected,ready,interpolated,direct,consistent,0.12708333333333338,0.55,86.75,0.0630208333333333,347,True
84,4.940367851000701,39.35111399914604,7.615149001139798,selected,ready,interpolated,direct,consistent,0.12708333333333338,0.55,87.0,0.06770833333333329,347,True
85,4.98796664099973,39.54862900172884,7.964884998727939,selected,ready,interpolated,direct,consistent,0.12708333333333338,0.55,87.0,0.06770833333333329,347,True
86,5.083574250000311,47.67415900096239,8.067770999332424,selected,ready,interpolated,direct,consistent,0.12708333333333338,0.55,87.25,0.0723958333333333,347,True
87,5.129263701999662,37.60055099883175,8.001606000107131,selected,ready,interpolated,direct,consistent,0.12708333333333338,0.55,87.0,0.06770833333333329,347,True
88,5.175965914000699,39.041656000335934,7.575391000500531,selected,ready,interpolated,direct,consistent,0.12708333333333338,0.55,86.75,0.0630208333333333,347,True
89,5.223324282000249,39.28750399973069,7.985051001014654,selected,ready,interpolated,direct,consistent,0.12708333333333338,0.55,86.75,0.0630208333333333,347,True
90,5.317680968000786,46.758378000959055,7.795887000611401,selected,ready,interpolated,direct,consistent,0.12708333333333338,0.55,87.0,0.06770833333333329,347,True
91,5.3648471720007365,38.9237690014852,8.00377199993818,selected,ready,interpolated,direct,consistent,0.12708333333333338,0.55,87.0,0.06770833333333329,347,True
92,5.411551625000357,38.984619999610004,7.634371000676765,selected,ready,interpolated,direct,consistent,0.12708333333333338,0.55,86.75,0.0630208333333333,347,True
93,5.459014010000828,39.42918699976872,7.945459001348354,selected,ready,interpolated,direct,consistent,0.12708333333333338,0.55,87.0,0.06770833333333329,347,True
94,5.554411529999925,47.52847599957022,8.094826000160538,selected,ready,interpolated,direct,consistent,0.12708333333333338,0.55,87.0,0.06770833333333329,347,True
95,5.600286831000631,37.850602999242255,7.93818100100907,selected,ready,interpolated,direct,consistent,0.12708333333333338,0.55,87.0,0.06770833333333329,347,True
96,5.647376869999789,39.01476799910597,7.987439999851631,selected,ready,interpolated,direct,consistent,0.12708333333333338,0.55,87.0,0.06770833333333329,347,True
97,5.694147025000348,39.03678599999694,7.626779000929673,selected,ready,interpolated,direct,consistent,0.12708333333333338,0.55,87.0,0.06770833333333329,347,True
98,5.788407804999224,46.80900699895574,7.635203999598161,selected,ready,interpolated,direct,consistent,0.12708333333333338,0.55,86.75,0.0630208333333333,347,True
99,5.836135036999622,39.657035000345786,7.9829389997030376,selected,ready,interpolated,direct,consistent,0.12708333333333338,0.55,87.0,0.06770833333333329,347,True
100,5.882958451000377,39.09165599907283,7.642815000508563,selected,ready,interpolated,direct,consistent,0.12708333333333338,0.55,87.0,0.06770833333333329,347,True
101,5.930084379000618,39.03139700014435,8.007884000107879,selected,ready,interpolated,direct,consistent,0.12708333333333338,0.55,87.0,0.06770833333333329,347,True
102,6.024501637999492,46.36482900059491,8.076307998635457,selected,ready,interpolated,direct,consistent,0.12708333333333338,0.55,86.75,0.0630208333333333,347,True
103,6.0714644199997565,38.90054799921927,7.974606000061613,selected,ready,interpolated,direct,consistent,0.12708333333333338,0.55,86.75,0.0630208333333333,347,True
104,6.118190391000098,38.9946939994843,7.644019000508706,selected,ready,interpolated,direct,consistent,0.12708333333333338,0.55,87.0,0.06770833333333329,347,True
105,6.165678608000235,39.42979800012836,7.972901999892201,selected,ready,interpolated,direct,consistent,0.12708333333333338,0.55,87.0,0.06770833333333329,347,True
106,6.260015683999882,46.45503100073256,8.059030998992966,selected,ready,interpolated,direct,consistent,0.12708333333333338,0.55,86.75,0.0630208333333333,347,True
107,6.3070719269999245,38.95571300017764,8.013308999579749,selected,ready,interpolated,direct,consistent,0.12708333333333338,0.55,87.0,0.06770833333333329,347,True
108,6.353741991999414,38.96719499971368,7.616463999511325,selected,ready,interpolated,direct,consistent,0.12708333333333338,0.55,86.75,0.0630208333333333,347,True
109,6.400915270000041,39.258411999981035,7.646092999493703,selected,ready,interpolated,direct,consistent,0.12708333333333338,0.55,87.0,0.06770833333333329,347,True
110,6.495347918000334,46.93359800148755,7.716313999480917,selected,ready,interpolated,direct,consistent,0.12708333333333338,0.55,87.0,0.06770833333333329,347,True
111,6.542736618999697,39.32041099869821,7.981847000337439,selected,ready,interpolated,direct,consistent,0.12708333333333338,0.55,87.0,0.06770833333333329,347,True
112,6.589780231999612,38.929268999709166,8.028919999560458,selected,ready,interpolated,direct,consistent,0.12708333333333338,0.55,86.75,0.0630208333333333,347,True
113,6.636960326000917,39.06741500031785,8.026661000258173,selected,ready,interpolated,direct,consistent,0.12708333333333338,0.55,87.0,0.06770833333333329,347,True
114,6.731262661000073,46.22879400085367,8.087567999609746,selected,ready,interpolated,direct,consistent,0.12708333333333338,0.55,87.0,0.06770833333333329,347,True
115,6.777904373999263,38.87093699995603,7.6824439984193305,selected,ready,interpolated,direct,consistent,0.12708333333333338,0.55,87.0,0.06770833333333329,347,True
116,6.82548379400032,39.42885299875343,8.065068001087639,selected,ready,interpolated,direct,consistent,0.12708333333333338,0.55,87.0,0.06770833333333329,347,True
117,6.873890885000947,40.29869000078179,8.023847000004025,selected,ready,interpolated,direct,consistent,0.12708333333333338,0.55,87.0,0.06770833333333329,347,True
118,6.968232441000509,46.80322899912426,7.702259001234779,selected,ready,interpolated,direct,consistent,0.12708333333333338,0.55,87.0,0.06770833333333329,347,True
119,7.013673748999281,37.65680899959989,7.699073999901884,selected,ready,interpolated,direct,consistent,0.12708333333333338,0.55,87.0,0.06770833333333329,347,True
120,7.06105006100006,39.30717100047332,7.984754000062821,selected,ready,interpolated,direct,consistent,0.12708333333333338,0.55,87.0,0.06770833333333329,347,True
121,7.108072712000649,39.01947099984682,7.918922001408646,selected,ready,interpolated,direct,consistent,0.12708333333333338,0.55,87.0,0.06770833333333329,347,True
122,7.202172125000288,46.58297300011327,7.744980999632389,selected,ready,interpolated,direct,consistent,0.12708333333333338,0.55,87.0,0.06770833333333329,347,True
123,7.249106556000697,39.161320999482996,7.686389000809868,selected,ready,interpolated,direct,consistent,0.12708333333333338,0.55,86.75,0.0630208333333333,347,True
124,7.296558236999772,39.40326100018865,7.9622550001658965,selected,ready,interpolated,direct,consistent,0.12708333333333338,0.55,87.0,0.06770833333333329,347,True
125,7.343315374000667,39.04185999999754,7.628186000147252,selected,ready,interpolated,direct,consistent,0.12708333333333338,0.55,87.0,0.06770833333333329,347,True
126,7.440177832999325,48.865787000977434,8.009698998648673,selected,ready,interpolated,direct,consistent,0.12708333333333338,0.55,87.0,0.06770833333333329,347,True
127,7.486073854999631,37.55271900081425,8.073696999417734,selected,ready,interpolated,direct,consistent,0.12708333333333338,0.55,87.0,0.06770833333333329,347,True
128,7.531851379000727,38.05465499863203,7.636797001396189,selected,ready,interpolated,direct,consistent,0.12708333333333338,0.55,86.75,0.0630208333333333,347,True
129,7.579428483999436,39.528629000415094,7.961847999467864,selected,ready,interpolated,direct,consistent,0.12708333333333338,0.55,87.0,0.06770833333333329,347,True
130,7.673158179999518,46.13696200067352,7.679573998757405,selected,ready,interpolated,direct,consistent,0.12708333333333338,0.55,87.0,0.06770833333333329,347,True
131,7.720254792999185,39.39011299917183,7.621370999913779,selected,ready,interpolated,direct,consistent,0.12708333333333338,0.55,87.0,0.06770833333333329,347,True
132,7.767676105000646,39.3830019984307,7.952163001391455,selected,ready,interpolated,direct,consistent,0.12708333333333338,0.55,86.75,0.0630208333333333,347,True
133,7.814912011999695,39.12363599920354,8.027142999708303,selected,ready,interpolated,direct,consistent,0.12708333333333338,0.55,86.75,0.0630208333333333,347,True
134,7.912158556000577,49.433648000558605,7.978198000273551,selected,ready,interpolated,direct,consistent,0.12708333333333338,0.55,87.0,0.06770833333333329,347,True
135,7.955949409999448,36.06622499864898,7.636981999894488,selected,ready,interpolated,direct,consistent,0.12708333333333338,0.55,87.0,0.06770833333333329,347,True
136,8.00288124799954,39.26631899958011,7.5793159994645976,selected,ready,interpolated,direct,consistent,0.12708333333333338,0.55,87.0,0.06770833333333329,347,True
137,8.050467298000513,39.51088900066679,7.991235999725177,selected,ready,interpolated,direct,consistent,0.12708333333333338,0.55,86.75,0.0630208333333333,347,True
138,8.144765873999859,46.73319300127332,7.949180999275995,selected,ready,interpolated,direct,consistent,0.12708333333333338,0.55,87.0,0.06770833333333329,347,True
139,8.201285790999464,42.29034300078638,14.141353998638806,selected,ready,interpolated,direct,consistent,0.12708333333333338,0.55,87.0,0.06770833333333329,347,True
140,8.246976335,31.97060900129145,13.580622999143088,selected,ready,interpolated,direct,consistent,0.12708333333333338,0.55,87.0,0.06770833333333329,347,True
141,8.294588606000616,33.30338299929281,14.173724001011578,selected,ready,interpolated,direct,consistent,0.12708333333333338,0.55,86.75,0.0630208333333333,347,True
142,8.38610657999925,8.150399000442121,7.69883299835783,selected,ready,interpolated,direct,consistent,0.12708333333333338,0.55,87.0,0.06770833333333329,347,True
143,8.427264015999754,33.116255999630084,7.955662000313168,selected,ready,interpolated,direct,consistent,0.12708333333333338,0.55,86.75,0.0630208333333333,347,True
144,8.474023726999803,39.00961900035327,7.662870999411098,selected,ready,interpolated,direct,consistent,0.12708333333333338,0.55,87.0,0.06770833333333329,347,True
145,8.521414576000097,39.177524000479025,7.969439999214956,selected,ready,interpolated,direct,consistent,0.12708333333333338,0.55,86.75,0.0630208333333333,347,True
146,8.615376694999213,46.55695599831233,7.642907999979798,selected,ready,interpolated,direct,consistent,0.12708333333333338,0.55,87.0,0.06770833333333329,347,True
147,8.66250019600011,39.33783600041352,7.672592999369954,selected,ready,interpolated,direct,consistent,0.12708333333333338,0.55,87.0,0.06770833333333329,347,True
148,8.709985080000479,39.390891999573796,8.007716000065557,selected,ready,interpolated,direct,consistent,0.12708333333333338,0.55,87.0,0.06770833333333329,347,True
149,8.757000601999607,38.95432399986021,7.975235999765573,selected,ready,interpolated,direct,consistent,0.12708333333333338,0.55,87.0,0.06770833333333329,347,True
150,8.806102607000867,1.1853140003950102,8.142714001223794,selected,ready,interpolated,direct,consistent,0.12708333333333338,0.55,87.0,0.06770833333333329,347,True
151,8.852639785000065,38.502905999848736,7.949921000545146,selected,ready,interpolated,direct,consistent,0.12708333333333338,0.55,87.25,0.0723958333333333,347,True
152,8.898468733999835,37.664974999643164,8.078012000623858,selected,ready,interpolated,direct,consistent,0.12708333333333338,0.55,87.0,0.06770833333333329,347,True
153,8.945469718999448,38.94686199964781,7.967716999701224,selected,ready,interpolated,direct,consistent,0.12708333333333338,0.55,87.0,0.06770833333333329,347,True
154,8.992599794999478,39.079711999875144,7.963735999510391,selected,ready,interpolated,direct,consistent,0.12708333333333338,0.55,86.75,0.0630208333333333,347,True
155,9.086978629000441,45.80909700052871,8.095679000689415,selected,ready,interpolated,direct,consistent,0.12708333333333338,0.55,87.0,0.06770833333333329,347,True
156,9.133574695000789,38.87914000006276,7.630224001331953,selected,ready,interpolated,direct,consistent,0.12708333333333338,0.55,87.0,0.06770833333333329,347,True
157,9.180663437000476,39.36589200020535,7.638278000740684,selected,ready,interpolated,direct,consistent,0.12708333333333338,0.55,87.0,0.06770833333333329,347,True
158,9.227814178999324,39.474741999583784,7.589889999508159,selected,ready,interpolated,direct,consistent,0.12708333333333338,0.55,86.75,0.0630208333333333,347,True
159,9.324210720000337,48.999635999280144,7.728296001005219,selected,ready,interpolated,direct,consistent,0.12708333333333338,0.55,86.75,0.0630208333333333,347,True
160,9.369250404000923,37.23731699938071,7.714295001278515,selected,ready,interpolated,direct,consistent,0.12708333333333338,0.55,87.0,0.06770833333333329,347,True
161,9.416733936999663,39.41485399991507,7.985791000464815,selected,ready,interpolated,direct,consistent,0.12708333333333338,0.55,87.0,0.06770833333333329,347,True
162,9.463868605000243,39.05484099959722,7.992773000296438,selected,ready,interpolated,direct,consistent,0.12708333333333338,0.55,86.75,0.0630208333333333,347,True
163,9.55823490200055,46.54469700108166,8.085196999672917,selected,ready,interpolated,direct,consistent,0.12708333333333338,0.55,86.75,0.0630208333333333,347,True
164,9.604726450999806,38.63123799965251,7.600463999551721,selected,ready,interpolated,direct,consistent,0.12708333333333338,0.55,86.75,0.0630208333333333,347,True
165,9.652297704000375,39.559165999889956,7.925255000372999,selected,ready,interpolated,direct,consistent,0.12708333333333338,0.55,87.0,0.06770833333333329,347,True
166,9.699422854000659,38.95286099941586,8.085031000518939,selected,ready,interpolated,direct,consistent,0.12708333333333338,0.55,87.0,0.06770833333333329,347,True
167,9.796565622000344,49.35140900124679,8.05238199973246,selected,ready,interpolated,direct,consistent,0.12708333333333338,0.55,87.25,0.0723958333333333,347,True
168,9.840884449000441,36.24483400017198,7.986513001014828,selected,ready,interpolated,direct,consistent,0.134375,0.55,87.5,0.07343749999999999,347,True
169,9.887840916000641,38.92847300085123,7.943235999846365,selected,ready,interpolated,direct,consistent,0.1322916666666666,0.55,87.5,0.07447916666666668,347,True
170,9.935474668000097,39.62159100046847,7.924366000224836,selected,ready,interpolated,direct,consistent,0.13125,0.55,87.5,0.07499999999999998,347,True
171,10.02923158699923,45.29951400036225,8.008512999367667,selected,ready,interpolated,direct,consistent,0.13125,0.55,87.25,0.07031249999999999,347,True
172,10.076617806000286,39.34557699903962,7.954921000418835,selected,ready,interpolated,direct,consistent,0.1333333333333334,0.55,87.75,0.0786458333333333,347,True
173,10.123715382000228,39.09782200025802,7.912921999377431,selected,ready,interpolated,direct,consistent,0.1333333333333334,0.55,87.25,0.0692708333333333,347,True
174,10.170501945000069,38.73773600025743,7.961440000144648,selected,ready,interpolated,direct,consistent,0.1333333333333334,0.55,87.5,0.07395833333333329,347,True
175,10.268183964000855,50.03263700018579,7.945200000904151,selected,ready,interpolated,direct,consistent,0.1333333333333334,0.55,87.5,0.07395833333333329,347,True
176,10.311735933000818,35.53195599852188,7.931126001494704,selected,ready,interpolated,direct,consistent,0.13125,0.55,87.5,0.07499999999999998,347,True
177,10.358810416000779,39.10254400034319,7.884570000896929,selected,ready,interpolated,direct,consistent,0.1291666666666666,0.55,87.5,0.07604166666666669,347,True
178,10.406192783999359,39.34694700001273,7.950810999318492,selected,ready,interpolated,direct,consistent,0.1291666666666666,0.55,87.25,0.07135416666666669,347,True
179,10.500477805000628,46.252850001110346,8.112956000331906,selected,ready,interpolated,direct,consistent,0.125,0.55,86.75,0.0640625,347,True
180,10.547420049999346,38.82062299999234,8.034271999349585,selected,ready,interpolated,direct,consistent,0.125,0.55,86.75,0.0640625,347,True
181,10.59482469499926,39.012657000057516,8.283915998617886,selected,ready,interpolated,direct,consistent,0.1229166666666666,0.55,86.5,0.06041666666666669,348,True
182,10.641734737000661,38.53101699860417,8.10991900107183,selected,ready,interpolated,direct,consistent,0.11666666666666661,0.55,86.25,0.05885416666666668,348,True
183,10.737076146999243,46.86441299963917,8.54050399902917,selected,ready,direct,direct,consistent,0.103125,0.55,82.0,-0.014062500000000033,351,True
184,10.830435534999197,44.7814670005755,8.138343999235076,selected,ready,direct,direct,consistent,0.075,0.6,81.75,-0.08437499999999988,357,True
185,10.87707423000029,38.79505000077188,7.758517000183929,selected,ready,interpolated,direct,consistent,0.0578125,0.6,81.25,-0.06874999999999991,356,True
186,10.9243440070004,39.37203900022723,7.810942999640247,selected,ready,interpolated,direct,consistent,0.0609375,0.6,82.0,-0.04687499999999991,354,True
187,10.971936981999534,39.4747410009586,8.034475999011192,selected,ready,interpolated,direct,consistent,0.059375,0.6,81.75,-0.05312499999999991,354,True
188,11.066333537999526,44.95670400137897,8.52743099858344,selected,ready,direct,direct,consistent,0.04375,0.55,76.0,-0.09687500000000006,358,True
189,11.113794737000717,38.543590999324806,8.832647001327132,selected,ready,direct,direct,consistent,0.0375,0.55,75.5,-0.10312500000000005,358,True
190,11.160515190000297,38.165523001225665,8.468727999570547,selected,ready,direct,direct,consistent,0.01875,0.55,73.75,-0.12656250000000005,360,True
191,11.208161255999585,38.551850000658305,9.008680999613716,selected,ready,direct,direct,consistent,-0.00625,0.55,71.75,-0.15156250000000002,362,True
192,11.302205948000847,44.42869500053348,8.861887999955798,selected,ready,direct,direct,consistent,-0.034375,0.6,73.0,-0.19374999999999987,366,True
193,11.349107285999708,38.13546699893777,8.679223999934038,selected,ready,direct,direct,consistent,-0.046875,0.6,72.75,-0.1781249999999999,364,True
194,11.395844145999945,38.29600200151617,8.353617999091512,selected,unavailable,direct,unavailable,consistent,-0.046875,,,,350,True
195,11.490500326999609,45.351030999881914,8.660612998937722,selected,ready,interpolated,direct,consistent,-0.1,0.55,62.5,-0.27812500000000007,372,True
196,11.584731700999328,45.4528999998729,8.483708999847295,selected,ready,interpolated,direct,consistent,-0.1421875,0.55,60.0,-0.30390625000000004,374,True
197,11.631064455999876,38.46422100104974,7.7819799989811145,selected,ready,interpolated,direct,consistent,-0.1609375,0.6,63.75,-0.28749999999999987,373,True
198,11.678596450999976,39.127525000367314,8.166084999174927,selected,ready,interpolated,direct,consistent,-0.1734375,0.55,57.75,-0.3304687500000001,376,True
199,11.725604990999273,38.84036400086188,8.07921499836084,selected,ready,interpolated,direct,consistent,-0.1859375,0.55,57.25,-0.33359375,377,True
200,11.820358856000894,45.835336999516585,8.444710001640487,selected,ready,interpolated,direct,consistent,-0.2046875,0.55,56.5,-0.33828125000000003,377,True
201,11.86721267699977,38.443203000497306,8.323026999278227,selected,ready,interpolated,direct,consistent,-0.2109375,0.55,55.75,-0.34921875,378,True
202,11.913753799000915,38.580831000217586,7.875941000747844,selected,ready,interpolated,direct,consistent,-0.2140625,0.6,60.0,-0.3218749999999999,376,True
203,11.961332033999497,39.386058000673074,8.107326999379438,selected,ready,interpolated,direct,consistent,-0.2203125,0.6,59.75,-0.31874999999999987,376,True
204,12.05613543400068,45.48591800084978,8.539930000551976,selected,ready,interpolated,direct,consistent,-0.2390625,0.55,55.25,-0.34453125000000007,378,True
205,12.10304199500024,38.276483999652555,8.543948000806267,selected,ready,interpolated,direct,consistent,-0.2296875,0.55,56.0,-0.33515625000000004,377,True
206,12.15015171900086,38.2901690009021,8.734723000088707,selected,ready,direct,direct,consistent,-0.215625,0.55,57.5,-0.3140625,375,True
207,12.197084204999555,38.41622199979611,8.432246999291237,selected,ready,direct,direct,consistent,-0.20625,0.55,59.25,-0.28593750000000007,373,True
208,12.291627536000306,45.011295998847345,8.7620930007688,selected,ready,direct,direct,consistent,-0.190625,0.55,60.0,-0.27968750000000003,372,True
209,12.338730890000079,38.225540998610086,8.790055000645225,selected,ready,direct,direct,consistent,-0.209375,0.55,59.0,-0.2890625,373,True
210,12.38516766199973,38.25833599876205,8.092734000456403,selected,ready,direct,direct,consistent,-0.221875,0.55,57.25,-0.31562500000000004,375,True
211,12.432691748999787,38.871177999681095,8.56929899964598,selected,ready,direct,direct,consistent,-0.23125,0.55,56.5,-0.32500000000000007,376,True
212,12.52686519800045,45.00340800041158,8.558911000363878,selected,ready,direct,direct,consistent,-0.20625,0.55,58.5,-0.30000000000000004,374,True
213,12.57189314199968,38.44672100058233,6.496223999420181,uncertain,unavailable,unavailable,unavailable,insufficient_pairs,,,,,350,True
214,12.622824783000397,4.12670800142223,6.525574999614037,uncertain,unavailable,unavailable,unavailable,insufficient_pairs,,,,,350,True
215,12.713594048000232,43.070663001344656,6.7087749994243495,uncertain,unavailable,unavailable,unavailable,insufficient_pairs,,,,,350,True
216,12.807715609000297,47.01605899936112,6.5977590002148645,uncertain,unavailable,unavailable,unavailable,insufficient_pairs,,,,,350,True
217,12.903231238000444,47.09166900101991,8.059697000135202,selected,ready,interpolated,direct,consistent,-0.2078125,0.6,60.75,-0.3062499999999999,374,True
218,12.9977490149995,46.165759000359685,8.325007998791989,selected,ready,direct,direct,consistent,-0.190625,0.55,59.25,-0.29375000000000007,374,True
219,13.04491908899945,38.78425400034757,8.297951999338693,selected,ready,direct,direct,consistent,-0.184375,0.55,60.25,-0.27812500000000007,372,True
220,13.09267106200059,39.53242599891382,8.134789000905585,selected,ready,direct,direct,consistent,-0.178125,0.55,60.75,-0.27187500000000003,372,True
221,13.139012132000062,38.167560000147205,8.086419000392198,selected,ready,direct,direct,consistent,-0.171875,0.55,60.5,-0.2796875,372,True
222,13.233319577999282,45.7561170005647,7.975216998602264,selected,ready,direct,direct,consistent,-0.1875,0.55,60.25,-0.27656250000000004,372,True
223,13.280473709000944,38.85199199976341,8.215177000238327,selected,ready,direct,direct,consistent,-0.184375,0.55,59.75,-0.2875,373,True
224,13.327581561999978,38.79053099990415,8.232472000599955,selected,ready,direct,direct,consistent,-0.190625,0.55,59.25,-0.29375000000000007,374,True
225,13.378015730000698,40.298968999195495,10.048219000964309,selected,ready,direct,direct,consistent,-0.196875,0.55,58.75,-0.30000000000000004,374,True
226,13.476584234000256,18.405484999675537,13.665270000274177,selected,ready,direct,direct,consistent,-0.196875,0.55,58.25,-0.30937499999999996,375,True
227,13.51593066299938,31.10777199981385,8.133084998917184,selected,ready,direct,direct,consistent,-0.196875,0.55,58.25,-0.30937499999999996,375,True
228,13.564837818999877,40.53835299964703,8.283081999252317,selected,ready,direct,direct,consistent,-0.2,0.55,58.25,-0.3078125,375,True
229,13.610359218000667,37.16165100013313,8.275490001324215,selected,ready,direct,direct,consistent,-0.2,0.55,58.25,-0.3078125,375,True
230,13.660131804999764,1.2671630011027446,8.458209998934763,selected,ready,direct,direct,consistent,-0.2,0.55,58.25,-0.3078125,375,True
231,13.704732034000699,36.168963999443804,8.345119000296108,selected,ready,direct,direct,consistent,-0.2,0.55,58.25,-0.3078125,375,True
232,13.751574724999955,38.469090999569744,8.289953000712558,selected,ready,direct,direct,consistent,-0.2,0.55,58.25,-0.3078125,375,True
233,13.799036517000786,39.04606300056912,8.179140000720508,selected,ready,direct,direct,consistent,-0.2,0.55,58.25,-0.3078125,375,True
234,13.846071797999684,38.42501799954334,8.524801000021398,selected,ready,direct,direct,consistent,-0.2,0.55,58.25,-0.3078125,375,True
235,13.940505724000104,45.64737800137664,8.593521999500808,selected,ready,direct,direct,consistent,-0.2,0.55,58.25,-0.3078125,375,True
236,13.987360822000483,38.34135300166963,8.428098999502254,selected,ready,direct,direct,consistent,-0.203125,0.55,58.25,-0.30625,374,True
237,14.035978223999336,40.05856500043592,8.475856999211828,selected,ready,direct,direct,consistent,-0.2,0.55,58.25,-0.3078125,375,True
238,14.081572787999903,37.12467100012873,8.384228000068106,selected,ready,direct,direct,consistent,-0.2,0.55,58.25,-0.3078125,375,True
239,14.175693737999609,45.7446179989347,8.347007000338635,selected,ready,direct,direct,consistent,-0.2,0.55,58.0,-0.31250000000000006,375,True
240,14.222824017000676,38.75592000076722,8.287804999781656,selected,ready,direct,direct,consistent,-0.2,0.55,58.25,-0.3078125,375,True
241,14.270015813999635,38.67686600096931,8.431135998762329,selected,ready,direct,direct,consistent,-0.2,0.55,58.25,-0.3078125,375,True
242,14.31714699999975,38.61749700081418,8.42891299907933,selected,ready,direct,direct,consistent,-0.2,0.55,58.25,-0.3078125,375,True
243,14.411517518999972,45.80113499832805,8.545078000679496,selected,ready,direct,direct,consistent,-0.2,0.55,58.25,-0.3078125,375,True
244,14.458543856000688,38.410704000853,8.529523000106565,selected,ready,direct,direct,consistent,-0.2,0.55,58.25,-0.3078125,375,True
245,14.5056135800005,38.58092300106364,8.406431999901542,selected,ready,direct,direct,consistent,-0.2,0.55,58.25,-0.3078125,375,True
246,14.552838375999272,38.651865999781876,8.490578999044374,selected,ready,direct,direct,consistent,-0.2,0.55,58.25,-0.3078125,375,True
247,14.646935085000223,45.705877000727924,8.420449999903212,selected,ready,direct,direct,consistent,-0.2,0.55,58.25,-0.3078125,375,True
248,14.695346565000364,39.96556699894427,8.359581001059269,selected,ready,direct,direct,consistent,-0.2,0.55,58.25,-0.3078125,375,True
249,14.741192477000368,37.37001699846587,8.391581000978476,selected,ready,direct,direct,consistent,-0.203125,0.55,58.25,-0.30625,374,True
250,14.788236923999648,38.6076270006015,8.353728999281884,selected,ready,direct,direct,consistent,-0.2,0.55,58.25,-0.3078125,375,True
251,14.882492983000702,45.301457999812555,8.414896001340821,selected,ready,direct,direct,consistent,-0.2,0.55,58.0,-0.31250000000000006,375,True
252,14.929964293000012,38.926158000322175,8.459691000098246,selected,ready,direct,direct,consistent,-0.2,0.55,58.0,-0.31250000000000006,375,True
253,14.976758078000785,38.3632419998321,8.346063001226867,selected,ready,direct,direct,consistent,-0.2,0.55,58.25,-0.3078125,375,True
254,15.023887153000032,38.64603399961197,8.397395000429242,selected,ready,direct,direct,consistent,-0.2,0.55,58.25,-0.3078125,375,True
255,15.118296078999265,45.67498899996281,8.599520999268861,selected,ready,direct,direct,consistent,-0.2,0.55,58.0,-0.31250000000000006,375,True
256,15.165154622000045,38.39348200017412,8.379822000279091,selected,ready,direct,direct,consistent,-0.2,0.55,58.25,-0.3078125,375,True
257,15.21224125399931,38.6851809998916,8.31782299974293,selected,ready,direct,direct,consistent,-0.2,0.55,58.25,-0.3078125,375,True
258,15.259477789999437,38.774826998633216,8.376488000067184,selected,ready,direct,direct,consistent,-0.203125,0.55,58.25,-0.30625,374,True
259,15.309298394000507,0.8938179998949636,8.564911000576103,selected,ready,direct,direct,consistent,-0.2,0.55,58.25,-0.3078125,375,True
260,15.353818846999275,35.91817199958314,8.516633999533951,selected,ready,direct,direct,consistent,-0.2,0.55,58.25,-0.3078125,375,True
261,15.401106253000762,38.51531400141539,8.687000999998418,selected,ready,direct,direct,consistent,-0.2,0.55,58.25,-0.3078125,375,True
262,15.447953906999828,38.40950099947804,8.353598999747192,selected,ready,direct,direct,consistent,-0.2,0.55,58.25,-0.3078125,375,True
263,15.495286090999798,38.804159999926924,8.442877000561566,selected,ready,direct,direct,consistent,-0.2,0.55,58.25,-0.3078125,375,True
264,15.545201638000435,1.2529409996204777,8.555227001124877,selected,ready,direct,direct,consistent,-0.2,0.55,58.25,-0.3078125,375,True
265,15.589117674999216,35.561493001296185,8.268341998700635,selected,ready,direct,direct,consistent,-0.2,0.55,58.0,-0.31250000000000006,375,True
266,15.636398136000935,38.85951099982776,8.334896001542802,selected,ready,direct,direct,consistent,-0.2,0.55,58.25,-0.3078125,375,True
267,15.683394491999934,38.53920199981076,8.37252599922067,selected,ready,direct,direct,consistent,-0.2,0.55,58.0,-0.31250000000000006,375,True
268,15.730649897999683,38.615589000983164,8.531244999176124,selected,ready,direct,direct,consistent,-0.2,0.55,58.25,-0.3078125,375,True
269,15.780240690999563,1.230108999152435,8.41176500034635,selected,ready,direct,direct,consistent,-0.2,0.55,58.25,-0.3078125,375,True
270,15.824969233000957,36.157557000478846,8.484764000968426,selected,ready,direct,direct,consistent,-0.2,0.55,58.25,-0.3078125,375,True
271,15.871901627000625,38.233003000641475,8.437136000793544,selected,ready,direct,direct,consistent,-0.2,0.55,58.25,-0.3078125,375,True
272,15.919105922999734,38.63851500136661,8.480467999106622,selected,ready,direct,direct,consistent,-0.2,0.55,58.25,-0.3078125,375,True
273,15.966231369000525,38.60753399931127,8.434395000222139,selected,ready,direct,direct,consistent,-0.2,0.55,58.25,-0.3078125,375,True
274,16.01590453099925,1.1983500007772818,8.524818998921546,selected,ready,direct,direct,consistent,-0.2,0.55,58.25,-0.3078125,375,True
275,16.060720756999217,36.31616500024393,8.414413998252712,selected,ready,direct,direct,consistent,-0.2,0.55,58.25,-0.3078125,375,True
276,16.107595503000994,38.351761000740225,8.43841300047643,selected,ready,direct,direct,consistent,-0.2,0.55,58.25,-0.3078125,375,True
277,16.15469531999952,38.57373800019559,8.441505999144283,selected,ready,direct,direct,consistent,-0.2,0.55,58.0,-0.31250000000000006,375,True
278,16.201860708999448,38.635236998743494,8.44635700013896,selected,ready,direct,direct,consistent,-0.2,0.55,58.25,-0.3078125,375,True
279,16.251549463999254,1.1983130007138243,8.633465999082546,selected,ready,direct,direct,consistent,-0.2,0.55,58.25,-0.3078125,375,True
280,16.296034917000725,35.97661599997082,8.421339000051375,selected,ready,direct,direct,consistent,-0.2,0.55,58.25,-0.3078125,375,True
281,16.343168085000798,38.59825699873909,8.450820001598913,selected,ready,direct,direct,consistent,-0.203125,0.55,58.25,-0.30625,374,True
282,16.390339771000072,38.524887000676244,8.562799999708659,selected,ready,direct,direct,consistent,-0.2,0.55,58.25,-0.3078125,375,True
283,16.437477624000167,38.5372759992606,8.517616000972339,selected,ready,direct,direct,consistent,-0.2,0.55,58.25,-0.3078125,375,True
284,16.531584943999405,45.20895999849017,8.522744999936549,selected,ready,direct,direct,consistent,-0.2,0.55,58.25,-0.3078125,375,True
285,16.578808776999722,38.603885999691556,8.532263000233797,selected,ready,direct,direct,consistent,-0.2,0.55,58.25,-0.3078125,375,True
286,16.626299161000134,38.88141900097253,8.524299999407958,selected,ready,direct,direct,consistent,-0.2,0.55,58.0,-0.31250000000000006,375,True
287,16.672936614999344,38.12261600069178,8.428875999015872,selected,ready,direct,direct,consistent,-0.2,0.55,58.25,-0.3078125,375,True
288,16.767347893000988,45.89215200030594,8.548837000489584,selected,ready,direct,direct,consistent,-0.2,0.55,58.25,-0.3078125,375,True
289,16.81414765900081,38.206355000511394,8.508263999829069,selected,ready,direct,direct,consistent,-0.2,0.55,58.25,-0.3078125,375,True
290,16.861584452000898,38.810882999314344,8.540930000890512,selected,ready,direct,direct,consistent,-0.2,0.55,58.25,-0.3078125,375,True
291,16.908372940000845,38.11063499961165,8.409265001319,selected,ready,direct,direct,consistent,-0.2,0.55,58.0,-0.31250000000000006,375,True
292,17.0028084580008,45.885855999586056,8.487967001201469,selected,ready,direct,direct,consistent,-0.2,0.55,58.25,-0.3078125,375,True
293,17.04988925699945,38.485777000460075,8.510485999067896,selected,ready,direct,direct,consistent,-0.2,0.55,58.0,-0.31250000000000006,375,True
294,17.09706079500029,38.589866999245714,8.497524000631529,selected,ready,direct,direct,consistent,-0.2,0.55,58.25,-0.3078125,375,True
295,17.14400848399964,38.47742499965534,8.385487999476027,selected,ready,direct,direct,consistent,-0.2,0.55,58.25,-0.3078125,375,True
296,17.238449779999428,45.85604200110538,8.542873998521827,selected,ready,direct,direct,consistent,-0.2,0.55,58.25,-0.3078125,375,True
297,17.285450302000754,38.417223000578815,8.498949000568246,selected,ready,direct,direct,consistent,-0.2,0.55,58.0,-0.31250000000000006,375,True
298,17.33361487900038,39.52140799992776,8.557577999454224,selected,ready,direct,direct,consistent,-0.203125,0.55,58.25,-0.30625,374,True
299,17.379714026999864,37.64118000071903,8.374580998861347,selected,ready,direct,direct,consistent,-0.2,0.55,58.25,-0.3078125,375,True
300,17.474079157000233,45.88450399933208,8.553911000490189,selected,ready,direct,direct,consistent,-0.2,0.55,58.25,-0.3078125,375,True
301,17.52104782800052,38.422648000050685,8.46163499954855,selected,ready,direct,direct,consistent,-0.203125,0.55,58.25,-0.30625,374,True
302,17.568187180999303,38.640200000372715,8.411913999225362,selected,ready,direct,direct,consistent,-0.2,0.55,58.0,-0.31250000000000006,375,True
303,17.615132685999924,38.47153599963349,8.388710999497562,selected,ready,direct,direct,consistent,-0.2,0.55,58.25,-0.3078125,375,True
304,17.709664665000673,46.05018600159383,8.577669999795035,selected,ready,direct,direct,consistent,-0.2,0.55,58.0,-0.31250000000000006,375,True
305,17.756847665999885,38.64251500090177,8.45587599906139,selected,ready,direct,direct,consistent,-0.2,0.55,58.25,-0.3078125,375,True
306,17.803869594999924,38.41988900057913,8.517874999597552,selected,ready,direct,direct,consistent,-0.2,0.55,58.0,-0.31250000000000006,375,True
307,17.85086831999979,38.39388900087215,8.519744998920942,selected,ready,direct,direct,consistent,-0.2,0.55,58.0,-0.31250000000000006,375,True
308,17.945653573000527,46.28210800001398,8.561411001210217,selected,ready,direct,direct,consistent,-0.2,0.55,58.0,-0.31250000000000006,375,True
309,17.992135160000544,37.967322999975295,8.273768000435666,selected,ready,direct,direct,consistent,-0.2,0.55,58.0,-0.31250000000000006,375,True
310,18.039204347000123,38.471740001114085,8.510744999512099,selected,ready,direct,direct,consistent,-0.2,0.55,58.25,-0.3078125,375,True
311,18.08636149599988,38.516017000802094,8.55779999983497,selected,ready,direct,direct,consistent,-0.2,0.55,58.25,-0.3078125,375,True
312,18.180721570999594,45.542714000475826,8.483096999043482,selected,ready,direct,direct,consistent,-0.2,0.55,58.0,-0.31250000000000006,375,True
313,18.22763157600093,38.43757399954484,8.385673001612304,selected,ready,direct,direct,consistent,-0.2,0.55,58.25,-0.3078125,375,True
314,18.274903278999773,38.70055100014724,8.48672699976305,selected,ready,direct,direct,consistent,-0.2,0.55,58.0,-0.31250000000000006,375,True
315,18.322324831000515,38.773437998315785,8.563041001252714,selected,ready,direct,direct,consistent,-0.2,0.55,58.0,-0.31250000000000006,375,True
316,18.416293598000266,45.55743600030837,8.477153000058024,selected,ready,direct,direct,consistent,-0.2,0.55,58.25,-0.3078125,375,True
317,18.46337582200067,38.54035000040312,8.455967999907443,selected,ready,direct,direct,consistent,-0.2,0.55,58.0,-0.31250000000000006,375,True
318,18.517664388000412,40.54944600102317,13.630880999699002,selected,ready,direct,direct,consistent,-0.2,0.55,58.0,-0.31250000000000006,375,True
319,18.564825722000023,33.35630800029321,13.68358400031866,selected,ready,direct,direct,consistent,-0.2,0.55,58.0,-0.31250000000000006,375,True
320,18.659219667000798,20.038884998939466,12.437512001270079,selected,ready,direct,direct,consistent,-0.203125,0.55,58.0,-0.3109375000000001,375,True
321,18.70045447099983,32.72998500142421,8.38902499890537,selected,ready,direct,direct,consistent,-0.2,0.55,58.0,-0.31250000000000006,375,True
322,18.74605340599919,37.016059999587014,8.49828299942601,selected,ready,direct,direct,consistent,-0.2,0.55,58.25,-0.3078125,375,True
323,18.793205370000578,38.61205199973483,8.453802000076394,selected,ready,direct,direct,consistent,-0.2,0.55,58.0,-0.31250000000000006,375,True
324,18.887561000999995,45.90918800022337,8.448950999081717,selected,ready,direct,direct,consistent,-0.2,0.55,58.0,-0.31250000000000006,375,True
325,18.934416136000436,38.37053799907153,8.398247000513948,selected,ready,direct,direct,consistent,-0.2,0.55,58.25,-0.3078125,375,True
326,18.98168017200078,38.7126800014812,8.466041999781737,selected,ready,direct,direct,consistent,-0.2,0.55,58.0,-0.31250000000000006,375,True
327,19.028651213000558,38.34481599915307,8.354137000424089,selected,ready,direct,direct,consistent,-0.2,0.55,58.0,-0.31250000000000006,375,True
328,19.122851680000167,45.75333899992984,8.386007000808604,selected,ready,direct,direct,consistent,-0.2,0.55,58.25,-0.3078125,375,True
329,19.17003408799974,38.6693849995936,8.428172999629169,selected,ready,direct,direct,consistent,-0.2,0.55,58.25,-0.3078125,375,True
330,19.217266865000056,38.68642100133002,8.461412999167806,selected,ready,direct,direct,consistent,-0.2,0.55,58.0,-0.31250000000000006,375,True
331,19.265747973000543,39.960623000297346,8.434856999883777,selected,ready,direct,direct,consistent,-0.2,0.55,58.0,-0.31250000000000006,375,True
332,19.358606944000712,44.42819499854522,8.548208001229796,selected,ready,direct,direct,consistent,-0.2,0.55,58.0,-0.31250000000000006,375,True
333,19.405541967000318,38.46248099944205,8.38902500072436,selected,ready,direct,direct,consistent,-0.2,0.55,58.0,-0.31250000000000006,375,True
334,19.45287200200073,38.8726780001889,8.373562000997481,selected,ready,direct,direct,consistent,-0.2,0.55,58.0,-0.31250000000000006,375,True
335,19.499936356000035,38.554331000341335,8.42563500009419,selected,ready,direct,direct,consistent,-0.2,0.55,58.25,-0.3078125,375,True
336,19.59412265699939,45.66323000108241,8.451931998934015,selected,ready,direct,direct,consistent,-0.203125,0.55,58.0,-0.3109375000000001,375,True
337,19.64116875199943,38.57436700127437,8.385858998735785,selected,ready,direct,direct,consistent,-0.203125,0.55,58.0,-0.3109375000000001,375,True
338,19.68847673200071,38.67266199995356,8.551949000320747,selected,ready,direct,direct,consistent,-0.2,0.55,58.25,-0.3078125,375,True
339,19.735401144000207,38.38379700027872,8.453746000668616,selected,ready,direct,direct,consistent,-0.2,0.55,58.25,-0.3078125,375,True
340,19.829803626000285,45.98665100093058,8.476893999613822,selected,ready,direct,direct,consistent,-0.2,0.55,58.0,-0.31250000000000006,375,True
341,19.8768016289996,38.458517999970354,8.455745999526698,selected,ready,direct,direct,consistent,-0.2,0.55,58.0,-0.31250000000000006,375,True
342,19.92383805800091,38.51062800094951,8.43933900068805,selected,ready,direct,direct,consistent,-0.2,0.55,58.25,-0.3078125,375,True
343,19.97105166899928,38.62394099996891,8.505244999469141,selected,ready,direct,direct,consistent,-0.2,0.55,58.0,-0.31250000000000006,375,True
344,20.06539061500007,45.819171999028185,8.53361500048777,selected,ready,direct,direct,consistent,-0.2,0.55,58.25,-0.3078125,375,True
345,20.112339916000565,38.34376099985093,8.368173999770079,selected,ready,direct,direct,consistent,-0.2,0.55,58.25,-0.3078125,375,True
346,20.159505935000197,38.525645999470726,8.5547079997923,selected,ready,direct,direct,consistent,-0.2,0.55,58.25,-0.3078125,375,True
347,20.206572918999882,38.599682000494795,8.382154999708291,selected,ready,direct,direct,consistent,-0.2,0.55,58.25,-0.3078125,375,True
348,20.301102786999763,46.04070499954105,8.597613999882014,selected,ready,direct,direct,consistent,-0.2,0.55,58.0,-0.31250000000000006,375,True
349,20.347871739000766,38.25479999977688,8.429950001300313,selected,ready,direct,direct,consistent,-0.2,0.55,58.0,-0.31250000000000006,375,True
350,20.3948956309996,38.50096200039843,8.43591299963009,selected,ready,direct,direct,consistent,-0.2,0.55,58.0,-0.31250000000000006,375,True
351,20.44198296600007,38.69545799898333,8.307415000672336,selected,ready,direct,direct,consistent,-0.2,0.55,58.25,-0.3078125,375,True
352,20.536405410999578,45.92705899995053,8.411061999140657,selected,ready,direct,direct,consistent,-0.2,0.55,58.25,-0.3078125,375,True
353,20.584614097999292,39.723312000205624,8.399024998652749,selected,ready,direct,direct,consistent,-0.2,0.55,58.0,-0.31250000000000006,375,True
354,20.630794021999463,37.57605099963257,8.51570799932233,selected,ready,direct,direct,consistent,-0.2,0.55,58.0,-0.31250000000000006,375,True
355,20.67772095300097,38.36596399924019,8.476894001432811,selected,ready,direct,direct,consistent,-0.2,0.55,58.25,-0.3078125,375,True
356,20.772130694000225,45.98205799993593,8.592725000198698,selected,ready,direct,direct,consistent,-0.2,0.55,58.25,-0.3078125,375,True
357,20.819119789999604,38.47933199904219,8.423358000072767,selected,ready,direct,direct,consistent,-0.2,0.55,58.0,-0.31250000000000006,375,True
358,20.86611257200093,38.50748000149906,8.400321999943117,selected,ready,direct,direct,consistent,-0.2,0.55,58.25,-0.3078125,375,True
359,20.913264516999334,38.65258900077606,8.414857999014203,selected,ready,direct,direct,consistent,-0.2,0.55,58.25,-0.3078125,375,True
360,21.007665851000638,45.83498600004532,8.536986000763136,selected,ready,direct,direct,consistent,-0.203125,0.55,58.0,-0.3109375000000001,375,True
361,21.054667316999257,38.40453700104263,8.510300998750608,selected,ready,direct,direct,consistent,-0.20625,0.55,57.75,-0.3140625,375,True
362,21.105394017000435,42.03462500117894,8.60655799988308,selected,ready,direct,direct,consistent,-0.203125,0.55,57.75,-0.31562500000000004,375,True
363,21.148713915999906,34.85639400059881,8.190620999812381,selected,ready,direct,direct,consistent,-0.196875,0.55,58.25,-0.30937499999999996,375,True
364,21.24311830499937,45.42962199957401,8.509264000167605,selected,ready,direct,direct,consistent,-0.203125,0.55,58.0,-0.3109375000000001,375,True
365,21.29013029000089,38.7020139987726,8.22475000131817,selected,ready,direct,direct,consistent,-0.196875,0.55,59.0,-0.29531250000000003,374,True
366,21.337129978999656,38.74116099905223,8.172918000127538,selected,ready,direct,direct,consistent,-0.18125,0.55,60.5,-0.275,372,True
367,21.38426325799992,38.85480700046173,8.196139999199659,selected,ready,direct,direct,consistent,-0.175,0.55,61.25,-0.26406250000000003,371,True
368,21.478108618999613,45.5727320004371,7.8756629991403315,selected,ready,direct,direct,consistent,-0.165625,0.55,62.25,-0.25,370,True
369,21.52370475799944,39.14439599975594,6.365503999404609,uncertain,unavailable,unavailable,unavailable,insufficient_pairs,,,,,350,True
370,21.5749517080003,5.058544000348775,6.487816999651841,uncertain,unavailable,unavailable,unavailable,insufficient_pairs,,,,,350,True
371,21.667260965999958,43.98742500052322,8.547281999199186,selected,ready,interpolated,direct,consistent,-0.1390625,0.55,63.5,-0.23984375,369,True
372,21.76176235300045,46.070704000158,8.779814999797964,selected,ready,direct,direct,consistent,-0.128125,0.55,62.5,-0.26406250000000003,371,True
373,21.808803874999285,38.22852200028137,8.725871999558876,selected,ready,direct,direct,consistent,-0.1375,0.55,60.5,-0.296875,374,True
374,21.855268646000695,38.31902099955187,8.062382001298829,selected,ready,direct,direct,consistent,-0.153125,0.6,63.75,-0.30312499999999987,374,True
375,21.904217135999716,40.00880700004927,8.852703000229667,selected,ready,direct,direct,consistent,-0.1625,0.55,56.5,-0.35937500000000006,379,True
376,21.996713835000264,44.7515600008046,8.097863999864785,selected,ready,interpolated,direct,consistent,-0.15625,0.55,57.75,-0.33906250000000004,377,True
377,22.04727925900079,42.22036200008006,8.256731000074069,selected,ready,direct,direct,consistent,-0.121875,0.6,66.25,-0.27187499999999987,372,True
378,22.09091670899943,35.43312500005413,8.119177999105887,selected,ready,direct,direct,consistent,-0.103125,0.55,64.0,-0.24843750000000006,370,True
379,22.137788973999704,38.894084998901235,7.892886000263388,selected,ready,direct,direct,consistent,-0.08125,0.55,65.25,-0.23593750000000008,369,True
380,22.232129789999817,45.1877190007508,7.855015999666648,selected,ready,direct,direct,consistent,-0.065625,0.55,67.25,-0.20625,366,True
381,22.279278291000082,39.428428000974236,7.633778999661445,selected,ready,direct,direct,consistent,-0.065625,0.55,67.0,-0.21093750000000006,367,True
382,22.326395903000957,39.12946899981762,7.90373700147029,selected,ready,direct,direct,consistent,-0.0625,0.55,67.75,-0.19843750000000004,366,True
383,22.37368505000086,38.98517500056187,8.2176209998579,selected,ready,direct,direct,consistent,-0.0625,0.55,68.25,-0.18906250000000002,365,True
384,22.467667372000506,46.05281600015587,7.854719000533805,selected,ready,direct,direct,consistent,-0.053125,0.6,73.25,-0.14687499999999995,362,True
385,22.51858934700067,43.11353200137091,7.723202999841305,selected,ready,direct,direct,consistent,-0.04375,0.6,74.0,-0.13749999999999993,361,True
386,22.561662046000492,35.2368320000096,7.752257999527501,selected,ready,direct,direct,consistent,-0.0375,0.6,74.25,-0.14062499999999992,361,True
387,22.60868823400051,39.392890999806696,7.548206000137725,selected,ready,direct,direct,consistent,-0.040625,0.6,74.0,-0.1437499999999999,362,True
388,22.702915662999658,45.908613999927184,7.390004999251687,selected,ready,direct,direct,consistent,-0.034375,0.6,74.25,-0.1468749999999999,362,True
389,22.74976781800069,39.360631999443285,7.404968000628287,selected,ready,direct,direct,consistent,-0.034375,0.6,74.25,-0.1468749999999999,362,True
390,22.796865670999978,39.67616399859253,7.336876000408665,selected,ready,direct,direct,consistent,-0.040625,0.6,74.0,-0.1437499999999999,362,True
391,22.84460358800061,39.987713998925756,7.665426001040032,selected,ready,direct,direct,consistent,-0.046875,0.6,73.75,-0.14062499999999994,361,True
392,22.938750408000487,46.1578880003799,7.767221000904101,selected,ready,direct,direct,consistent,-0.053125,0.6,72.75,-0.1656249999999999,363,True
393,22.98609421999936,39.21219100084272,8.044807998885517,selected,ready,direct,direct,consistent,-0.05625,0.55,68.5,-0.1875,365,True
394,23.03291506000096,39.17715399984445,7.558465000329306,selected,ready,direct,direct,consistent,-0.05625,0.6,72.25,-0.1781249999999999,364,True
395,23.079944397000872,39.29981900000712,7.643685999937588,selected,ready,direct,direct,consistent,-0.059375,0.6,72.25,-0.17187499999999994,364,True
396,23.174504672000694,46.41866199926881,8.109326001431327,selected,ready,direct,direct,consistent,-0.05625,0.55,68.25,-0.19218750000000004,365,True
397,23.22261689700099,40.2095619992906,7.671926001421525,selected,ready,direct,direct,consistent,-0.05625,0.6,72.25,-0.1781249999999999,364,True
398,23.268343625999478,37.95534100026998,7.6863889989908785,selected,ready,direct,direct,consistent,-0.05625,0.6,72.25,-0.1781249999999999,364,True
399,23.315358740999727,39.32204100055969,7.606945999214076,selected,ready,direct,direct,consistent,-0.05625,0.6,72.25,-0.1781249999999999,364,True
400,23.40974366699993,46.704489999683574,7.741055000224151,selected,ready,direct,direct,consistent,-0.059375,0.6,72.5,-0.16249999999999992,363,True
401,23.460438608000914,42.95808999995643,7.649797000340186,selected,ready,direct,direct,consistent,-0.059375,0.6,72.5,-0.16249999999999992,363,True
402,23.503927578000003,35.748804000832024,7.651203999557765,selected,ready,direct,direct,consistent,-0.05625,0.6,72.5,-0.1687499999999999,364,True
403,23.551045561000137,39.313596000283724,7.7175179994810605,selected,ready,direct,direct,consistent,-0.05625,0.6,72.25,-0.1781249999999999,364,True
404,23.645451802000025,46.71000800044567,7.757609999316628,selected,ready,direct,direct,consistent,-0.059375,0.6,72.5,-0.16249999999999992,363,True
405,23.694758563000505,39.18321000128344,10.038366999651771,selected,ready,direct,direct,consistent,-0.059375,0.6,72.25,-0.17187499999999994,364,True
406,23.746454710000762,39.15085799962981,12.420902001395007,selected,ready,direct,direct,consistent,-0.05625,0.6,72.25,-0.1781249999999999,364,True
407,23.793977000999803,34.460696999303764,12.938114999997197,selected,ready,direct,direct,consistent,-0.05625,0.6,72.5,-0.1687499999999999,364,True
408,23.889720700999533,7.686704000661848,13.85767399915494,selected,ready,direct,direct,consistent,-0.05625,0.6,72.5,-0.1687499999999999,364,True
409,23.931516810000176,33.97042700089514,7.6993879993096925,selected,ready,direct,direct,consistent,-0.05625,0.6,72.5,-0.1687499999999999,364,True
410,23.97533990500051,36.050966000402695,7.686315000682953,selected,ready,direct,direct,consistent,-0.05625,0.6,72.5,-0.1687499999999999,364,True
411,24.022321057000227,39.27715200006787,7.618593999723089,selected,ready,direct,direct,consistent,-0.05625,0.6,72.25,-0.1781249999999999,364,True
412,24.116666817000805,46.70674899898586,7.73716600087937,selected,ready,direct,direct,consistent,-0.05625,0.6,72.25,-0.1781249999999999,364,True
413,24.163724264000848,39.29013299966755,7.678630001464626,selected,ready,direct,direct,consistent,-0.05625,0.6,72.5,-0.1687499999999999,364,True
414,24.210772747999727,39.25635700034036,7.70549899971229,selected,ready,direct,direct,consistent,-0.05625,0.6,72.25,-0.1781249999999999,364,True
415,24.258141615999193,39.309707999564125,7.786034999298863,selected,ready,direct,direct,consistent,-0.05625,0.6,72.25,-0.1781249999999999,364,True
416,24.352268676000676,46.49804900145682,7.735942999715917,selected,ready,direct,direct,consistent,-0.05625,0.6,72.25,-0.1781249999999999,364,True
417,24.399473380000927,39.37487300026987,7.743591000689776,selected,ready,direct,direct,consistent,-0.05625,0.6,72.5,-0.1687499999999999,364,True
418,24.446368274000633,39.05648899853986,7.750906001092517,selected,ready,direct,direct,consistent,-0.05625,0.6,72.5,-0.1687499999999999,364,True
419,24.49343640600091,39.221802000611206,7.761535000099684,selected,ready,direct,direct,consistent,-0.05625,0.6,72.5,-0.1687499999999999,364,True
420,24.587755074999222,46.582307000790024,7.778461998896091,selected,ready,direct,direct,consistent,-0.05625,0.6,72.5,-0.1687499999999999,364,True
421,24.63473755999985,39.157913999588345,7.738887999948929,selected,ready,direct,direct,consistent,-0.05625,0.6,72.25,-0.1781249999999999,364,True
422,24.681906264000645,39.33389200028614,7.748758000161615,selected,ready,direct,direct,consistent,-0.05625,0.6,72.5,-0.1687499999999999,364,True
423,24.728939915999945,39.22435700042115,7.724999999481952,selected,ready,direct,direct,consistent,-0.05625,0.6,72.5,-0.1687499999999999,364,True
424,24.823090457000944,46.54852999919967,7.6498150010593235,selected,ready,direct,direct,consistent,-0.05625,0.6,72.5,-0.1687499999999999,364,True
425,24.87049223199938,39.55462999874726,7.759258000078262,selected,ready,direct,direct,consistent,-0.05625,0.6,72.5,-0.1687499999999999,364,True
426,24.917438643000423,39.11408099884284,7.74820200058457,selected,ready,direct,direct,consistent,-0.05625,0.6,72.25,-0.1781249999999999,364,True
427,24.964578384999186,39.36652099946514,7.688665999012301,selected,ready,direct,direct,consistent,-0.05625,0.6,72.5,-0.1687499999999999,364,True
428,25.05880222199994,46.59575100049551,7.638371000211919,selected,ready,direct,direct,consistent,-0.05625,0.6,72.25,-0.1781249999999999,364,True
429,25.10601412899996,39.33503999905952,7.791128000462777,selected,ready,direct,direct,consistent,-0.05625,0.6,72.5,-0.1687499999999999,364,True
430,25.154478144999302,40.64996200031601,7.729424998615286,selected,ready,direct,direct,consistent,-0.05625,0.6,72.5,-0.1687499999999999,364,True
431,25.200090542000908,37.83249199841521,7.69457300157228,selected,ready,direct,direct,consistent,-0.05625,0.6,72.25,-0.1781249999999999,364,True
432,25.29475764900053,46.51977100002114,8.11223300115671,selected,ready,direct,direct,consistent,-0.05625,0.55,68.25,-0.19218750000000004,365,True
433,25.341920761000438,38.75019800034352,8.144491999701131,selected,ready,direct,direct,consistent,-0.05625,0.55,68.5,-0.1875,365,True
434,25.388872043000447,38.83651199976157,8.028512000237242,selected,ready,direct,direct,consistent,-0.05625,0.55,68.25,-0.19218750000000004,365,True
435,25.43599902599999,39.041803998770774,7.997643000635435,selected,ready,direct,direct,consistent,-0.05625,0.55,68.25,-0.19218750000000004,365,True
436,25.530278231999546,46.24875700028497,8.137602999340743,selected,ready,direct,direct,consistent,-0.05625,0.55,68.5,-0.1875,365,True
437,25.57732279099946,38.88854800061381,8.069437999438378,selected,ready,direct,direct,consistent,-0.05625,0.55,68.0,-0.19687500000000005,366,True
438,25.624404236999908,38.971509000475635,8.025234999877284,selected,ready,direct,direct,consistent,-0.05625,0.55,68.25,-0.19218750000000004,365,True
439,25.67169297700093,39.16419200140808,8.035883000047761,selected,ready,direct,direct,consistent,-0.059375,0.55,68.25,-0.19062500000000004,365,True
440,25.765949516000546,46.11390799982473,8.14415800050483,selected,ready,direct,direct,consistent,-0.05,0.55,69.0,-0.18125000000000002,364,True
441,25.813038629999937,38.92271400036407,8.081067999228253,selected,ready,direct,direct,consistent,-0.05,0.55,68.75,-0.18593750000000003,365,True
442,25.860213814999952,38.995528000668855,8.09228899925074,selected,ready,direct,direct,consistent,-0.046875,0.55,68.75,-0.18750000000000006,365,True
443,25.90692484200008,38.832548998470884,7.7905720008857315,selected,ready,direct,direct,consistent,-0.05,0.6,73.25,-0.15312499999999993,362,True
444,26.00127158400028,46.678749000420794,7.787664999341359,selected,ready,direct,direct,consistent,-0.059375,0.6,72.75,-0.15312499999999993,362,True
445,26.04882400399947,39.227597999342834,8.238915999754681,selected,ready,direct,direct,consistent,-0.078125,0.55,67.25,-0.2,366,True
446,26.09525088800001,38.80329000094207,7.536724999226863,selected,ready,direct,direct,consistent,-0.10625,0.55,63.0,-0.26562500000000006,371,True
447,26.14253375699991,39.38014999948791,7.818645999577711,selected,ready,direct,direct,consistent,-0.15,0.6,63.75,-0.30937499999999984,375,True
448,26.23669946500013,46.978282000054605,7.749758000500151,selected,ready,direct,direct,consistent,-0.2375,0.6,53.75,-0.5093749999999998,390,True
449,26.284256884999195,39.448241999707534,8.021234998523141,selected,ready,direct,direct,consistent,-0.26875,0.6,51.75,-0.5218749999999999,390,True
450,26.330968763999408,38.84628900050302,7.778090999636333,selected,ready,direct,direct,consistent,-0.290625,0.6,51.25,-0.4968749999999998,390,True
451,26.378303039000457,39.10930300116888,7.984531999682076,selected,ready,direct,direct,consistent,-0.3,0.6,50.25,-0.5156249999999999,390,True
452,26.472920018000877,46.67056500147737,8.121677999952226,selected,ready,direct,direct,consistent,-0.290625,0.6,50.75,-0.5156249999999998,390,True
453,26.520085277999897,38.74584699951811,8.33261899970239,selected,ready,direct,direct,consistent,-0.29375,0.6,51.25,-0.4906249999999998,389,True
454,26.56731185100034,38.49572099898069,8.644076000564382,selected,ready,direct,direct,consistent,-0.296875,0.6,51.25,-0.4843749999999999,389,True
455,26.614473592999275,38.46273999988625,8.613317999333958,selected,ready,direct,direct,consistent,-0.3125,0.6,50.5,-0.48124999999999996,388,True
456,26.708145956999942,45.75008000028902,7.9001630001585,selected,ready,direct,direct,consistent,-0.33125,0.6,48.75,-0.5093749999999999,390,True
457,26.75489053899946,39.006286999210715,7.651777999853948,selected,unavailable,direct,unavailable,consistent,-0.3375,,,,350,True
458,26.849736051000946,46.36516299979121,8.119326001178706,selected,ready,interpolated,direct,consistent,-0.371875,0.55,45.25,-0.46562500000000007,387,True
459,26.944248048999725,45.36556800121616,8.510096999089,selected,ready,direct,direct,consistent,-0.415625,0.55,44.5,-0.45781249999999996,387,True
460,26.99153580699931,38.49427600107447,8.70679799845675,selected,ready,direct,direct,consistent,-0.41875,0.6,45.5,-0.45625000000000004,386,True
461,27.039165706999484,38.34585299955506,9.198808000292047,selected,ready,direct,direct,consistent,-0.40625,0.55,44.75,-0.4578125,387,True
462,27.08658214800016,37.859898000533576,9.473265999986324,selected,ready,direct,direct,consistent,-0.3875,0.55,46.0,-0.44375,386,True
463,27.17997920199923,42.51424599897291,8.741147999899113,selected,ready,direct,direct,consistent,-0.328125,0.6,51.75,-0.403125,382,True
464,27.22960890200011,40.54335399996489,9.000477000881801,selected,ready,direct,direct,consistent,-0.296875,0.6,54.75,-0.3531249999999999,378,True
465,27.27389630399921,35.7478780006204,8.45452499925159,selected,ready,direct,direct,consistent,-0.2625,0.6,57.0,-0.33749999999999986,377,True
466,27.321437242000684,38.68638399944757,8.772426001087297,selected,ready,direct,direct,consistent,-0.228125,0.6,59.75,-0.3031249999999999,374,True
467,27.416548379000233,43.70439299964346,9.628744999645278,selected,ready,direct,direct,consistent,-0.175,0.6,63.5,-0.26874999999999993,372,True
468,27.463805933999538,37.250908000714844,9.740243998749065,selected,ready,direct,direct,consistent,-0.15625,0.55,62.0,-0.259375,371,True
469,27.51048236799943,37.23905699916941,9.352693999971962,selected,ready,direct,direct,consistent,-0.125,0.55,63.5,-0.246875,370,True
470,27.557841698999255,37.72153099998832,9.553393998430693,selected,ready,direct,direct,consistent,-0.096875,0.55,65.5,-0.2234375,368,True
471,27.651819669999895,43.394360998718184,9.374027000376373,selected,ready,direct,direct,consistent,-0.034375,0.55,69.5,-0.17968750000000006,364,True
472,27.70146022100016,40.74272000070778,8.80994399994961,selected,ready,interpolated,direct,consistent,-0.0140625,0.55,72.0,-0.14296875000000003,361,True
473,27.745375258000422,35.09550099988701,8.735945000807988,selected,ready,interpolated,direct,consistent,-0.0015625,0.6,77.25,-0.09999999999999992,358,True
474,27.79359864899925,39.81445800127403,8.324322998305433,selected,ready,direct,direct,consistent,0.0,0.6,77.0,-0.1124999999999999,359,True
475,27.887541248999696,43.39284199886606,9.532172000035644,selected,ready,direct,direct,consistent,-0.009375,0.55,73.5,-0.11718750000000003,359,True
476,27.93440710700088,37.74871499990695,9.029700000610319,selected,ready,direct,direct,consistent,0.00625,0.55,75.5,-0.08750000000000002,357,True
477,27.98057101300037,37.78521499953058,8.292804001030163,selected,ready,direct,direct,consistent,0.021875,0.6,80.5,-0.02499999999999996,352,True
478,28.028296320000663,38.742439000998274,8.897276000425336,selected,ready,interpolated,direct,consistent,0.028125,0.55,80.25,-0.009375000000000012,351,True
479,28.12122212199938,44.13247799857345,7.6761290001741145,selected,ready,direct,direct,consistent,0.0375,0.55,83.25,0.0421875,348,True
480,28.172523924000416,2.1469269995577633,8.185695000065607,selected,ready,direct,direct,consistent,0.03125,0.55,83.5,0.05,348,True
481,28.21569345500029,35.40023599998676,7.683814999836613,selected,unavailable,direct,unavailable,consistent,0.01875,,,,350,True
482,28.31026523000037,45.651489999727346,8.066919001066708,selected,ready,direct,direct,consistent,0.021875,0.6,80.75,-0.015624999999999965,351,True
483,28.40448153000034,45.436270998834516,7.952977000968531,selected,ready,direct,direct,consistent,0.040625,0.6,81.75,-0.015624999999999965,351,True
484,28.45125551899946,38.86325100029353,7.824479998816969,selected,ready,direct,direct,consistent,0.053125,0.6,82.5,-0.012499999999999949,351,True
485,28.498814050000874,39.23450399997819,8.08860500001174,selected,ready,direct,direct,consistent,0.0625,0.6,83.5,0.006250000000000033,350,True
486,28.592870611000762,45.34403099933115,8.129400001053,selected,ready,direct,direct,consistent,0.06875,0.6,84.25,0.02187500000000002,349,True
487,28.640345644000263,39.58392499953334,7.805646000633715,selected,ready,direct,direct,consistent,0.071875,0.6,84.5,0.02500000000000005,349,True
488,28.68689072900088,38.572904999455204,7.885163000537432,selected,ready,direct,direct,consistent,0.065625,0.6,84.25,0.028125000000000025,349,True
489,28.733954658000584,39.09217399996123,7.886830000643386,selected,ready,direct,direct,consistent,0.0625,0.6,83.75,0.015625000000000035,349,True
490,28.783835371999885,1.242959999217419,7.939200000691926,selected,ready,direct,direct,consistent,0.06875,0.6,84.5,0.03125000000000003,349,True
491,28.828274195999256,36.47232899857045,7.8788669998175465,selected,ready,direct,direct,consistent,0.06875,0.6,84.5,0.03125000000000003,349,True
492,28.875394013000914,39.20996799934073,7.822461000614567,selected,ready,direct,direct,consistent,0.065625,0.6,84.0,0.018750000000000037,349,True
493,28.928519617000347,41.12541700123984,11.88992999959737,selected,unavailable,direct,unavailable,consistent,0.0625,,,,350,True
494,29.016844849000336,13.01972500004922,7.9409959998884005,selected,ready,direct,direct,consistent,0.05,0.55,84.0,0.05,348,True
495,29.11105938900073,45.87037500095903,7.939384000565042,selected,ready,direct,direct,consistent,0.05,0.55,83.75,0.0453125,348,True
496,29.157931802999883,38.99000899946259,7.798275999448379,selected,ready,direct,direct,consistent,0.05,0.55,83.75,0.0453125,348,True
497,29.20523655999932,39.310595999268116,7.911143999081105,selected,ready,direct,direct,consistent,0.05,0.55,83.75,0.0453125,348,True
498,29.25223408199963,39.097303999369615,7.817701000021771,selected,ready,direct,direct,consistent,0.05,0.55,83.75,0.0453125,348,True
499,29.346708674000183,45.85535600017465,8.01175400010834,selected,ready,direct,direct,consistent,0.05,0.55,83.75,0.0453125,348,True
500,29.393560160999186,38.84688200014352,7.919272999060922,selected,ready,direct,direct,consistent,0.05,0.55,83.75,0.0453125,348,True
501,29.440733680999983,39.23469000073965,7.855089999793563,selected,ready,direct,direct,consistent,0.05,0.55,83.75,0.0453125,348,True
502,29.48770794399934,39.15361699910136,7.735481000054278,selected,ready,direct,direct,consistent,0.05,0.55,83.75,0.0453125,348,True
503,29.584507606999978,48.342609999963315,7.840553000278305,selected,ready,direct,direct,consistent,0.05,0.55,83.75,0.0453125,348,True
504,29.629190206000203,36.78017600032035,7.816220000677276,selected,ready,direct,direct,consistent,0.046875,0.55,83.75,0.046875,348,True
505,29.676185431000704,39.14350699960778,7.767646000502282,selected,ready,direct,direct,consistent,0.05,0.55,83.75,0.0453125,348,True
506,29.72483222200026,40.7559979994403,7.805535000443342,selected,ready,direct,direct,consistent,0.05,0.55,83.75,0.0453125,348,True
507,29.81773341400003,44.69909799991001,7.98306899923773,selected,ready,direct,direct,consistent,0.05,0.55,83.75,0.0453125,348,True
508,29.864752325000154,39.1416170004959,7.7943319993210025,selected,ready,direct,direct,consistent,0.05,0.55,83.75,0.0453125,348,True
509,29.91179916100009,39.13056300007156,7.8292380003404105,selected,ready,direct,direct,consistent,0.05,0.55,83.75,0.0453125,348,True
510,29.95898145799947,39.22602300008293,7.870589999583899,selected,ready,direct,direct,consistent,0.046875,0.55,83.75,0.046875,348,True
511,30.056704106000325,49.56422000032035,7.866849000492948,selected,ready,direct,direct,consistent,0.046875,0.55,83.75,0.046875,348,True
