frame,elapsed_s,capture_wait_ms,vision_and_pwm_ms,track_status,control_status,near_status,far_status,near_offset,far_y,far_x,preview_error,steering_pwm,pwm_sent
1,0.051707089000046835,37.64706800029671,13.422920999801136,selected,ready,direct,direct,-0.040625,0.55,76.5,-0.0453125,354,True
2,0.13950730999931693,46.42740100098308,9.918517998812604,selected,ready,direct,direct,-0.040625,0.55,76.5,-0.0453125,354,True
3,0.18651336699986132,36.86387800007651,10.026477999417693,selected,ready,direct,direct,-0.040625,0.55,76.5,-0.0453125,354,True
4,0.23835184299969114,38.56607000125223,13.145110999175813,selected,ready,direct,direct,-0.040625,0.55,76.5,-0.0453125,354,True
5,0.2854676589995506,33.825594999143505,13.147149000360514,selected,ready,direct,direct,-0.040625,0.55,76.5,-0.0453125,354,True
6,0.33082789199943363,6.153062999146641,11.985797000306775,selected,ready,direct,direct,-0.040625,0.55,76.5,-0.0453125,354,True
7,0.3777629699998215,34.95403899978555,11.84878200001549,selected,ready,direct,direct,-0.04375,0.55,76.5,-0.04375,354,True
8,0.42185602099925745,34.07338699980755,9.88333299937949,selected,ready,direct,direct,-0.040625,0.55,76.5,-0.0453125,354,True
9,0.46884480100015935,37.195538001469686,9.683317999588326,selected,ready,direct,direct,-0.040625,0.55,76.5,-0.0453125,354,True
10,0.5197582189994137,39.37424200012174,11.431011000240687,selected,ready,direct,direct,-0.040625,0.55,76.5,-0.0453125,354,True
11,0.5658902359991771,7.2345070002484135,11.610229999860167,selected,ready,direct,direct,-0.040625,0.55,76.5,-0.0453125,354,True
12,0.6112317480001366,35.37188399968727,9.841723000135971,selected,ready,direct,direct,-0.040625,0.55,76.5,-0.0453125,354,True
13,0.659204621999379,38.193816999410046,9.672706999481306,selected,ready,direct,direct,-0.04375,0.55,76.5,-0.04375,354,True
14,0.7048002589999669,35.258848998637404,10.228327000731952,selected,ready,direct,direct,-0.040625,0.55,76.5,-0.0453125,354,True
15,0.7542039990003104,37.73328900024353,11.543675000211806,selected,ready,direct,direct,-0.04375,0.55,76.5,-0.04375,354,True
16,0.802004950999617,9.616542000003392,11.6064150006423,selected,ready,direct,direct,-0.04375,0.55,76.5,-0.04375,354,True
17,0.8411227529995813,32.2894359997008,6.7009609992965125,selected,ready,direct,direct,-0.04375,0.55,76.5,-0.04375,354,True
18,0.8881520510003611,40.207283998825005,6.74197900116269,selected,ready,direct,direct,-0.04375,0.55,76.25,-0.0484375,354,True
19,0.9351531270003761,40.29259700109833,6.626925000091433,selected,ready,direct,direct,-0.040625,0.55,76.5,-0.0453125,354,True
20,0.9821661289988697,40.338022001378704,6.5970549985649996,selected,ready,direct,direct,-0.04375,0.55,76.5,-0.04375,354,True
21,1.029485699998986,26.35999899939634,6.64116599909903,selected,ready,direct,direct,-0.040625,0.55,76.5,-0.0453125,354,True
22,1.07645309200052,40.30331899957673,6.583908001630334,selected,ready,direct,direct,-0.04375,0.55,76.5,-0.04375,354,True
23,1.1235163339988503,40.28213499987032,6.552666998686618,selected,ready,direct,direct,-0.040625,0.55,76.5,-0.0453125,354,True
24,1.1707976269990468,40.51924200030044,6.681200999082648,selected,ready,direct,direct,-0.04375,0.55,76.5,-0.04375,354,True
25,1.2179268679992674,40.31039300025441,6.7384599988145055,selected,ready,direct,direct,-0.040625,0.55,76.5,-0.0453125,354,True
26,1.2655833779990644,26.612957999532227,6.862920999992639,selected,ready,direct,direct,-0.04375,0.55,76.5,-0.04375,354,True
27,1.3121109989988327,39.73079200113716,6.716348998452304,selected,ready,direct,direct,-0.040625,0.55,76.5,-0.0453125,354,True
28,1.3592227959998127,40.35570700034441,6.674369000393199,selected,ready,direct,direct,-0.04375,0.55,76.5,-0.04375,354,True
29,1.4064081649994478,40.316947999599506,6.787588999941363,selected,ready,direct,direct,-0.04375,0.55,76.5,-0.04375,354,True
30,1.4532847810005478,40.25504199853458,6.540445001519402,selected,ready,direct,direct,-0.04375,0.55,76.5,-0.04375,354,True
31,1.5005874630005565,26.30138899985468,6.672017001619679,selected,ready,direct,direct,-0.04375,0.55,76.5,-0.04375,354,True
32,1.5476688719991216,40.248449999126024,6.752311999662197,selected,ready,direct,direct,-0.04375,0.55,76.5,-0.04375,354,True
33,1.5947415579994413,40.44500199961476,6.548538000060944,selected,ready,direct,direct,-0.040625,0.55,76.5,-0.0453125,354,True
34,1.6419462969988672,40.39761400053976,6.7268299990246305,selected,ready,direct,direct,-0.04375,0.55,76.5,-0.04375,354,True
35,1.6891042970000854,40.331819000130054,6.748145000528893,selected,ready,direct,direct,-0.040625,0.55,76.5,-0.0453125,354,True
36,1.7362375190004968,26.19342799880542,6.771478001610376,selected,ready,direct,direct,-0.040625,0.55,76.5,-0.0453125,354,True
37,1.7832382439992216,40.28155999912997,6.637628999669687,selected,ready,direct,direct,-0.04375,0.55,76.5,-0.04375,354,True
38,1.8304910930000915,40.41118799977994,6.762774000890204,selected,ready,direct,direct,-0.04375,0.55,76.5,-0.04375,354,True
39,1.8774723000005906,40.23926399895572,6.6624250011955155,selected,ready,direct,direct,-0.04375,0.55,76.5,-0.04375,354,True
40,1.9244933939990005,40.35183700034395,6.586313998923288,selected,ready,direct,direct,-0.040625,0.55,76.5,-0.0453125,354,True
41,1.9717465399990033,26.342628998463624,6.626573000175995,selected,ready,direct,direct,-0.04375,0.55,76.5,-0.04375,354,True
42,2.0189848159989197,40.45294699972146,6.70407100005832,selected,ready,direct,direct,-0.04375,0.55,76.5,-0.04375,354,True
43,2.0658037289995264,40.137766000043484,6.600554999749875,selected,ready,direct,direct,-0.040625,0.55,76.5,-0.0453125,354,True
44,2.1129528589990514,40.42463199948543,6.6454989992053015,selected,ready,direct,direct,-0.040625,0.55,76.5,-0.0453125,354,True
45,2.1601267650003138,40.31772700000147,6.62383200142358,selected,ready,direct,direct,-0.04375,0.55,76.5,-0.04375,354,True
46,2.2073204119988077,26.355387999501545,6.676867998976377,selected,ready,direct,direct,-0.040625,0.55,76.5,-0.0453125,354,True
47,2.2545180409997556,40.31720700004371,6.801015000746702,selected,ready,direct,direct,-0.04375,0.55,76.5,-0.04375,354,True
48,2.301659708000443,40.32515200015041,6.73651600118319,selected,ready,direct,direct,-0.040625,0.55,76.5,-0.0453125,354,True
49,2.3486112110003887,40.24694899999304,6.624463001571712,selected,ready,direct,direct,-0.04375,0.55,76.5,-0.04375,354,True
50,2.3957664879999356,40.429964999930235,6.645053999818629,selected,ready,direct,direct,-0.040625,0.55,76.5,-0.0453125,354,True
51,2.4429547090003325,26.163890999669093,6.683183000859572,selected,ready,direct,direct,-0.040625,0.55,76.5,-0.0453125,354,True
52,2.4901696519991674,40.480779000063194,6.653534999713884,selected,ready,direct,direct,-0.04375,0.55,76.25,-0.0484375,354,True
53,2.5369641029992636,40.13663700061443,6.576166999366251,selected,ready,direct,direct,-0.04375,0.55,76.5,-0.04375,354,True
54,2.5850509379997675,41.347357000631746,6.659534999926109,selected,ready,direct,direct,-0.040625,0.55,76.5,-0.0453125,354,True
55,2.631222861999049,39.5179620009003,6.572443999175448,selected,ready,direct,direct,-0.04375,0.55,76.5,-0.04375,354,True
56,2.6784897670004284,26.429386998643167,6.689016001473647,selected,ready,direct,direct,-0.040625,0.55,76.5,-0.0453125,354,True
57,2.7256030819989974,40.3735220006638,6.659275999481906,selected,ready,direct,direct,-0.04375,0.55,76.5,-0.04375,354,True
58,2.772614899000473,40.280059998622164,6.650906001596013,selected,ready,direct,direct,-0.040625,0.55,76.5,-0.0453125,354,True
59,2.81985256400003,40.51001900006668,6.647869000516948,selected,ready,direct,direct,-0.04375,0.55,76.5,-0.04375,354,True
60,2.8667467899995245,40.182968999943114,6.631480000578449,selected,ready,direct,direct,-0.04375,0.55,76.5,-0.04375,354,True
61,2.914117267999245,26.292222000847687,6.696701999317156,selected,ready,direct,direct,-0.04375,0.55,76.5,-0.04375,354,True
62,2.961101196000527,40.239672000097926,6.663128000582219,selected,ready,direct,direct,-0.040625,0.55,76.5,-0.0453125,354,True
63,3.008252862999143,40.451724000377,6.620332998863887,selected,ready,direct,direct,-0.04375,0.55,76.5,-0.04375,354,True
64,3.055553026999405,40.63855400090688,6.5808889994514175,selected,ready,direct,direct,-0.040625,0.55,76.5,-0.0453125,354,True
65,3.102480456000194,40.18302499935089,6.665369000984356,selected,ready,direct,direct,-0.040625,0.55,76.5,-0.0453125,354,True
66,3.149610197000584,26.369387998784077,6.6358880012558075,selected,ready,direct,direct,-0.040625,0.55,76.5,-0.0453125,354,True
67,3.196737549000318,40.17552500044985,6.693239000014728,selected,ready,direct,direct,-0.04375,0.55,76.5,-0.04375,354,True
68,3.2437710689991945,40.329949000806664,6.62322099924495,selected,ready,direct,direct,-0.040625,0.55,76.5,-0.0453125,354,True
69,3.290937939000287,40.49972299981164,6.58724100139807,selected,ready,direct,direct,-0.04375,0.55,76.5,-0.04375,354,True
70,3.3380122919988935,40.343466000194894,6.652128999121487,selected,ready,direct,direct,-0.04375,0.55,76.5,-0.04375,354,True
71,3.3852149760004977,26.17609500157414,6.678054000076372,selected,ready,direct,direct,-0.040625,0.55,76.5,-0.0453125,354,True
72,3.4322843289992306,40.35302199918078,6.6352209996694,selected,ready,direct,direct,-0.040625,0.55,76.5,-0.0453125,354,True
73,3.479301293999015,40.28994899999816,6.646202999036177,selected,ready,direct,direct,-0.040625,0.55,76.5,-0.0453125,354,True
74,3.5265948649994243,40.479037999830325,6.735552999089123,selected,ready,direct,direct,-0.040625,0.55,76.5,-0.0453125,354,True
75,3.573546515999624,40.28339300020889,6.587833000594401,selected,ready,direct,direct,-0.040625,0.55,76.25,-0.05,354,True
76,3.6209102350003377,26.55693999986397,6.620370000746334,selected,ready,direct,direct,-0.040625,0.55,76.5,-0.0453125,354,True
77,3.667940940000335,40.2507090002473,6.698905001030653,selected,ready,direct,direct,-0.04375,0.55,76.5,-0.04375,354,True
78,3.714989848998812,40.28974500033655,6.6506099992693635,selected,ready,direct,direct,-0.040625,0.55,76.25,-0.05,354,True
79,3.7619847400001163,40.232024000943056,6.6835159996117,selected,ready,direct,direct,-0.040625,0.55,76.5,-0.0453125,354,True
80,3.8092201269992074,40.41929800041544,6.7359599997871555,selected,ready,direct,direct,-0.04375,0.55,76.25,-0.0484375,354,True
81,3.8563836829998763,26.12870700068015,6.668887999694562,selected,ready,direct,direct,-0.040625,0.55,76.5,-0.0453125,354,True
82,3.904933343999801,41.82290399876365,6.645666000622441,selected,ready,direct,direct,-0.040625,0.55,76.5,-0.0453125,354,True
83,3.9505146110004716,38.83645499990962,6.6649990003497805,selected,ready,direct,direct,-0.040625,0.55,76.5,-0.0453125,354,True
84,3.9975650750002387,40.36833700047282,6.601166000109515,selected,ready,direct,direct,-0.04375,0.55,76.5,-0.04375,354,True
85,4.0447460189989215,40.460983000230044,6.640609999521985,selected,ready,direct,direct,-0.040625,0.55,76.5,-0.0453125,354,True
86,4.092050589999417,26.391887999125174,6.781811000109883,selected,ready,direct,direct,-0.040625,0.55,76.5,-0.0453125,354,True
87,4.1391359609988285,40.29215300033684,6.71220099866332,selected,ready,direct,direct,-0.040625,0.55,76.25,-0.05,354,True
88,4.186403829000483,40.490093000698835,6.697572000120999,selected,ready,direct,direct,-0.040625,0.55,76.5,-0.0453125,354,True
89,4.23330272199928,40.025415999480174,6.6435730004741345,selected,ready,direct,direct,-0.040625,0.55,76.5,-0.0453125,354,True
90,4.280306557999211,40.28561599989189,6.636924999838811,selected,ready,direct,direct,-0.040625,0.55,76.5,-0.0453125,354,True
91,4.327570240999194,26.26870499989309,6.67231300030835,selected,ready,direct,direct,-0.04375,0.55,76.5,-0.04375,354,True
92,4.374510891999307,40.26300500117941,6.598702999326633,selected,ready,direct,direct,-0.040625,0.55,76.5,-0.0453125,354,True
93,4.421782260000327,40.447094001137884,6.742423000105191,selected,ready,direct,direct,-0.040625,0.55,76.5,-0.0453125,354,True
94,4.468695468000078,40.25191300024744,6.580741001016577,selected,ready,direct,direct,-0.040625,0.55,76.5,-0.0453125,354,True
95,4.515912114000457,40.580814000350074,6.556166999871493,selected,ready,direct,direct,-0.040625,0.55,76.5,-0.0453125,354,True
96,4.563034929000423,26.34112899977481,6.618740000703838,selected,ready,direct,direct,-0.040625,0.55,76.5,-0.0453125,354,True
97,4.610411850999299,40.29567100042186,7.0013259992265375,selected,ready,direct,direct,-0.040625,0.55,76.5,-0.0453125,354,True
98,4.657397390999904,40.17917300006957,6.699961000776966,selected,ready,direct,direct,-0.040625,0.55,76.5,-0.0453125,354,True
99,4.7043243939988315,40.136526000424055,6.709996998324641,selected,ready,direct,direct,-0.040625,0.55,76.5,-0.0453125,354,True
100,4.7518692949997785,40.79182900022715,6.670258000667673,selected,ready,direct,direct,-0.040625,0.55,76.5,-0.0453125,354,True
101,4.798639930999343,25.805601000683964,6.634184999711579,selected,ready,direct,direct,-0.040625,0.55,76.5,-0.0453125,354,True
102,4.845705690999239,40.3153379993455,6.66964599986386,selected,ready,direct,direct,-0.040625,0.55,76.5,-0.0453125,354,True
103,4.892819116999817,40.3822250009398,6.650905999777024,selected,ready,direct,direct,-0.04375,0.55,76.5,-0.04375,354,True
104,4.939951672999086,40.484982999259955,6.566740999915055,selected,ready,direct,direct,-0.040625,0.55,76.5,-0.0453125,354,True
105,4.9870819879997725,40.37935499945888,6.646517000262975,selected,ready,direct,direct,-0.040625,0.55,76.5,-0.0453125,354,True
106,5.034326504999626,26.35411099981866,6.7146090004825965,selected,ready,direct,direct,-0.040625,0.55,76.5,-0.0453125,354,True
107,5.081290304000504,40.26193100071396,6.621574000746477,selected,ready,direct,direct,-0.040625,0.55,76.5,-0.0453125,354,True
108,5.1284079710003425,40.38611400028458,6.651166000665398,selected,ready,direct,direct,-0.040625,0.55,76.5,-0.0453125,354,True
109,5.1754466950005735,40.37039300055767,6.588185000509839,selected,ready,direct,direct,-0.040625,0.55,76.5,-0.0453125,354,True
110,5.223961579000388,41.87842200008163,6.557538001288776,selected,ready,direct,direct,-0.040625,0.55,76.5,-0.0453125,354,True
111,5.269777433999479,24.572881000494817,6.7030720001639565,selected,ready,direct,direct,-0.040625,0.55,76.5,-0.0453125,354,True
112,5.317100819998814,40.5146680004691,6.727700998453656,selected,ready,direct,direct,-0.040625,0.55,76.5,-0.0453125,354,True
113,5.363929713999823,40.107378001266625,6.639016999542946,selected,ready,direct,direct,-0.040625,0.55,76.5,-0.0453125,354,True
114,5.411099380000451,40.45050199965772,6.63864700072736,selected,ready,direct,direct,-0.040625,0.55,76.5,-0.0453125,354,True
115,5.458158641000409,40.31128200040257,6.668240001090453,selected,ready,direct,direct,-0.040625,0.55,76.5,-0.0453125,354,True
116,5.505420268000307,26.292778000424732,6.776922000426566,selected,ready,direct,direct,-0.040625,0.55,76.5,-0.0453125,354,True
117,5.5526236739988235,40.42255700005626,6.699997999021434,selected,ready,direct,direct,-0.040625,0.55,76.5,-0.0453125,354,True
118,5.599557510999148,40.20626499914215,6.64646199948038,selected,ready,direct,direct,-0.040625,0.55,76.5,-0.0453125,354,True
119,5.646731454999099,40.34917000171845,6.745756998498109,selected,ready,direct,direct,-0.040625,0.55,76.5,-0.0453125,354,True
120,5.693795770999714,40.29294900101377,6.690812999295304,selected,ready,direct,direct,-0.040625,0.55,76.5,-0.0453125,354,True
121,5.741011103000346,26.194686999588157,6.690739000987378,selected,ready,direct,direct,-0.040625,0.55,76.5,-0.0453125,354,True
122,5.787886551999691,40.22137600077258,6.57212999976764,selected,ready,direct,direct,-0.040625,0.55,76.5,-0.0453125,354,True
123,5.842746457999965,43.08221700011927,11.697690999426413,selected,ready,direct,direct,-0.040625,0.55,76.5,-0.0453125,354,True
124,5.890170434999163,35.55865800080937,11.740579999241163,selected,ready,direct,direct,-0.040625,0.55,76.5,-0.0453125,354,True
125,5.936788203000106,34.91133600073226,11.580971000512363,selected,ready,direct,direct,-0.040625,0.55,76.5,-0.0453125,354,True
126,5.984366231999957,9.705039999971632,11.77052300045034,selected,ready,direct,direct,-0.040625,0.55,76.5,-0.0453125,354,True
127,6.030324085999382,35.983003999717766,9.845055999903707,selected,ready,direct,direct,-0.040625,0.55,76.5,-0.0453125,354,True
128,6.075136031999136,35.0119269987772,9.692372999779764,selected,ready,direct,direct,-0.040625,0.55,76.5,-0.0453125,354,True
129,6.124129204999917,37.48564399938914,11.403197000618093,selected,ready,direct,direct,-0.040625,0.55,76.5,-0.0453125,354,True
130,6.172608292999939,36.665251000158605,11.690654000631184,selected,ready,direct,direct,-0.040625,0.55,76.5,-0.0453125,354,True
131,6.21913015499922,8.754258999033482,11.31299400003627,selected,ready,direct,direct,-0.040625,0.55,76.5,-0.0453125,354,True
132,6.259226033000232,33.36432500145747,6.650090999755776,selected,ready,direct,direct,-0.040625,0.55,76.5,-0.0453125,354,True
133,6.306248961000165,40.092434001053334,6.6745719996106345,selected,ready,direct,direct,-0.040625,0.55,76.5,-0.0453125,354,True
134,6.353439294000054,40.445204998832196,6.663203001153306,selected,ready,direct,direct,-0.040625,0.55,76.5,-0.0453125,354,True
135,6.400415758998861,40.25672699935967,6.639794999500737,selected,ready,direct,direct,-0.040625,0.55,76.5,-0.0453125,354,True
136,6.448051305998888,26.773380999657093,6.71314600003825,selected,ready,direct,direct,-0.040625,0.55,76.5,-0.0453125,354,True
137,6.494812572000228,39.975084000616334,6.703572000333224,selected,ready,direct,direct,-0.040625,0.55,76.5,-0.0453125,354,True
138,6.541758556999412,40.26687500117987,6.597203999263002,selected,ready,direct,direct,-0.040625,0.55,76.5,-0.0453125,354,True
139,6.5888826310001605,40.463446001012926,6.575962999704643,selected,ready,direct,direct,-0.040625,0.55,76.5,-0.0453125,354,True
140,6.635905596000157,40.3752069996699,6.5667779999785125,selected,ready,direct,direct,-0.04375,0.55,76.5,-0.04375,354,True
141,6.683240517999366,26.233020000290708,6.760088999726577,selected,ready,direct,direct,-0.040625,0.55,76.5,-0.0453125,354,True
142,6.730362741000135,40.35057699911704,6.691943000987521,selected,ready,direct,direct,-0.040625,0.55,76.5,-0.0453125,354,True
143,6.777471425999465,40.36533699945721,6.664423999609426,selected,ready,direct,direct,-0.04375,0.55,76.5,-0.04375,354,True
144,6.82444522500009,40.26874600094743,6.625054000323871,selected,ready,direct,direct,-0.040625,0.55,76.5,-0.0453125,354,True
145,6.871609650999744,40.518519999750424,6.566537000253447,selected,ready,direct,direct,-0.040625,0.55,76.5,-0.0453125,354,True
146,6.918910832999245,26.4753120009118,6.688256999041187,selected,ready,direct,direct,-0.040625,0.55,76.25,-0.05,354,True
147,6.965991777999079,40.26887600048212,6.732551999448333,selected,ready,direct,direct,-0.040625,0.55,76.5,-0.0453125,354,True
148,7.013087260998873,40.42774300069141,6.588388998352457,selected,ready,direct,direct,-0.04375,0.55,76.5,-0.04375,354,True
149,7.060249185999055,40.41428100026678,6.667460998869501,selected,ready,direct,direct,-0.040625,0.55,76.5,-0.0453125,354,True
150,7.107283280000047,40.30579999925976,6.647832000453491,selected,ready,direct,direct,-0.040625,0.55,76.5,-0.0453125,354,True
151,7.155868886000462,27.653920999000547,6.608167001104448,selected,ready,direct,direct,-0.040625,0.55,76.25,-0.05,354,True
152,7.201405652998801,38.86782500012487,6.588147998627392,selected,ready,direct,direct,-0.040625,0.55,76.5,-0.0453125,354,True
153,7.24869268799921,40.46848300095007,6.739348998962669,selected,ready,direct,direct,-0.040625,0.55,76.5,-0.0453125,354,True
154,7.295742467000309,40.280171000631526,6.689517000268097,selected,ready,direct,direct,-0.040625,0.55,76.5,-0.0453125,354,True
155,7.34282385699953,40.19037699981709,6.664553999144118,selected,ready,direct,direct,-0.040625,0.55,76.5,-0.0453125,354,True
156,7.3901656870002626,26.501996999286348,6.6959060004592175,selected,ready,direct,direct,-0.040625,0.55,76.5,-0.0453125,354,True
157,7.437119300999257,40.2410240003519,6.631276999542024,selected,ready,direct,direct,-0.040625,0.55,76.5,-0.0453125,354,True
158,7.484260744999119,40.419520999421366,6.64098000015656,selected,ready,direct,direct,-0.040625,0.55,76.5,-0.0453125,354,True
159,7.531381912000143,40.35415199905401,6.687831000817823,selected,ready,direct,direct,-0.040625,0.55,76.5,-0.0453125,354,True
160,7.578646113999639,40.50209399974847,6.681812999886461,selected,ready,direct,direct,-0.040625,0.55,76.5,-0.0453125,354,True
161,7.625661707999825,25.9761540000909,6.705664000037359,selected,ready,direct,direct,-0.040625,0.55,76.5,-0.0453125,354,True
162,7.672591877999366,40.21906100024353,6.630758000028436,selected,ready,direct,direct,-0.040625,0.55,76.5,-0.0453125,354,True
163,7.719559121998827,40.42055799982336,6.468834999395767,selected,ready,direct,direct,-0.040625,0.55,76.5,-0.0453125,354,True
164,7.766923265999139,40.662461000465555,6.622961998800747,selected,ready,direct,direct,-0.040625,0.55,76.5,-0.0453125,354,True
165,7.814011323000159,40.40637199977937,6.602482000744203,selected,ready,direct,direct,-0.040625,0.55,76.25,-0.05,354,True
166,7.861136396999427,26.267612000083318,6.6848869992099935,selected,ready,direct,direct,-0.040625,0.55,76.5,-0.0453125,354,True
167,7.908325487998809,40.39852100140706,6.7099599982611835,selected,ready,direct,direct,-0.0375,0.55,76.5,-0.046875,354,True
168,7.955276009999579,40.15928400076518,6.710960999043891,selected,ready,direct,direct,-0.040625,0.55,76.5,-0.0453125,354,True
169,8.002318233999176,40.29604199968162,6.667276000371203,selected,ready,direct,direct,-0.040625,0.55,76.25,-0.05,354,True
170,8.0494704369994,40.416909998384654,6.655961000433308,selected,ready,direct,direct,-0.040625,0.55,76.5,-0.0453125,354,True
171,8.096682454999609,26.098930000443943,6.626091999351047,selected,ready,direct,direct,-0.040625,0.55,76.5,-0.0453125,354,True
172,8.143794232999426,40.44253899883188,6.588315000044531,selected,ready,direct,direct,-0.040625,0.55,76.25,-0.05,354,True
173,8.19098943499921,40.469075000146404,6.646832000114955,selected,ready,direct,direct,-0.040625,0.55,76.5,-0.0453125,354,True
174,8.23800625200056,40.360299999520066,6.577203001143062,selected,ready,direct,direct,-0.040625,0.55,76.5,-0.0453125,354,True
175,8.285157418999006,40.442871999402996,6.628721999732079,selected,ready,direct,direct,-0.040625,0.55,76.5,-0.0453125,354,True
176,8.332270418999542,26.343665998865617,6.60701800006791,selected,ready,direct,direct,-0.040625,0.55,76.5,-0.0453125,354,True
177,8.379485714000111,40.270523000799585,6.684128000415512,selected,ready,direct,direct,-0.040625,0.55,76.5,-0.0453125,354,True
178,8.426492974998837,40.32579999875452,6.600017999517149,selected,ready,direct,direct,-0.040625,0.55,76.5,-0.0453125,354,True
179,8.475009396999667,41.85888599931786,6.577852000191342,selected,ready,direct,direct,-0.040625,0.55,76.5,-0.0453125,354,True
180,8.520570589998897,38.93100899949786,6.5505009988555685,selected,ready,direct,direct,-0.040625,0.55,76.25,-0.05,354,True
181,8.567817531999026,26.277982000465272,6.616498998482712,selected,ready,direct,direct,-0.040625,0.55,76.25,-0.05,354,True
182,8.615029771999616,40.47783399983018,6.654314000115846,selected,ready,direct,direct,-0.040625,0.55,76.25,-0.05,354,True
183,8.662085605999891,40.32639300021401,6.649979999565403,selected,ready,direct,direct,-0.040625,0.55,76.5,-0.0453125,354,True
184,8.70950702799928,40.67110900177795,6.66936899870052,selected,ready,direct,direct,-0.040625,0.55,76.5,-0.0453125,354,True
185,8.75612581399946,39.89941799954977,6.63849900047353,selected,ready,direct,direct,-0.040625,0.55,76.5,-0.0453125,354,True
186,8.803549697999188,22.561527001016657,6.67760899887071,selected,ready,direct,direct,-0.040625,0.55,76.5,-0.0453125,354,True
187,8.850675976000275,40.31896700143989,6.726941999659175,selected,ready,direct,direct,-0.040625,0.55,76.5,-0.0453125,354,True
188,8.897639200999038,40.295004000654444,6.5879069989023264,selected,ready,direct,direct,-0.040625,0.55,76.5,-0.0453125,354,True
189,8.944774052999492,40.43533499861951,6.61855500038655,selected,ready,direct,direct,-0.040625,0.55,76.25,-0.05,354,True
190,8.99183535100019,40.34383699945465,6.636981001065578,selected,ready,direct,direct,-0.040625,0.55,76.5,-0.0453125,354,True
191,9.039024719999361,26.27664899955562,6.590981000044849,selected,ready,direct,direct,-0.040625,0.55,76.5,-0.0453125,354,True
192,9.08615242399901,40.41100299946265,6.636721000177204,selected,ready,direct,direct,-0.040625,0.55,76.5,-0.0453125,354,True
193,9.133195517999411,40.339743998629274,6.623666000450612,selected,ready,direct,direct,-0.0375,0.55,76.5,-0.046875,354,True
194,9.180377499000315,40.39168800045445,6.707886999720358,selected,ready,direct,direct,-0.040625,0.55,76.5,-0.0453125,354,True
195,9.227427926000018,40.3517999984615,6.618110000999877,selected,ready,direct,direct,-0.040625,0.55,76.5,-0.0453125,354,True
196,9.27485458800038,26.578680999591597,6.677998000668595,selected,ready,direct,direct,-0.04375,0.55,76.5,-0.04375,354,True
197,9.321811665000496,40.21643199848768,6.659813001533621,selected,ready,direct,direct,-0.04375,0.55,76.5,-0.04375,354,True
198,9.368654002999392,40.18428400013363,6.578054999408778,selected,ready,direct,direct,-0.040625,0.55,76.5,-0.0453125,354,True
199,9.415693819999433,40.3666139991401,6.4168919998337515,selected,ready,direct,direct,-0.046875,0.55,76.5,-0.042187499999999996,353,True
200,9.462701673999618,40.64216500046314,6.285375999141252,selected,ready,direct,direct,-0.046875,0.55,76.5,-0.042187499999999996,353,True
201,9.510051854998892,26.420387001053314,6.561184998645331,selected,ready,direct,direct,-0.04375,0.55,76.5,-0.04375,354,True
202,9.556906859999799,40.43250199902104,6.340578000163077,selected,ready,direct,direct,-0.028125,0.55,77.25,-0.037500000000000006,353,True
203,9.604207690999829,40.69431199968676,6.525131000671536,selected,ready,direct,direct,-0.021875,0.55,77.5,-0.035937500000000004,353,True
204,9.65126496999983,40.494648999811034,6.480428000941174,selected,ready,direct,direct,-0.025,0.55,77.0,-0.043750000000000004,354,True
205,9.698375099998884,40.567091999037075,6.462909999754629,selected,ready,direct,direct,-0.025,0.55,77.0,-0.043750000000000004,354,True
206,9.74557172799905,26.543033000052674,6.510778999654576,selected,ready,direct,direct,-0.025,0.55,77.0,-0.043750000000000004,354,True
207,9.79303935200005,40.88942099951964,6.496760001027724,selected,ready,direct,direct,-0.021875,0.55,77.25,-0.04062500000000001,353,True
208,9.840161055999488,40.512260000468814,6.5305190000799485,selected,ready,direct,direct,-0.01875,0.55,77.75,-0.03281250000000001,353,True
209,9.886996097999145,40.2282089999062,6.524630000058096,selected,ready,direct,direct,-0.00625,0.55,78.75,-0.020312500000000004,352,True
210,9.934151080000447,40.46883500086551,6.604352000067593,selected,ready,interpolated,direct,0.015625,0.55,79.5,-0.0171875,351,True
211,9.981014176999452,26.156002000789158,6.4045589988381835,selected,ready,direct,direct,0.04375,0.6,81.0,-0.04999999999999992,354,True
212,10.028611095000088,40.75210700102616,6.763589999536634,selected,ready,direct,direct,0.046875,0.55,82.25,0.018749999999999996,349,True
213,10.075507061999815,40.269930999784265,6.545186000948888,selected,ready,direct,direct,0.046875,0.55,82.0,0.014062499999999999,349,True
214,10.123286070000177,40.50183399886009,7.195620000857161,selected,ready,direct,direct,0.034375,0.55,81.5,0.010937499999999992,350,True
215,10.170415550999678,39.719033000437776,7.329561000005924,selected,ready,direct,direct,0.015625,0.55,79.75,-0.012500000000000004,351,True
216,10.217466164000143,25.636788999690907,7.164176000514999,selected,ready,direct,direct,-0.0125,0.55,78.0,-0.03125000000000001,352,True
217,10.264416611000343,39.89671399904182,6.971549000809318,selected,ready,interpolated,direct,-0.025,0.6,77.5,-0.04374999999999998,354,True
218,10.311316151999563,40.07254600037413,6.7450149999785936,selected,ready,interpolated,direct,-0.05,0.55,72.75,-0.11093750000000001,359,True
219,10.358883996999793,40.22606100079429,7.2570259999338305,selected,ready,direct,direct,-0.046875,0.55,72.25,-0.12187500000000002,360,True
220,10.405933997999455,40.131378000296536,6.836106000264408,selected,ready,direct,direct,-0.046875,0.55,71.5,-0.13593750000000002,361,True
221,10.453329289999601,25.411941000129445,7.413077999444795,selected,ready,direct,direct,-0.05,0.55,71.0,-0.14375000000000004,362,True
222,10.498912834998919,39.4964440001786,6.004731998473289,uncertain,unavailable,unavailable,unavailable,,,,,350,True
223,10.546938004999902,41.22076600106084,6.732126999850152,selected,ready,direct,direct,-0.078125,0.55,74.75,-0.059375,355,True
224,10.592793600999357,40.1180069984548,5.654831000356353,uncertain,unavailable,unavailable,unavailable,,,,,350,True
225,10.640266631999111,41.541095000866335,5.859233999217395,uncertain,unavailable,unavailable,unavailable,,,,,350,True
226,10.687808587999825,27.129300999149564,6.257061000724207,selected,unavailable,direct,unavailable,0.275,,,,350,True
227,10.734598630999244,40.81093999957375,5.901640999582014,uncertain,unavailable,unavailable,unavailable,,,,,350,True
228,10.782385102000262,40.995641000336036,6.7204610004409915,selected,ready,direct,direct,0.20625,0.6,92.75,0.0656250000000001,347,True
229,10.829205125999579,40.36213299878,6.376633000400034,selected,ready,direct,direct,0.196875,0.6,92.75,0.08437500000000006,347,True
230,10.87610742600009,40.53835199920286,6.281505000515608,selected,unavailable,direct,unavailable,-0.1875,,,,350,True
231,10.923738584000603,26.747326000986504,6.761052000001655,selected,unavailable,direct,unavailable,-0.178125,,,,350,True
232,10.970167317998857,40.67705399938859,5.674551999618416,selected,unavailable,unavailable,unavailable,,,,,350,True
233,11.017523406999317,40.89367900087382,6.388521998815122,selected,unavailable,unavailable,unavailable,,,,,350,True
234,11.064558983000097,40.69110900127271,6.272652999541606,selected,unavailable,unavailable,unavailable,,,,,350,True
235,11.112805500999457,42.193269000563305,5.982046999633894,selected,unavailable,unavailable,unavailable,,,,,350,True
236,11.158673226000246,25.6759920011973,6.032823999703396,selected,unavailable,unavailable,unavailable,,,,,350,True
237,11.205740393999804,40.880919999835896,6.112229999416741,selected,unavailable,unavailable,unavailable,,,,,350,True
238,11.258623890000308,43.58278200015775,9.225437001077808,uncertain,unavailable,unavailable,unavailable,,,,,350,True
239,11.305755129998943,37.61345699967933,9.403414998814696,uncertain,unavailable,unavailable,unavailable,,,,,350,True
240,11.354511584999273,37.8464539990091,10.79561400001694,selected,unavailable,direct,unavailable,0.15625,,,,350,True
241,11.399847356000464,10.047422998468392,9.10214300165535,uncertain,unavailable,unavailable,unavailable,,,,,350,True
242,11.446976392999204,37.78247199988982,9.232325999619206,selected,unavailable,direct,unavailable,-0.35,,,,350,True
243,11.492078741999649,36.75850900071964,8.008697999684955,uncertain,unavailable,unavailable,unavailable,,,,,350,True
244,11.54148340699976,39.2617439993046,10.044941000160179,selected,ready,direct,direct,-0.353125,0.6,45.25,-0.5968749999999998,390,True
245,11.590909553999154,37.66019700015022,11.634118000074523,selected,ready,direct,direct,-0.3375,0.55,57.0,-0.26249999999999996,371,True
246,11.637730169999486,9.377211999890278,11.152200000651646,selected,ready,direct,direct,-0.328125,0.6,47.0,-0.5812499999999997,390,True
247,11.676825954000378,33.02651699959824,5.9370840008341474,selected,unavailable,direct,unavailable,-0.315625,,,,350,True
248,11.72586953300015,42.56096599965531,6.403151000995422,selected,ready,direct,direct,-0.30625,0.55,60.0,-0.22187499999999996,368,True
249,11.771169083000132,39.214596999954665,6.004472999848076,selected,ready,interpolated,direct,-0.2984374999999999,0.6,51.0,-0.490625,389,True
250,11.818558744998882,40.92547500113142,6.381558998327819,selected,ready,interpolated,direct,-0.2874999999999999,0.6,52.0,-0.4749999999999999,388,True
251,11.86546304500007,26.634606001607608,6.101414999648114,selected,ready,direct,direct,-0.25,0.6,55.0,-0.4374999999999999,385,True
252,11.912510231999477,40.843384000254446,6.120877998910146,selected,ready,direct,direct,-0.234375,0.6,56.0,-0.4312499999999998,384,True
253,11.959939856998972,40.91454899935343,6.430854999052826,selected,ready,direct,direct,-0.228125,0.55,51.75,-0.4156250000000001,383,True
254,12.006931988998986,40.599961999760126,6.289486998866778,selected,ready,direct,direct,-0.215625,0.55,53.25,-0.39375,382,True
255,12.054089432998808,40.79125499993097,6.282930999077507,selected,ready,direct,direct,-0.209375,0.55,54.0,-0.38281250000000006,381,True
256,12.101470317998974,26.784102999954484,6.3349669999297475,selected,ready,direct,direct,-0.2,0.55,55.25,-0.36406250000000007,379,True
257,12.14841595100006,40.49075999864726,6.371171000864706,selected,ready,direct,direct,-0.178125,0.55,56.5,-0.35156250000000006,378,True
258,12.195216603999143,40.64348000065365,6.073470998671837,selected,ready,direct,direct,-0.18125,0.6,61.25,-0.34062499999999984,377,True
259,12.242481897999824,40.922161000708,6.2599119992228225,selected,ready,direct,direct,-0.15625,0.6,62.0,-0.3624999999999998,379,True
260,12.289628360998904,40.730256001552334,6.3316339983430225,selected,ready,direct,direct,-0.175,0.6,61.75,-0.33437499999999987,377,True
261,12.336951506000332,26.77419599967834,6.339374000162934,selected,ready,direct,direct,-0.18125,0.6,61.5,-0.33124999999999993,376,True
262,12.384040118000485,40.505741000743,6.498483000541455,selected,ready,direct,direct,-0.184375,0.6,61.5,-0.3249999999999999,376,True
263,12.431220079999548,40.54727800030378,6.548073999510962,selected,ready,direct,direct,-0.175,0.6,61.75,-0.33437499999999987,377,True
264,12.47834263599907,40.54220400030317,6.4981679988704855,selected,ready,direct,direct,-0.178125,0.6,62.0,-0.31874999999999987,376,True
265,12.525313342999652,40.21472800013726,6.487112999820965,selected,ready,direct,direct,-0.178125,0.6,62.0,-0.31874999999999987,376,True
266,12.57275065199974,26.565439999103546,6.6062210007657995,selected,ready,direct,direct,-0.171875,0.6,62.0,-0.3312499999999999,376,True
267,12.619601878999674,40.369779999309685,6.3969290004024515,selected,ready,direct,direct,-0.175,0.6,61.5,-0.34374999999999994,378,True
268,12.667015226999865,41.003955999258324,6.325782000203617,selected,ready,direct,direct,-0.18125,0.6,61.5,-0.33124999999999993,376,True
269,12.713667863999945,40.19243299990194,6.376520999765489,selected,ready,direct,direct,-0.184375,0.6,60.75,-0.35312499999999986,378,True
270,12.76069993999954,40.69299799994042,6.255098000110593,selected,ready,direct,direct,-0.190625,0.6,60.5,-0.34999999999999987,378,True
271,12.807990270999653,26.68506800000614,6.394743999408092,selected,ready,direct,direct,-0.190625,0.6,60.0,-0.3687499999999999,380,True
272,12.855080883000483,40.66540599887958,6.319282001641113,selected,ready,direct,direct,-0.19375,0.6,60.0,-0.3624999999999998,379,True
273,12.902254974998868,40.683479001017986,6.409521998648415,selected,ready,direct,direct,-0.196875,0.6,60.0,-0.35624999999999984,378,True
274,12.94923553300032,40.610555000967,6.287596999754896,selected,ready,direct,direct,-0.2,0.6,59.75,-0.35937499999999983,379,True
275,12.996247183000378,40.644869000971084,6.285505000050762,selected,ready,direct,direct,-0.2,0.6,59.75,-0.35937499999999983,379,True
276,13.044782214999941,28.016952999678324,6.289171000389615,selected,ready,direct,direct,-0.2,0.6,59.75,-0.35937499999999983,379,True
277,13.090800474999924,39.57357200124534,6.360262999805855,selected,ready,direct,direct,-0.2,0.6,59.75,-0.35937499999999983,379,True
278,13.137713238000288,40.549963001467404,6.279893999817432,selected,ready,direct,direct,-0.2,0.6,59.75,-0.35937499999999983,379,True
279,13.184715850999055,40.63973899974371,6.279893999817432,selected,ready,direct,direct,-0.2,0.6,59.75,-0.35937499999999983,379,True
280,13.232037699999637,40.960714999528136,6.276912999965134,selected,ready,direct,direct,-0.2,0.6,59.75,-0.35937499999999983,379,True
281,13.279124033999324,26.59930899972096,6.337671000437695,selected,ready,direct,direct,-0.2,0.6,59.75,-0.35937499999999983,379,True
282,13.326096369999505,40.61386899957142,6.27539400011301,selected,ready,direct,direct,-0.2,0.6,59.75,-0.35937499999999983,379,True
283,13.373319979998996,40.83969900057127,6.302170999333612,selected,ready,direct,direct,-0.2,0.6,59.75,-0.35937499999999983,379,True
284,13.420425221000187,40.723886000705534,6.297318999713752,selected,ready,direct,direct,-0.2,0.6,59.75,-0.35937499999999983,379,True
285,13.467432797000583,40.61979500147572,6.304208000074141,selected,ready,direct,direct,-0.2,0.6,59.75,-0.35937499999999983,379,True
286,13.51460649999899,26.619068001309643,6.291226998655475,selected,ready,direct,direct,-0.2,0.6,59.75,-0.35937499999999983,379,True
287,13.56179268499909,40.618203000121866,6.30624499899568,selected,ready,direct,direct,-0.2,0.6,59.75,-0.35937499999999983,379,True
288,13.608918777999861,40.66583199892193,6.378374000632903,selected,ready,direct,direct,-0.2,0.6,59.75,-0.35937499999999983,379,True
289,13.655865946999256,40.60483200009912,6.2567829991166946,selected,ready,direct,direct,-0.2,0.6,59.75,-0.35937499999999983,379,True
290,13.703067168999041,40.83801399974618,6.28056099958485,selected,ready,direct,direct,-0.2,0.6,59.75,-0.35937499999999983,379,True
291,13.750309832999847,26.7693629994028,6.319041000097059,selected,ready,direct,direct,-0.2,0.6,59.75,-0.35937499999999983,379,True
292,13.79765175600005,40.862865000235615,6.395039999915753,selected,ready,direct,direct,-0.2,0.6,59.75,-0.35937499999999983,379,True
293,13.844403355000395,40.32396700131358,6.345114999930956,selected,ready,direct,direct,-0.2,0.6,59.75,-0.35937499999999983,379,True
294,13.891427319998911,40.69049799909408,6.250616999750491,selected,ready,direct,direct,-0.2,0.6,59.75,-0.35937499999999983,379,True
295,13.938569116000508,40.75075599939737,6.308060001174454,selected,ready,direct,direct,-0.2,0.6,59.75,-0.35937499999999983,379,True
296,13.98615138599962,25.294405999375158,6.585240000276826,selected,ready,direct,direct,-0.2,0.6,59.75,-0.35937499999999983,379,True
297,14.03325981299895,40.433242998915375,6.590369999685208,selected,ready,direct,direct,-0.2,0.6,59.75,-0.35937499999999983,379,True
298,14.080652159998863,40.89875299905543,6.40646600004402,selected,ready,direct,direct,-0.2,0.6,59.75,-0.35937499999999983,379,True
299,14.127123763999407,40.0908960000379,6.2968940001155715,selected,ready,direct,direct,-0.2,0.6,59.75,-0.35937499999999983,379,True
300,14.174131432999275,40.6582020004862,6.266782998864073,selected,ready,direct,direct,-0.2,0.6,59.75,-0.35937499999999983,379,True
301,14.221418578999874,26.71934499994677,6.333412000458338,selected,ready,direct,direct,-0.2,0.6,59.75,-0.35937499999999983,379,True
302,14.268430729000102,40.6678870003816,6.259357000089949,selected,ready,direct,direct,-0.2,0.6,59.75,-0.35937499999999983,379,True
303,14.315490414999658,40.679293999346555,6.297190000623232,selected,ready,direct,direct,-0.2,0.6,59.75,-0.35937499999999983,379,True
304,14.36270359899936,40.880660999391694,6.2485979997291,selected,ready,direct,direct,-0.2,0.6,59.75,-0.35937499999999983,379,True
305,14.409878709999248,40.75714400096331,6.335226998999133,selected,ready,direct,direct,-0.2,0.6,59.75,-0.35937499999999983,379,True
306,14.45702948699909,26.455331000761362,6.3619289994676365,selected,ready,direct,direct,-0.2,0.6,59.75,-0.35937499999999983,379,True
307,14.504090247999557,40.60870200009958,6.367318999764393,selected,ready,direct,direct,-0.2,0.6,59.75,-0.35937499999999983,379,True
308,14.551126563999787,40.69008999977086,6.261135000386275,selected,ready,direct,direct,-0.2,0.6,59.75,-0.35937499999999983,379,True
309,14.598367062999387,40.73890499967092,6.258912999328459,selected,ready,direct,direct,-0.2,0.6,59.75,-0.35937499999999983,379,True
310,14.645251436999388,40.5517780000082,6.250283000554191,selected,ready,direct,direct,-0.2,0.6,59.75,-0.35937499999999983,379,True
311,14.692554544999439,26.755733000754844,6.343151999317342,selected,ready,direct,direct,-0.2,0.6,59.75,-0.35937499999999983,379,True
312,14.739480623000418,40.59333300028811,6.246061000638292,selected,ready,direct,direct,-0.2,0.6,59.75,-0.35937499999999983,379,True
313,14.786675530000139,40.84629099997983,6.264895000640536,selected,ready,direct,direct,-0.2,0.6,59.75,-0.35937499999999983,379,True
314,14.833750308000162,40.73084900119284,6.261726999582606,selected,ready,direct,direct,-0.2,0.6,59.75,-0.35937499999999983,379,True
315,14.880883308000193,40.782625999781885,6.267153001317638,selected,ready,direct,direct,-0.2,0.6,59.75,-0.35937499999999983,379,True
316,14.92832695099969,26.90104500106827,6.2923009991209256,selected,ready,direct,direct,-0.2,0.6,59.75,-0.35937499999999983,379,True
317,14.975478414000463,40.73847899962857,6.328615001621074,selected,ready,direct,direct,-0.2,0.6,59.75,-0.35937499999999983,379,True
318,15.02221327299958,40.35831799956213,6.2930050007707905,selected,ready,direct,direct,-0.2,0.6,59.75,-0.35937499999999983,379,True
319,15.069280347999666,40.72673799964832,6.258282999624498,selected,ready,direct,direct,-0.2,0.6,59.75,-0.35937499999999983,379,True
320,15.116490901998986,40.87416100082919,6.2515979989257175,selected,ready,direct,direct,-0.2,0.6,59.75,-0.35937499999999983,379,True
321,15.163558107000426,26.448922999406932,6.345041001623031,selected,ready,direct,direct,-0.2,0.6,59.75,-0.35937499999999983,379,True
322,15.2107584209989,40.80840300048294,6.308504998742137,selected,ready,direct,direct,-0.2,0.6,59.75,-0.35937499999999983,379,True
323,15.257877587999246,40.681349999431404,6.353410999508924,selected,ready,direct,direct,-0.2,0.6,59.75,-0.35937499999999983,379,True
324,15.304892053000003,40.67840500101738,6.251191000046674,selected,ready,direct,direct,-0.2,0.6,59.75,-0.35937499999999983,379,True
325,15.351960035999582,40.73273799986055,6.250857999475556,selected,ready,direct,direct,-0.2,0.6,59.75,-0.35937499999999983,379,True
326,15.399276957999973,26.751678000437096,6.293170999924769,selected,ready,direct,direct,-0.2,0.6,59.75,-0.35937499999999983,379,True
327,15.446338237999953,40.6522759985819,6.3258940008381614,selected,ready,direct,direct,-0.2,0.6,59.75,-0.35937499999999983,379,True
328,15.4936921970002,40.975862999403034,6.294505001278594,selected,ready,direct,direct,-0.2,0.6,59.75,-0.35937499999999983,379,True
329,15.540456628999891,40.42315100014093,6.258319999687956,selected,ready,direct,direct,-0.2,0.6,59.75,-0.35937499999999983,379,True
330,15.587867309999638,41.03184399900783,6.296468000073219,selected,ready,direct,direct,-0.2,0.6,59.75,-0.35937499999999983,379,True
331,15.635105289000421,26.531459001489566,6.304911999905016,selected,ready,direct,direct,-0.2,0.6,59.75,-0.35937499999999983,379,True
332,15.68210323600033,40.58633299973735,6.329652000204078,selected,ready,direct,direct,-0.2,0.6,59.75,-0.35937499999999983,379,True
333,15.729236680999747,40.795588998662424,6.253154000660288,selected,ready,direct,direct,-0.2,0.6,59.75,-0.35937499999999983,379,True
334,15.776363032999143,40.732163999564364,6.308022999292007,selected,ready,direct,direct,-0.2,0.6,59.75,-0.35937499999999983,379,True
335,15.823509550999006,40.73081200112938,6.330725998850539,selected,ready,direct,direct,-0.2,0.6,59.75,-0.35937499999999983,379,True
336,15.870635273000516,26.57410699976026,6.321985001704888,selected,ready,direct,direct,-0.2,0.6,59.75,-0.35937499999999983,379,True
337,15.917591127999913,40.562388001490035,6.308948999503627,selected,ready,direct,direct,-0.2,0.6,59.75,-0.35937499999999983,379,True
338,15.964566261000073,40.62605400031316,6.265080000957823,selected,ready,direct,direct,-0.2,0.6,59.75,-0.35937499999999983,379,True
339,16.011788388999776,40.84125400004268,6.297820000327192,selected,ready,direct,direct,-0.2,0.6,59.75,-0.35937499999999983,379,True
340,16.059014536000177,40.88908700032334,6.2523209999199025,selected,ready,direct,direct,-0.2,0.6,59.75,-0.35937499999999983,379,True
341,16.106130239999402,26.494088999243104,6.368430000293301,selected,ready,direct,direct,-0.2,0.6,59.75,-0.35937499999999983,379,True
342,16.153053113999704,40.53566699985822,6.303005000518169,selected,ready,direct,direct,-0.203125,0.6,59.75,-0.35312499999999986,378,True
343,16.200075429998833,40.6907759988826,6.246115999601898,selected,ready,direct,direct,-0.2,0.6,59.75,-0.35937499999999983,379,True
344,16.24729098500029,40.85108700019191,6.279765000726911,selected,ready,direct,direct,-0.2,0.6,59.75,-0.35937499999999983,379,True
345,16.29584586800047,42.17686199990567,6.295912000496173,selected,ready,direct,direct,-0.2,0.6,59.75,-0.35937499999999983,379,True
346,16.341527782000412,25.12152000053902,6.307153000307153,selected,ready,direct,direct,-0.2,0.6,59.75,-0.35937499999999983,379,True
347,16.38862011600031,40.69057200103998,6.319744999927934,selected,ready,direct,direct,-0.2,0.6,59.75,-0.35937499999999983,379,True
348,16.435681912998916,40.73177499958547,6.247301998882904,selected,ready,direct,direct,-0.2,0.6,59.75,-0.35937499999999983,379,True
349,16.482788969000467,40.78603400012071,6.238968000616296,selected,ready,direct,direct,-0.2,0.6,59.75,-0.35937499999999983,379,True
350,16.530056633999266,40.82262500014622,6.361966999975266,selected,ready,direct,direct,-0.2,0.6,59.75,-0.35937499999999983,379,True
351,16.577379111999107,26.783343999341014,6.313818999842624,selected,ready,direct,direct,-0.2,0.6,59.75,-0.35937499999999983,379,True
352,16.6247537750005,40.947642000901396,6.341504000374698,selected,ready,direct,direct,-0.2,0.6,59.75,-0.35937499999999983,379,True
353,16.6790624869991,42.927256999973906,11.116034000224317,selected,ready,direct,direct,-0.2,0.6,59.75,-0.35937499999999983,379,True
354,16.72605548899992,35.84637499989185,11.01581399962015,selected,ready,direct,direct,-0.2,0.6,59.75,-0.35937499999999983,379,True
355,16.77324604400019,35.99748499982525,11.061961000450538,selected,ready,direct,direct,-0.2,0.6,59.75,-0.35937499999999983,379,True
356,16.820230490999165,9.500727999693481,11.098978999143583,selected,ready,direct,direct,-0.2,0.6,59.75,-0.35937499999999983,379,True
357,16.866935017000287,37.30842500044673,9.264177000659402,selected,ready,direct,direct,-0.2,0.6,59.75,-0.35937499999999983,379,True
358,16.91173222299949,35.13014700001804,9.555856999213574,selected,ready,direct,direct,-0.196875,0.55,55.25,-0.3656250000000001,379,True
359,16.96050432499942,37.50890300034371,11.152348999530659,selected,ready,direct,direct,-0.19375,0.55,55.25,-0.36718750000000006,379,True
360,17.008805434999886,36.723045999679016,11.446492000686703,selected,ready,direct,direct,-0.19375,0.55,55.75,-0.3578125,379,True
361,17.055335037999612,9.782205001101829,10.602283999105566,selected,ready,direct,direct,-0.190625,0.55,56.25,-0.35000000000000003,378,True
362,17.095293270000184,33.64654200049699,6.224931999895489,selected,ready,direct,direct,-0.19375,0.55,55.75,-0.3578125,379,True
363,17.142503510000097,40.80451499976334,6.323245001112809,selected,ready,direct,direct,-0.215625,0.55,54.0,-0.37968750000000007,380,True
364,17.190100538999104,40.91829100070754,6.595850998564856,selected,ready,direct,direct,-0.253125,0.55,48.25,-0.46875,388,True
365,17.236829897999996,40.26232000069285,6.385206999766524,selected,ready,direct,direct,-0.309375,0.55,39.25,-0.6093750000000001,390,True
366,17.283803197000452,26.57862500018382,6.265783000344527,selected,ready,direct,direct,-0.384375,0.6,40.75,-0.7031249999999997,390,True
367,17.33058614699985,40.885495000111405,5.813826999656158,selected,unavailable,unavailable,unavailable,,,,,350,True
368,17.377377800999966,41.03652900084853,5.679810999936308,selected,unavailable,unavailable,unavailable,,,,,350,True
369,17.424700428000506,41.45618799884687,5.792921001557261,selected,unavailable,unavailable,unavailable,,,,,350,True
370,17.471308010999564,41.21295100048883,5.319706999216578,uncertain,unavailable,unavailable,unavailable,,,,,350,True
371,17.518673266000405,27.950712999881944,5.393464000007953,uncertain,unavailable,unavailable,unavailable,,,,,350,True
372,17.566874451998956,41.55831699972623,6.567832999280654,selected,ready,interpolated,direct,-0.3140625000000001,0.6,61.5,-0.0656250000000001,355,True
373,17.614892084999155,41.86058900086209,6.074711998735438,selected,unavailable,unavailable,unavailable,,,,,350,True
374,17.65974523499972,39.5021660006023,5.274651999570779,uncertain,unavailable,unavailable,unavailable,,,,,350,True
375,17.70658690699929,41.56874300133495,5.054858998846612,uncertain,unavailable,unavailable,unavailable,,,,,350,True
376,17.75532130600004,28.356929000437958,6.295264000073075,selected,unavailable,direct,unavailable,-0.15625,,,,350,True
377,17.802055034999285,40.4132240000763,6.241672999749426,selected,unavailable,direct,unavailable,-0.153125,,,,350,True
378,17.84948449299918,40.90875299880281,6.443076999858022,selected,unavailable,direct,unavailable,-0.125,,,,350,True
379,17.89673193499948,40.59011000026658,6.580925999514875,selected,ready,direct,direct,0.028125,0.6,91.0,0.3562499999999998,336,True
380,17.944398722998812,40.44702099963615,7.13843499943323,selected,ready,direct,direct,-0.1875,0.6,69.25,-0.028125000000000122,352,True
381,17.991393076999884,25.830063999819686,6.91323499995633,selected,ready,direct,direct,-0.15,0.55,76.75,0.014062500000000061,349,True
382,18.03731670900015,40.01182399952086,5.8293090005463455,uncertain,unavailable,unavailable,unavailable,,,,,350,True
383,18.08626104799987,41.15152699887403,7.719888000792707,selected,ready,direct,direct,-0.134375,0.55,63.0,-0.2515625,370,True
384,18.13288185300007,39.318539000305464,7.223247999718296,selected,ready,direct,direct,-0.13125,0.55,63.0,-0.25312500000000004,370,True
385,18.17995181799961,39.84860499986098,7.1389349996024976,selected,ready,interpolated,direct,-0.1328125,0.55,70.5,-0.11171874999999998,359,True
386,18.22711507599888,26.99258199936594,5.928898999627563,uncertain,unavailable,unavailable,unavailable,,,,,350,True
387,18.273371665000013,39.80364299968642,6.379947000823449,uncertain,unavailable,unavailable,unavailable,,,,,350,True
388,18.320355797999582,40.91984499973478,5.992381000396563,uncertain,unavailable,unavailable,unavailable,,,,,350,True
389,18.368173044998912,40.86777299926325,6.876123999973061,selected,ready,direct,direct,-0.10625,0.6,69.5,-0.18124999999999997,364,True
390,18.41527650900025,40.00800900030299,7.0143080010893755,selected,ready,direct,direct,-0.1,0.55,78.75,0.026562500000000017,349,True
391,18.46252698799981,25.901025999701233,7.006103000094299,selected,ready,direct,direct,-0.096875,0.55,78.75,0.025000000000000022,349,True
392,18.509311808998973,39.929732998643885,6.770699999833596,selected,ready,direct,direct,-0.090625,0.55,79.0,0.02656250000000003,349,True
393,18.556806507000147,40.380595999522484,7.030807000774075,selected,ready,direct,direct,-0.078125,0.55,76.25,-0.031249999999999986,352,True
394,18.603941450999628,39.965435998965404,7.08775000020978,selected,ready,direct,direct,-0.059375,0.6,79.25,0.09062499999999986,346,True
395,18.650729457000125,39.794012998754624,6.886791001306847,selected,ready,direct,direct,-0.046875,0.55,81.75,0.05625000000000002,348,True
396,18.698342319999938,26.051467000797857,7.288470000275993,selected,ready,direct,direct,-0.046875,0.55,81.75,0.05625000000000002,348,True
397,18.745429153999794,39.72377399986726,7.097842999428394,selected,ready,direct,direct,-0.059375,0.55,77.0,-0.026562499999999996,352,True
398,18.792397508999784,39.87882600085868,7.006974999967497,selected,ready,direct,direct,-0.084375,0.55,74.5,-0.0609375,355,True
399,18.8396876730003,39.957307000804576,7.251173999975435,selected,ready,direct,direct,-0.1125,0.55,72.25,-0.08906249999999999,357,True
400,18.887096835000193,39.9967880002805,7.330227999773342,selected,ready,direct,direct,-0.128125,0.55,70.5,-0.1140625,359,True
401,18.93408178199934,25.417348000701168,7.309524999072892,selected,ready,interpolated,direct,-0.146875,0.55,74.0,-0.03906249999999997,353,True
402,18.981052450999414,39.67308900064381,7.21539599908283,selected,ready,direct,direct,-0.15,0.6,73.0,0.03749999999999987,348,True
403,19.028370337000524,39.70134799965308,7.535391001511016,selected,ready,direct,direct,-0.140625,0.55,77.5,0.023437500000000056,349,True
404,19.075214082999082,39.55766500075697,7.203137998658349,selected,ready,direct,direct,-0.121875,0.55,68.5,-0.15468749999999998,362,True
405,19.122419432998868,39.880808000816614,7.243061998451594,selected,ready,direct,direct,-0.10625,0.55,70.75,-0.12031250000000002,360,True
406,19.16970987499917,20.965330999388243,7.392116000119131,selected,ready,direct,direct,-0.08125,0.55,72.0,-0.10937500000000001,359,True
407,19.21636397600014,39.60847900088993,6.963752999581629,selected,ready,direct,direct,-0.059375,0.55,73.75,-0.08750000000000001,357,True
408,19.263661824999872,40.13924799983215,7.0763620005891426,selected,ready,direct,direct,-0.040625,0.55,75.5,-0.06406250000000001,355,True
409,19.310188520999873,39.76129100010439,6.683220999548212,selected,ready,interpolated,direct,-0.0328125,0.6,76.75,-0.05624999999999998,354,True
410,19.35716081999999,40.48329800025385,6.4078920004249085,selected,ready,interpolated,direct,-0.0109375,0.6,78.5,-0.03437499999999998,353,True
411,19.40445487299985,26.51097799935087,6.527612000354566,selected,ready,interpolated,direct,0.009375,0.55,78.25,-0.03750000000000001,353,True
412,19.450657703000616,40.6569610004226,5.463741001221933,uncertain,unavailable,unavailable,unavailable,,,,,350,True
413,19.498693946999992,41.34494999925664,6.617610000830609,selected,ready,direct,direct,0.00625,0.55,79.0,-0.021875000000000012,352,True
414,19.547166832000585,41.755664999072906,6.635351001023082,selected,ready,direct,direct,0.0,0.55,78.25,-0.0328125,353,True
415,19.593016557999363,39.04406299989205,6.726515999616822,selected,ready,direct,direct,0.0,0.55,78.0,-0.03750000000000001,353,True
416,19.64007572599985,26.18387199981953,6.640240000706399,selected,ready,direct,direct,0.009375,0.55,78.25,-0.03750000000000001,353,True
417,19.687143301000106,40.41735400096513,6.566907999513205,selected,ready,direct,direct,0.021875,0.55,79.5,-0.020312500000000004,352,True
418,19.734047472000384,40.32531900156755,6.496834999779821,selected,ready,direct,direct,0.05,0.55,81.75,0.007812499999999986,350,True
419,19.781072584999492,40.388558998529334,6.372411000484135,selected,ready,direct,direct,0.0625,0.55,82.75,0.020312499999999997,349,True
420,19.828355748999456,40.89197600114858,6.307559999186196,selected,ready,direct,direct,0.06875,0.55,83.0,0.021874999999999985,349,True
421,19.875666542000545,26.722881999376114,6.377299001542269,selected,ready,direct,direct,0.065625,0.55,82.75,0.01874999999999999,349,True
422,19.92249952900056,40.347355001358665,6.402281000191579,selected,ready,direct,direct,0.05625,0.55,82.25,0.014062499999999992,349,True
423,19.969761619000565,40.66288700050791,6.516186000226298,selected,ready,direct,direct,0.059375,0.55,82.5,0.017187499999999994,349,True
424,20.016859601999386,40.7059239987575,6.311301000096137,selected,ready,direct,direct,0.06875,0.6,83.25,-0.015624999999999944,351,True
425,20.063793420000366,40.43081700001494,6.4200950000667945,selected,ready,direct,direct,0.065625,0.55,83.25,0.02812499999999999,349,True
426,20.111020751999604,26.52031100114982,6.447113999456633,selected,ready,direct,direct,0.0625,0.55,83.0,0.024999999999999988,349,True
427,20.158089344999098,40.632868998727645,6.353318000037689,selected,ready,direct,direct,0.0625,0.55,82.25,0.010937499999999989,350,True
428,20.205214400999466,40.621165000629844,6.420539999453467,selected,ready,direct,direct,0.0625,0.55,82.25,0.010937499999999989,350,True
429,20.252094127999953,40.53612999996403,6.260875999942073,selected,ready,direct,direct,0.0625,0.55,82.25,0.010937499999999989,350,True
430,20.299405531999582,40.838902999894344,6.3905030001478735,selected,ready,direct,direct,0.059375,0.55,82.0,0.007812499999999993,350,True
431,20.34667647400056,26.5334410014475,6.464946000050986,selected,ready,direct,direct,0.059375,0.55,82.0,0.007812499999999993,350,True
432,20.393665940000574,40.48120600054972,6.426817000829033,selected,ready,direct,direct,0.059375,0.55,82.0,0.007812499999999993,350,True
433,20.440716533999876,40.568776999862166,6.401058999472298,selected,ready,direct,direct,0.059375,0.55,82.0,0.007812499999999993,350,True
434,20.487890107000567,40.70849799973075,6.384169000739348,selected,ready,direct,direct,0.059375,0.55,82.25,0.012499999999999997,350,True
435,20.53493675699974,40.58596200047759,6.379836999258259,selected,ready,direct,direct,0.059375,0.55,82.0,0.007812499999999993,350,True
436,20.58244430599916,26.67155000017374,6.501129999378463,selected,ready,direct,direct,0.059375,0.55,81.75,0.003124999999999989,350,True
437,20.6293298290002,40.31989300165151,6.484630999693763,selected,ready,direct,direct,0.059375,0.55,81.75,0.003124999999999989,350,True
438,20.676265850999698,40.41711299942108,6.437373000153457,selected,ready,direct,direct,0.059375,0.55,82.0,0.007812499999999993,350,True
439,20.723328166999636,40.57355499935511,6.405891999747837,selected,ready,direct,direct,0.059375,0.55,82.0,0.007812499999999993,350,True
440,20.770469649000006,40.67860899886,6.38355900082388,selected,ready,direct,direct,0.059375,0.55,81.75,0.003124999999999989,350,True
441,20.81772881299912,26.35670299969206,6.468223999036127,selected,ready,direct,direct,0.059375,0.55,81.75,0.003124999999999989,350,True
442,20.866182550000303,41.936421001082635,6.436095000026398,selected,ready,direct,direct,0.059375,0.55,81.75,0.003124999999999989,350,True
443,20.91179557599935,39.13209799975448,6.396095999662066,selected,ready,direct,direct,0.059375,0.55,81.75,0.003124999999999989,350,True
444,20.958889244000602,40.620850999403046,6.3918740015651565,selected,ready,direct,direct,0.059375,0.55,82.0,0.007812499999999993,350,True
445,21.006076556999687,40.674756999578676,6.430928000554559,selected,ready,direct,direct,0.059375,0.55,81.75,0.003124999999999989,350,True
446,21.05323800199949,26.35247999933199,6.4738359997136286,selected,ready,direct,direct,0.059375,0.55,81.75,0.003124999999999989,350,True
447,21.100373630999457,40.573628999482025,6.480019999798969,selected,ready,direct,direct,0.059375,0.55,81.75,0.003124999999999989,350,True
448,21.14773714600051,40.87262499888311,6.408410001313314,selected,ready,direct,direct,0.059375,0.55,81.75,0.003124999999999989,350,True
449,21.19461339100053,40.394448000370176,6.402021001122193,selected,ready,direct,direct,0.059375,0.55,82.0,0.007812499999999993,350,True
450,21.24161176400048,40.48926100040262,6.427447000532993,selected,ready,direct,direct,0.059375,0.55,81.75,0.003124999999999989,350,True
451,21.288927890000195,26.522719001150108,6.482685999799287,selected,ready,direct,direct,0.059375,0.55,81.75,0.003124999999999989,350,True
452,21.335976206999476,40.54848099985975,6.417354999939562,selected,ready,direct,direct,0.059375,0.55,82.0,0.007812499999999993,350,True
453,21.38306922599986,40.57375900083571,6.416576999981771,selected,ready,direct,direct,0.059375,0.55,81.75,0.003124999999999989,350,True
454,21.43021818899979,40.58553600043524,6.482501999926171,selected,ready,direct,direct,0.059375,0.55,81.75,0.003124999999999989,350,True
455,21.477294652999262,40.5738890003704,6.422594999094144,selected,ready,direct,direct,0.059375,0.55,82.0,0.007812499999999993,350,True
456,21.524472799999785,26.455126999280765,6.482483000581851,selected,ready,direct,direct,0.059375,0.55,82.0,0.007812499999999993,350,True
457,21.57160094899882,40.586593000625726,6.459075999373454,selected,ready,direct,direct,0.059375,0.55,81.75,0.003124999999999989,350,True
458,21.61866278299931,40.57483299948217,6.404650999684236,selected,ready,direct,direct,0.059375,0.55,81.75,0.003124999999999989,350,True
459,21.66564669299987,40.486222998879384,6.416521000573994,selected,ready,direct,direct,0.059375,0.55,81.75,0.003124999999999989,350,True
460,21.71302028199898,40.853069000149844,6.439242999476846,selected,ready,direct,direct,0.059375,0.55,82.0,0.007812499999999993,350,True
461,21.7601286529989,26.350666001235368,6.473927998740692,selected,ready,direct,direct,0.059375,0.55,81.75,0.003124999999999989,350,True
462,21.8070316379999,40.41807700014033,6.402483999409014,selected,ready,direct,direct,0.059375,0.55,81.75,0.003124999999999989,350,True
463,21.854151397999885,40.453963998515974,6.4350770007877145,selected,ready,direct,direct,0.059375,0.55,81.75,0.003124999999999989,350,True
464,21.90128239799924,40.65010900012567,6.397670000296785,selected,ready,direct,direct,0.059375,0.55,82.0,0.007812499999999993,350,True
465,21.9483944349995,40.63072099961573,6.3994840002123965,selected,ready,direct,direct,0.059375,0.55,82.0,0.007812499999999993,350,True
466,21.995598396999412,26.511052001296775,6.467723998866859,selected,ready,direct,direct,0.059375,0.55,82.0,0.007812499999999993,350,True
467,22.042746081999212,40.59049899842648,6.476020000263816,selected,ready,direct,direct,0.059375,0.55,82.0,0.007812499999999993,350,True
468,22.098937503000343,43.5503200005769,12.559991000671289,selected,ready,direct,direct,0.059375,0.55,82.0,0.007812499999999993,350,True
469,22.145963967999705,34.42528900086472,12.462603999665589,selected,ready,direct,direct,0.059375,0.55,82.0,0.007812499999999993,350,True
470,22.19193926600019,34.59265600031358,11.243828999795369,selected,ready,direct,direct,0.059375,0.55,82.0,0.007812499999999993,350,True
471,22.23869121700045,9.393099999215337,11.354179001500597,selected,ready,direct,direct,0.059375,0.55,82.0,0.007812499999999993,350,True
472,22.284639384999537,36.423403000299004,9.39619299970218,selected,ready,direct,direct,0.059375,0.55,81.75,0.003124999999999989,350,True
473,22.329905380000127,35.78795100111165,9.370009000122081,selected,ready,direct,direct,0.059375,0.55,82.0,0.007812499999999993,350,True
474,22.379666556998927,37.669604000257095,11.983000998952775,selected,ready,direct,direct,0.059375,0.55,82.0,0.007812499999999993,350,True
475,22.428670748000513,36.34871999929601,12.515288000940927,selected,ready,direct,direct,0.059375,0.55,81.75,0.003124999999999989,350,True
476,22.473305550000077,5.170800999621861,9.883389000606257,selected,ready,direct,direct,0.059375,0.55,82.0,0.007812499999999993,350,True
477,22.513970492000226,34.08820200093032,6.493648999821744,selected,ready,direct,direct,0.059375,0.55,82.0,0.007812499999999993,350,True
478,22.561078048000127,40.605610998682096,6.4206130009552,selected,ready,direct,direct,0.059375,0.55,82.0,0.007812499999999993,350,True
479,22.608339860998967,40.46907599877159,6.7106639999110484,selected,ready,direct,direct,0.059375,0.55,81.75,0.003124999999999989,350,True
480,22.655262697999206,40.36150299907604,6.471372000305564,selected,ready,direct,direct,0.059375,0.55,81.75,0.003124999999999989,350,True
481,22.702300293000008,26.27320399915334,6.472262000897899,selected,ready,direct,direct,0.059375,0.55,82.0,0.007812499999999993,350,True
482,22.74928755399924,40.48614900057146,6.419761999495677,selected,ready,direct,direct,0.059375,0.55,81.75,0.003124999999999989,350,True
483,22.798032730999694,42.201026999464375,6.463484000050812,selected,ready,direct,direct,0.059375,0.55,81.75,0.003124999999999989,350,True
484,22.843766365998817,39.22841199891991,6.424483999580843,selected,ready,direct,direct,0.059375,0.55,82.0,0.007812499999999993,350,True
485,22.89077258999896,40.29318999891984,6.4188540000031935,selected,ready,direct,direct,0.059375,0.55,81.75,0.003124999999999989,350,True
486,22.93792301599933,26.376091000201995,6.493038999906275,selected,ready,direct,direct,0.059375,0.55,81.75,0.003124999999999989,350,True
487,22.985049941999023,40.5678330007504,6.475890999354306,selected,ready,direct,direct,0.059375,0.55,81.75,0.003124999999999989,350,True
488,23.03205375899961,40.50707500027784,6.411410000509932,selected,ready,direct,direct,0.059375,0.55,82.0,0.007812499999999993,350,True
489,23.079169945000103,40.63138700075797,6.4033740000013495,selected,ready,direct,direct,0.059375,0.55,81.75,0.003124999999999989,350,True
490,23.126289538000492,40.588906000266434,6.449466000049142,selected,ready,direct,direct,0.059375,0.55,81.75,0.003124999999999989,350,True
491,23.173469796000063,26.420034999318887,6.471409000369022,selected,ready,direct,direct,0.059375,0.55,81.75,0.003124999999999989,350,True
492,23.220539075000488,40.56842599857191,6.4182430014625425,selected,ready,direct,direct,0.059375,0.55,81.75,0.003124999999999989,350,True
493,23.267551892000483,40.535944999646745,6.393929001205834,selected,ready,direct,direct,0.059375,0.55,81.75,0.003124999999999989,350,True
494,23.31471929899999,40.69142400112469,6.394428999556112,selected,ready,direct,direct,0.059375,0.55,81.75,0.003124999999999989,350,True
495,23.36187763199996,40.653108999322285,6.425114001103793,selected,ready,direct,direct,0.059375,0.55,82.0,0.007812499999999993,350,True
496,23.40927692399964,26.62243899976602,6.472798000686453,selected,ready,direct,direct,0.059375,0.55,82.0,0.007812499999999993,350,True
497,23.456190687000344,40.3417809993698,6.4906870011327555,selected,ready,direct,direct,0.059375,0.55,81.75,0.003124999999999989,350,True
498,23.50323050299994,40.55531499943754,6.401336000635638,selected,ready,direct,direct,0.059375,0.55,81.75,0.003124999999999989,350,True
499,23.550487798000177,40.77631099971768,6.400837000910542,selected,ready,direct,direct,0.059375,0.55,81.75,0.003124999999999989,350,True
500,23.597383320000517,40.37394699844299,6.439854001655476,selected,ready,direct,direct,0.059375,0.55,82.0,0.007812499999999993,350,True
501,23.644704427999386,26.541182000073604,6.456556999182794,selected,ready,direct,direct,0.059375,0.55,82.0,0.007812499999999993,350,True
502,23.691615821000596,40.407225000308244,6.421280000722618,selected,ready,direct,direct,0.059375,0.55,81.75,0.003124999999999989,350,True
503,23.738840746000278,40.7266449983581,6.417170001441264,selected,ready,direct,direct,0.059375,0.55,82.0,0.007812499999999993,350,True
504,23.785790044999885,40.44907599927683,6.419225001081941,selected,ready,direct,direct,0.059375,0.55,81.75,0.003124999999999989,350,True
505,23.832855749999,40.57868500058248,6.405909998647985,selected,ready,direct,direct,0.059375,0.55,81.75,0.003124999999999989,350,True
506,23.880174931999136,26.584920999084716,6.455353999626823,selected,ready,direct,direct,0.059375,0.55,81.75,0.003124999999999989,350,True
507,23.927423892999286,40.52464899905317,6.4607980002620025,selected,ready,direct,direct,0.059375,0.55,82.25,0.012499999999999997,350,True
508,23.974459265000405,40.49485299947264,6.457909001255757,selected,ready,direct,direct,0.059375,0.55,81.75,0.003124999999999989,350,True
509,24.021520358999624,40.570684999693185,6.407557999409619,selected,ready,direct,direct,0.059375,0.55,81.75,0.003124999999999989,350,True
510,24.068510176999553,40.505222999854595,6.401947999620461,selected,ready,direct,direct,0.059375,0.55,82.0,0.007812499999999993,350,True
511,24.117264722999607,27.990119000605773,6.45539099969028,selected,ready,direct,direct,0.059375,0.55,82.0,0.007812499999999993,350,True
512,24.162806324000485,39.03150699989055,6.428095000956091,selected,ready,direct,direct,0.059375,0.55,81.75,0.003124999999999989,350,True
513,24.20994463900024,40.63047999989067,6.427632000850281,selected,ready,direct,direct,0.059375,0.55,82.0,0.007812499999999993,350,True
514,24.257024659000308,40.57574000034947,6.424003000574885,selected,ready,direct,direct,0.059375,0.55,81.75,0.003124999999999989,350,True
515,24.304098438000437,40.581610001027,6.410337000488653,selected,ready,direct,direct,0.059375,0.55,82.0,0.007812499999999993,350,True
516,24.351399694000065,25.960987999496865,6.457409001086489,selected,ready,direct,direct,0.059375,0.55,82.0,0.007812499999999993,350,True
517,24.398511583000072,40.584091999335214,6.446891000450705,selected,ready,direct,direct,0.059375,0.55,81.75,0.003124999999999989,350,True
518,24.445532288998947,40.51418600101897,6.423650998840458,selected,ready,direct,direct,0.059375,0.55,82.0,0.007812499999999993,350,True
519,24.49260643799971,40.58748099851073,6.4072250006574905,selected,ready,direct,direct,0.059375,0.55,82.0,0.007812499999999993,350,True
520,24.53993563899894,40.83649499989406,6.41207699845836,selected,ready,direct,direct,0.059375,0.55,82.0,0.007812499999999993,350,True
521,24.58692106699891,26.15368799888529,6.449038999562617,selected,ready,direct,direct,0.059375,0.55,81.75,0.003124999999999989,350,True
522,24.634091992998947,40.63636899991252,6.453336000049603,selected,ready,direct,direct,0.059375,0.55,81.75,0.003124999999999989,350,True
523,24.68104908799978,40.45433500141371,6.421575999411289,selected,ready,direct,direct,0.059375,0.55,81.75,0.003124999999999989,350,True
524,24.728221829000177,40.68390499924135,6.406189000699669,selected,ready,direct,direct,0.059375,0.55,81.75,0.003124999999999989,350,True
525,24.77534401400044,40.64427600133058,6.395892000000458,selected,ready,direct,direct,0.059375,0.55,82.0,0.007812499999999993,350,True
526,24.822649456000363,26.526515001023654,6.47878000017954,selected,ready,direct,direct,0.059375,0.55,82.0,0.007812499999999993,350,True
527,24.869674420999218,40.441687999191345,6.500630999653367,selected,ready,direct,direct,0.059375,0.55,82.0,0.007812499999999993,350,True
528,24.916686959999424,40.509092999855056,6.4221510001516435,selected,ready,direct,direct,0.059375,0.55,82.0,0.007812499999999993,350,True
529,24.963875921999716,40.468649998729234,6.446891000450705,selected,ready,direct,direct,0.059375,0.55,81.75,0.003124999999999989,350,True
530,25.01095562699993,40.577406998636434,6.421207001039875,selected,ready,direct,direct,0.059375,0.55,81.75,0.003124999999999989,350,True
531,25.058159033000265,26.424313000461552,6.471501999840257,selected,ready,direct,direct,0.059375,0.55,82.0,0.007812499999999993,350,True
532,25.105163664999054,40.53377800119051,6.387317998814979,selected,ready,direct,direct,0.059375,0.55,81.75,0.003124999999999989,350,True
533,25.15223072200024,40.548073999161716,6.436707000830211,selected,ready,direct,direct,0.059375,0.55,81.75,0.003124999999999989,350,True
534,25.199283629999627,40.583017998869764,6.387318000633968,selected,ready,direct,direct,0.059375,0.55,81.75,0.003124999999999989,350,True
535,25.246450147998985,40.6784240003617,6.406242999219103,selected,ready,direct,direct,0.059375,0.55,81.75,0.003124999999999989,350,True
536,25.293640906998917,26.45644200129027,6.456297998738592,selected,ready,direct,direct,0.059375,0.55,81.75,0.003124999999999989,350,True
537,25.34095731100024,40.69759000049089,6.536722999953781,selected,ready,direct,direct,0.059375,0.55,81.75,0.003124999999999989,350,True
538,25.387847574998887,40.40570700090029,6.402224998964812,selected,ready,direct,direct,0.059375,0.55,82.0,0.007812499999999993,350,True
539,25.4357351919989,41.40961499979312,6.3962259991967585,selected,ready,direct,direct,0.059375,0.55,82.0,0.007812499999999993,350,True
540,25.482127851999394,39.85345699948084,6.459316000473336,selected,ready,direct,direct,0.059375,0.55,81.75,0.003124999999999989,350,True
541,25.529264519000208,26.35733300121501,6.444927999837091,selected,ready,direct,direct,0.059375,0.55,82.0,0.007812499999999993,350,True
542,25.576369926999178,40.57994400136522,6.443242999012,selected,ready,direct,direct,0.059375,0.55,81.75,0.003124999999999989,350,True
543,25.623348688999613,40.495094001016696,6.401557999197394,selected,ready,direct,direct,0.059375,0.55,81.75,0.003124999999999989,350,True
544,25.670672574999116,40.83388499930152,6.4078359991981415,selected,ready,direct,direct,0.059375,0.55,81.75,0.003124999999999989,350,True
545,25.717833630000314,40.666016000614036,6.4125030003197026,selected,ready,direct,direct,0.059375,0.55,81.75,0.003124999999999989,350,True
546,25.76514508999935,26.553310000963393,6.455668999478803,selected,ready,direct,direct,0.059375,0.55,82.0,0.007812499999999993,350,True
547,25.812158814000213,40.447704999678535,6.483131001004949,selected,ready,direct,direct,0.059375,0.55,82.0,0.007812499999999993,350,True
548,25.859310444000585,40.62542499923438,6.445410001106211,selected,ready,direct,direct,0.059375,0.55,82.0,0.007812499999999993,350,True
549,25.90638166700046,40.51135299960151,6.479020001279423,selected,ready,direct,direct,0.059375,0.55,81.75,0.003124999999999989,350,True
550,25.953564759000074,40.633479999087285,6.466872000601143,selected,ready,direct,direct,0.059375,0.55,82.0,0.007812499999999993,350,True
551,26.000563428000532,26.058707999254693,6.46363100167946,selected,ready,direct,direct,0.059375,0.55,81.75,0.003124999999999989,350,True
552,26.047650040000008,40.57253700011643,6.430854000427644,selected,ready,direct,direct,0.059375,0.55,81.75,0.003124999999999989,350,True
553,26.09484990999954,40.66490500008513,6.4537250000284985,selected,ready,direct,direct,0.059375,0.55,81.75,0.003124999999999989,350,True
554,26.141623748999336,40.261505000671605,6.429298999137245,selected,ready,direct,direct,0.059375,0.55,82.0,0.007812499999999993,350,True
555,26.189020670999525,40.880810000089696,6.434020999222412,selected,ready,direct,direct,0.059375,0.55,81.75,0.003124999999999989,350,True
556,26.23638890700022,26.60495800046192,6.481372000052943,selected,ready,direct,direct,0.059375,0.55,81.75,0.003124999999999989,350,True
557,26.283360798999638,40.40553999948315,6.483963999926345,selected,ready,direct,direct,0.059375,0.55,81.75,0.003124999999999989,350,True
558,26.330357615999674,40.47063199868717,6.444631000704248,selected,ready,direct,direct,0.059375,0.55,81.75,0.003124999999999989,350,True
559,26.37755752299927,40.69786800027941,6.421391999538173,selected,ready,direct,direct,0.059375,0.55,81.75,0.003124999999999989,350,True
560,26.424604838999585,40.525057000195375,6.439724000301794,selected,ready,direct,direct,0.059375,0.55,81.75,0.003124999999999989,350,True
561,26.47182291199897,26.45816400035983,6.465131998993456,selected,ready,direct,direct,0.059375,0.55,82.0,0.007812499999999993,350,True
562,26.51887835799971,40.545741001551505,6.430576999264304,selected,ready,direct,direct,0.059375,0.55,81.75,0.003124999999999989,350,True
563,26.566018301999065,40.604961999633815,6.453038999097771,selected,ready,direct,direct,0.059375,0.55,82.0,0.007812499999999993,350,True
564,26.613026618999356,40.51376000097662,6.414076999135432,selected,ready,direct,direct,0.059375,0.55,81.75,0.003124999999999989,350,True
565,26.66020311899956,40.672294999239966,6.421873000363121,selected,ready,direct,direct,0.059375,0.55,82.0,0.007812499999999993,350,True
566,26.707475838999017,26.516182000705157,6.477797998741153,selected,ready,direct,direct,0.059375,0.55,82.0,0.007812499999999993,350,True
567,26.755436121000457,41.58248200110393,6.2968940001155715,selected,ready,direct,direct,0.059375,0.55,82.0,0.007812499999999993,350,True
568,26.801781763999315,39.80456899989804,6.458760999521473,selected,ready,direct,direct,0.059375,0.55,82.0,0.007812499999999993,350,True
569,26.848627453999143,40.3436699998565,6.419761999495677,selected,ready,direct,direct,0.059375,0.55,82.0,0.007812499999999993,350,True
570,26.895767064999745,40.63946099995519,6.4176140003837645,selected,ready,direct,direct,0.059375,0.55,81.75,0.003124999999999989,350,True
571,26.94279284500044,26.270333999491413,6.4692800006014295,selected,ready,direct,direct,0.059375,0.55,82.0,0.007812499999999993,350,True
572,26.98978318099944,40.450835000228835,6.458390998886898,selected,ready,direct,direct,0.059375,0.55,81.75,0.003124999999999989,350,True
573,27.036961550000342,40.50101999928302,6.412002001525252,selected,ready,direct,direct,0.059375,0.55,82.0,0.007812499999999993,350,True
574,27.08405266199952,40.59129599954758,6.418483999368618,selected,ready,direct,direct,0.059375,0.55,82.0,0.007812499999999993,350,True
575,27.131065145998946,40.52583400152798,6.405409998478717,selected,ready,direct,direct,0.059375,0.55,81.75,0.003124999999999989,350,True
576,27.178357587999926,26.52732900060073,6.4686320001783315,selected,ready,direct,direct,0.059375,0.55,81.75,0.003124999999999989,350,True
577,27.225489050999386,40.547314998548245,6.501538000520668,selected,ready,direct,direct,0.059375,0.55,82.0,0.007812499999999993,350,True
578,27.272546440999577,40.551518999563996,6.42296499972872,selected,ready,direct,direct,0.059375,0.55,81.75,0.003124999999999989,350,True
579,27.319470815000386,40.4308540000784,6.411243000911782,selected,ready,direct,direct,0.059375,0.55,82.0,0.007812499999999993,350,True
580,27.36738659799994,41.43770699920424,6.3976510009524645,selected,ready,direct,direct,0.059375,0.55,81.75,0.003124999999999989,350,True
581,27.413953774999754,25.695918000565143,6.5647409992379835,selected,ready,direct,direct,0.059375,0.55,81.75,0.003124999999999989,350,True
582,27.46101457199984,40.53105599996343,6.445687000450562,selected,ready,direct,direct,0.059375,0.55,82.0,0.007812499999999993,350,True
583,27.517348916999254,43.5221530005947,12.730210999507108,selected,ready,direct,direct,0.059375,0.55,81.75,0.003124999999999989,350,True
584,27.564278531999662,34.21797800001514,12.569268999868655,selected,ready,direct,direct,0.059375,0.55,81.75,0.003124999999999989,350,True
585,27.609713431000273,34.07264599991322,11.21995900030015,selected,ready,direct,direct,0.059375,0.55,82.0,0.007812499999999993,350,True
586,27.65689628200016,9.842703999311198,11.320327001158148,selected,ready,direct,direct,0.059375,0.55,81.75,0.003124999999999989,350,True
587,27.702650953999182,36.16522199990868,9.46056300017517,selected,ready,direct,direct,0.059375,0.55,81.75,0.003124999999999989,350,True
588,27.748131000000285,35.93811599967012,9.433229000933352,selected,ready,direct,direct,0.059375,0.55,82.0,0.007812499999999993,350,True
589,27.79676667899912,37.62329000164755,10.904371998549323,selected,ready,direct,direct,0.059375,0.55,82.0,0.007812499999999993,350,True
590,27.845390264999878,37.264278000293416,11.229644000195549,selected,ready,direct,direct,0.059375,0.55,82.0,0.007812499999999993,350,True
591,27.891746573999626,9.84031499865523,10.541248000663472,selected,ready,direct,direct,0.059375,0.55,81.75,0.003124999999999989,350,True
592,27.932169076999344,33.913612000105786,6.42424400029995,selected,ready,direct,direct,0.059375,0.55,81.75,0.003124999999999989,350,True
593,27.979135653000412,40.503094000087,6.3808360009716125,selected,ready,direct,direct,0.059375,0.55,81.75,0.003124999999999989,350,True
594,28.02626485700057,40.60535199823789,6.442557001719251,selected,ready,direct,direct,0.059375,0.55,82.0,0.007812499999999993,350,True
595,28.073400134999247,40.463631999955396,6.439261000195984,selected,ready,direct,direct,0.059375,0.55,81.75,0.003124999999999989,350,True
596,28.120565653000085,26.413665000291076,6.443112999477307,selected,ready,direct,direct,0.059375,0.55,82.0,0.007812499999999993,350,True
597,28.16768050599967,40.566481000496424,6.466131999331992,selected,ready,direct,direct,0.059375,0.55,81.75,0.003124999999999989,350,True
598,28.214809208999213,40.59946300003503,6.447593999837409,selected,ready,direct,direct,0.059375,0.55,81.75,0.003124999999999989,350,True
599,28.26181117499982,40.489835000698804,6.4311320002161665,selected,ready,direct,direct,0.059375,0.55,81.75,0.003124999999999989,350,True
600,28.308979692999856,40.68873899996106,6.397966000804445,selected,ready,direct,direct,0.059375,0.55,81.75,0.003124999999999989,350,True
601,28.356160839999575,26.438294000399765,6.4634459995431826,selected,ready,direct,direct,0.059375,0.55,82.0,0.007812499999999993,350,True
602,28.403226211999936,40.54163000000699,6.440965000365395,selected,ready,direct,direct,0.059375,0.55,81.75,0.003124999999999989,350,True
603,28.450312193999707,40.54616699977487,6.457391000367352,selected,ready,direct,direct,0.059375,0.55,82.0,0.007812499999999993,350,True
604,28.497542600000088,40.70301600040693,6.444742999519804,selected,ready,direct,direct,0.059375,0.55,81.75,0.003124999999999989,350,True
605,28.544539731999976,40.470631000061985,6.446391000281437,selected,ready,direct,direct,0.059375,0.55,81.75,0.003124999999999989,350,True
606,28.5917446200001,26.492052000321564,6.445946999519947,selected,ready,direct,direct,0.059375,0.55,82.0,0.007812499999999993,350,True
607,28.63896356300029,40.648108999448596,6.489150000561494,selected,ready,direct,direct,0.059375,0.55,81.75,0.003124999999999989,350,True
608,28.68670840499908,41.25320999992255,6.408743998690625,selected,ready,direct,direct,0.059375,0.55,81.75,0.003124999999999989,350,True
609,28.733041121999122,39.833290999013116,6.419780000214814,selected,ready,direct,direct,0.059375,0.55,81.75,0.003124999999999989,350,True
610,28.780126974999803,40.59946199959086,6.4047440009744605,selected,ready,direct,direct,0.059375,0.55,81.75,0.003124999999999989,350,True
611,28.827348491999146,26.50895999977365,6.448427999202977,selected,ready,direct,direct,0.059375,0.55,81.75,0.003124999999999989,350,True
612,28.874317865000194,40.45137299908674,6.436076000682078,selected,ready,direct,direct,0.059375,0.55,81.75,0.003124999999999989,350,True
613,28.92147553199902,40.63511000094877,6.441113999244408,selected,ready,direct,direct,0.059375,0.55,81.75,0.003124999999999989,350,True
614,28.96849033000035,40.54548199928831,6.387707000612863,selected,ready,direct,direct,0.059375,0.55,81.75,0.003124999999999989,350,True
615,29.015736216999358,40.709201000936446,6.456483999500051,selected,ready,direct,direct,0.059375,0.55,81.75,0.003124999999999989,350,True
616,29.06297527099923,26.500755999222747,6.457428000430809,selected,ready,direct,direct,0.059375,0.55,81.75,0.003124999999999989,350,True
617,29.110096770999007,40.3609660006623,6.500556999526452,selected,ready,direct,direct,0.059375,0.55,81.75,0.003124999999999989,350,True
618,29.156954091000443,40.36583700144547,6.410410000171396,selected,ready,direct,direct,0.059375,0.55,81.75,0.003124999999999989,350,True
619,29.2041183500005,40.69086799972865,6.390152000676608,selected,ready,direct,direct,0.059375,0.55,82.0,0.007812499999999993,350,True
620,29.251213609999468,40.62251699906483,6.388726000295719,selected,ready,direct,direct,0.059375,0.55,82.0,0.007812499999999993,350,True
621,29.29879682399951,26.830083999811905,6.452686999182333,selected,ready,direct,direct,0.059375,0.55,81.75,0.003124999999999989,350,True
622,29.34548855399953,40.19039500053623,6.418946999474429,selected,ready,direct,direct,0.059375,0.55,81.75,0.003124999999999989,350,True
623,29.392551554999955,40.57462899982056,6.407762000890216,selected,ready,direct,direct,0.059375,0.55,81.75,0.003124999999999989,350,True
624,29.43977296199955,40.74416299954464,6.394763000571402,selected,ready,direct,direct,0.059375,0.55,82.0,0.007812499999999993,350,True
625,29.48689714700049,40.64262799874996,6.400596001185477,selected,ready,direct,direct,0.059375,0.55,81.75,0.003124999999999989,350,True
626,29.53413270099918,22.543916000358877,6.499000999610871,selected,ready,direct,direct,0.059375,0.55,81.75,0.003124999999999989,350,True
627,29.581152257998838,40.466889999152045,6.469056999776512,selected,ready,direct,direct,0.059375,0.55,81.75,0.003124999999999989,350,True
628,29.628369590000148,40.71525599829329,6.419373001335771,selected,ready,direct,direct,0.059375,0.55,81.75,0.003124999999999989,350,True
629,29.675354556000457,40.49309299989545,6.407781000234536,selected,ready,direct,direct,0.059375,0.55,81.75,0.003124999999999989,350,True
630,29.72242996499881,40.55081499973312,6.442928999604192,selected,ready,direct,direct,0.059375,0.55,82.0,0.007812499999999993,350,True
631,29.769612907999544,26.384849999885773,6.4787979990796885,selected,ready,direct,direct,0.059375,0.55,82.0,0.007812499999999993,350,True
632,29.81671705699955,40.59329499978048,6.428688000596594,selected,ready,direct,direct,0.059375,0.55,81.75,0.003124999999999989,350,True
633,29.863746576998892,40.54194499985897,6.406835998859606,selected,ready,direct,direct,0.059375,0.55,81.75,0.003124999999999989,350,True
634,29.910900761999073,40.660591001142166,6.412335998902563,selected,ready,direct,direct,0.059375,0.55,81.75,0.003124999999999989,350,True
635,29.95802244799961,40.609962001326494,6.42968799911614,selected,ready,direct,direct,0.059375,0.55,82.0,0.007812499999999993,350,True
636,30.006337965000057,27.543922999029746,6.473113000538433,selected,ready,direct,direct,0.059375,0.55,81.75,0.003124999999999989,350,True
