frame,elapsed_s,sensor_timestamp,frame_age_s,fresh,capture_ms,vision_ms,control_status,target_source,near_extrapolation,near_uncertainty_px,near_offset,preview_error,requested_throttle,requested_steering,pwm_enabled,stop_reason
1,0.10274744599973928,7756343539000,0.082752086,True,41.49298300035298,58.512108999821066,ready,paired,,,-0.015625,-0.025,370,369,True,
2,0.16305976799958444,7756437766000,0.048829408,True,29.395968000244466,28.14864900028624,ready,paired,,,-0.015625,-0.025,370,369,True,
3,0.21000512600039656,7756484881000,0.048671118,True,16.11798300018563,28.07768799993937,ready,paired,,,-0.015625,-0.025,370,369,True,
4,0.2572614379996594,7756531996000,0.048834078,True,16.353385000002163,28.173462000268046,ready,paired,,,-0.015625,-0.025,370,369,True,
5,0.3044400870003301,7756579112000,0.048868153,True,16.314700999828347,28.107482999985223,ready,paired,,,-0.015625,-0.029687500000000006,400,369,True,
6,0.3538349359996573,7756626227000,0.051173113,True,18.58217799963313,28.08057699985511,ready,paired,,,-0.015625,-0.025,400,369,True,
7,0.39912485599961656,7756673343000,0.049348144,True,14.392269999916607,28.165980999801832,ready,paired,,,-0.015625,-0.025,400,369,True,
8,0.445544449999943,7756720457000,0.048652534,True,15.76895499965758,27.91795099983574,ready,paired,,,-0.015625,-0.025,400,369,True,
9,0.4926533230000132,7756767572000,0.048657832,True,16.36290300029941,28.024059000017587,ready,paired,,,-0.015625,-0.025,400,369,True,
10,0.5397413620003135,7756814687000,0.048625965,True,16.33240399951319,28.02591100044083,ready,paired,,,-0.015625,-0.025,400,369,True,
11,0.5871363930000371,7756861803000,0.04890494,True,16.572897000514786,28.09433599941258,ready,paired,,,-0.01875,-0.028125000000000004,400,369,True,
12,0.6334206020001147,7756908921000,0.048075538,True,16.12648399986938,27.43372300028568,ready,paired,,,-0.01875,-0.03281250000000001,400,370,True,
13,0.6804437729997517,7756956033000,0.047965376,True,16.982813000140595,27.29555999940203,ready,paired,,,-0.021875,-0.035937500000000004,400,370,True,
14,0.7275471829998423,7757003147000,0.047969544,True,17.08118100032152,27.293226000438153,ready,paired,,,-0.021875,-0.035937500000000004,400,370,True,
15,0.7732753130003402,7757050263000,0.046585972,True,16.98273900001368,26.021315999969374,ready,paired,,,-0.021875,-0.035937500000000004,400,370,True,
16,0.8253810360001808,7757097378000,0.05158149,True,21.797575000164215,27.58525599983841,ready,paired,,,-0.028125,-0.0421875,400,371,True,
17,0.8694577289998051,7757144493000,0.048543442,True,13.589383000180533,27.766750999944634,ready,paired,,,-0.03125,-0.040625,400,371,True,
18,0.9152618019998044,7757191608000,0.047225404,True,16.53406500008714,26.542708999841125,ready,paired,,,-0.023958333333333394,-0.04895833333333331,400,372,True,
19,0.9628418840002269,7757238724000,0.047692357,True,17.864067000118666,26.988845999767364,ready,paired,,,-0.027083333333333393,-0.0520833333333333,400,373,True,
20,1.0115169190003144,7757285838000,0.04924617,True,17.432986000130768,28.509658000075433,ready,paired,,,-0.028125,-0.05625000000000001,400,373,True,
21,1.0589595230003397,7757332953000,0.0495682,True,15.815861999726621,28.889072999845666,ready,paired,,,-0.02083333333333339,-0.055208333333333304,400,373,True,
22,1.1055181510000693,7757380068000,0.049021272,True,15.45835300021281,28.369587000270258,ready,paired,,,-0.03229166666666661,-0.038541666666666786,400,371,True,
23,1.154815724999935,7757427183000,0.051210012,True,16.44741900054214,30.12850399954914,ready,paired,,,-0.015625,-0.029687500000000006,400,369,True,
24,1.20007205300044,7757474298000,0.049345878,True,13.925745000051393,28.602673999557737,ready,paired,,,-0.01875,-0.03281250000000001,400,370,True,
25,1.2513775560000795,7757521414000,0.053527251,True,15.713698000581644,32.85422799945081,ready,paired,,,-0.025,-0.029687500000000002,400,369,True,
26,1.2980332919996727,7757568529000,0.053070932,True,15.07941900035803,28.843370999311446,ready,paired,,,-0.0375,-0.028124999999999997,400,369,True,
27,1.3414212990001033,7757615644000,0.049347587,True,12.119015000280342,28.539322999677097,ready,paired,,,-0.0375,-0.0375,400,371,True,
28,1.3877866350003387,7757662759000,0.048597405,True,15.82054699974833,27.814397999463836,ready,paired,,,-0.040625,-0.05,400,372,True,
29,1.4331156660000488,7757709874000,0.046820731,True,16.544101999897975,26.062537000143493,ready,paired,,,-0.04375,-0.0578125,400,374,True,
30,1.4801882060000935,7757756989000,0.046774604,True,18.237020999549713,26.110849999895436,ready,paired,,,-0.05,-0.0546875,400,373,True,
31,1.5281018160003441,7757804104000,0.04754079,True,18.43697799995425,26.717927000390773,ready,paired,,,-0.034375,-0.06718750000000001,400,375,True,
32,1.5754716439996628,7757851221000,0.047816821,True,17.57396399989375,27.062658999966516,ready,paired,,,-0.03541666666666661,-0.06041666666666675,400,374,True,
33,1.6244641889998093,7757898336000,0.049700421,True,17.29559999967023,28.970330999982252,ready,paired,,,-0.03125,-0.03125,400,370,True,
34,1.6713245500004632,7757945450000,0.049435375,True,15.381039999738277,28.73787399948924,ready,paired,,,-0.0375,-0.0328125,400,370,True,
35,1.7197335359996941,7757992565000,0.050723139,True,16.755874999944353,28.908201999911398,ready,paired,,,-0.046875,-0.032812499999999994,400,370,True,
36,1.7683315539998148,7758039682000,0.052219157,True,17.540482999720552,28.32651500011707,ready,paired,,,-0.046875,-0.0375,400,371,True,
37,1.812662444000125,7758086796000,0.049441917,True,12.832922000598046,28.773223999451147,ready,paired,,,-0.05625,-0.0515625,400,373,True,
38,1.8586642529999153,7758133910000,0.048325448,True,15.796196000337659,27.47744399948715,ready,paired,,,-0.0625,-0.057812499999999996,400,374,True,
39,1.906315963000452,7758181025000,0.048852529,True,16.702263999832212,28.2092580000608,ready,paired,,,-0.0453125,-0.06640625,400,375,True,
40,1.9524933230004535,7758228141000,0.047932999,True,16.204315000322822,27.251356999840937,ready,paired,,,-0.044791666666666605,-0.060416666666666785,400,374,True,
41,2.002663799000402,7758275255000,0.050945421,True,17.361283999889565,30.0467649994971,ready,paired,,,-0.0375,-0.028124999999999997,400,369,True,
42,2.048557093000454,7758322370000,0.049760843,True,14.137906000541989,29.029348000221944,ready,paired,,,-0.046875,-0.028124999999999997,400,369,True,
43,2.0941741710003043,7758369486000,0.048252755,True,15.190062999863585,27.68930900037958,ready,paired,,,-0.053125,-0.034374999999999996,400,370,True,
44,2.141763216000072,7758416601000,0.048713523,True,16.889370999706443,27.951450000728073,ready,paired,,,-0.053125,-0.0484375,400,372,True,
45,2.1872741119996135,7758463716000,0.047127825,True,16.324645000167948,26.45604499957699,ready,paired,,,-0.0625,-0.048437499999999994,400,372,True,
46,2.2356506730002366,7758510831000,0.048390109,True,19.35695400061377,26.288104999366624,ready,paired,,,-0.055208333333333394,-0.056770833333333305,400,374,True,
47,2.283472488999905,7758557947000,0.049098295,True,17.085643000427808,28.00954099984665,ready,paired,,,-0.04791666666666661,-0.054166666666666786,400,373,True,
48,2.332976038999732,7758605065000,0.051492808,True,16.385124000407814,30.400718999771925,ready,paired,,,-0.0375,-0.028124999999999997,400,369,True,
49,2.3784144740002375,7758652180000,0.049791262,True,13.556642999901669,29.13791900027718,ready,paired,,,-0.053125,-0.025,400,369,True,
50,2.426088275999973,7758699297000,0.050355527,True,15.390929000204778,29.54855600000883,ready,paired,,,-0.05625,-0.032812499999999994,400,370,True,
51,2.472101381000357,7758746412000,0.049265965,True,14.77279700065992,28.51676899990707,ready,paired,,,-0.05625,-0.042187499999999996,400,371,True,
52,2.5188747989996045,7758793526000,0.048921476,True,15.806472999429388,28.23775800061412,ready,paired,,,-0.065625,-0.04687499999999999,400,372,True,
53,2.5668472409997776,7758840641000,0.049780195,True,16.229906000262417,29.015885000262642,ready,paired,,,-0.046875,-0.05625,400,373,True,
54,2.6162009250001574,7758887758000,0.052023379,True,15.404705999571888,31.226975000208768,ready,paired,,,-0.025,-0.034375,400,370,True,
55,2.661896630999763,7758934871000,0.050600603,True,13.060008000138623,29.903954000474187,ready,paired,,,-0.04375,-0.029687500000000002,400,369,True,
56,2.71089123100046,7758981987000,0.052472908,True,14.62850499956403,31.63492700059578,ready,paired,,,-0.053125,-0.034374999999999996,400,370,True,
57,2.7562704450001547,7759029101000,0.050744733,True,12.606945999323216,30.04648800015275,ready,paired,,,-0.053125,-0.0484375,400,372,True,
58,2.8033815030003097,7759076217000,0.050716883,True,14.336956999613903,30.024543000763515,ready,paired,,,-0.0625,-0.048437499999999994,400,372,True,
59,2.849716284000351,7759123333000,0.049962849,True,14.765259000341757,28.84807499958697,ready,paired,,,-0.0515625,-0.06328125,400,374,True,
60,2.8991892980002376,7759170448000,0.052309327,True,15.179971000179648,31.53980099978071,ready,paired,,,-0.04375,-0.0625,400,374,True,
61,2.9460983239996494,7759217562000,0.05210326,True,12.727776000247104,31.447506999938923,ready,paired,,,-0.053125,-0.025,400,369,True,
62,2.993822958000237,7759264677000,0.052712653,True,13.009972999498132,31.982066000637133,ready,paired,,,-0.05625,-0.032812499999999994,400,370,True,
63,3.0402619770002275,7759311793000,0.052045876,True,12.392247999741812,31.323954000072263,ready,paired,,,-0.0625,-0.04375,400,372,True,
64,3.0857812430003833,7759358906000,0.050446475,True,13.01125099962519,29.777920000015,ready,paired,,,-0.078125,-0.031249999999999986,400,370,True,
65,3.1338768120003806,7759406023000,0.051429636,True,14.705409999805852,30.66673000012088,ready,paired,,,-0.04791666666666661,-0.0557291666666667,400,373,True,
66,3.182375313999728,7759453137000,0.052815657,True,13.69499199972779,32.08069300035277,ready,paired,,,-0.0375,-0.07499999999999998,400,376,True,
67,3.2280820570003925,7759500252000,0.051407307,True,12.349509000159742,30.631360999905155,ready,paired,,,-0.053125,-0.020312499999999997,400,368,True,
68,3.275402293999832,7759547368000,0.051597045,True,13.787081999907969,30.79543100011506,ready,paired,,,-0.053125,-0.02968749999999999,400,369,True,
69,3.322413613000208,7759594483000,0.051496068,True,13.571199000580236,30.70482200018887,ready,paired,,,-0.059375,-0.03125,400,370,True,
70,3.370946281000215,7759641598000,0.052940754,True,13.700973000595695,32.123117999617534,ready,paired,,,-0.0390625,-0.05078125,400,373,True,
71,3.4201185069996427,7759688713000,0.054991424,True,12.539188000118884,33.92003399949317,ready,paired,,,-0.025,-0.0015624999999999944,400,365,True,
72,3.46524596800009,7759735829000,0.053003126,True,10.21374999982072,32.200986000134435,ready,paired,,,-0.040625,-0.01249999999999999,400,367,True,
73,3.5114277909997327,7759782943000,0.052044338,True,12.179346000266378,31.260881999514822,ready,paired,,,-0.040625,-0.017187499999999994,400,368,True,
74,3.5590550569995685,7759830058000,0.052558382,True,13.175061000765709,31.715128999167064,ready,paired,,,-0.04375,-0.029687500000000002,400,369,True,
75,3.6047475779996603,7759877174000,0.051164809,True,12.52207899960922,30.462587000329222,ready,paired,,,-0.0375,-0.0328125,400,370,True,
76,3.6560991349997494,7759924288000,0.055345034,True,18.28805600052874,30.29662900007679,ready,paired,,,-0.030208333333333393,-0.02395833333333322,400,369,True,
77,3.701594326999839,7759971403000,0.053776577,True,10.01318100043136,32.76698999979999,ready,paired,,,-0.025,0.012500000000000011,400,363,True,
78,3.7471513509999568,7760018519000,0.052211954,True,11.39338599932671,31.44145100031892,ready,paired,,,-0.03125,0.0062500000000000125,400,364,True,
79,3.7949285579998104,7760065633000,0.052875383,True,12.92790099978447,32.12900699963939,ready,paired,,,-0.034375,-0.006249999999999992,400,366,True,
80,3.8392156899999463,7760112749000,0.050044588,True,12.411340000653581,29.153456000130973,ready,paired,,,-0.046875,-0.014062499999999999,400,367,True,
81,3.8863064139995913,7760159866000,0.050016146,True,15.109603000382776,29.256026999973983,ready,paired,,,-0.0296875,-0.041406250000000006,400,371,True,
82,3.9365719999996145,7760206980000,0.053169102,True,15.125027999602025,32.41509200051951,ready,paired,,,0.0,-0.065625,400,375,True,
83,3.981831699000395,7760254095000,0.05131256,True,12.073294000401802,30.46186499977921,ready,paired,,,-0.025,-0.0765625,400,376,True,
84,4.028706281000268,7760301210000,0.051076309,True,13.865079999959562,30.289239999547135,ready,paired,,,-0.0375,-0.10781250000000003,400,381,True,
85,4.073375013999794,7760348324000,0.048638523,True,14.000334999764164,27.954654000495793,ready,paired,,,-0.053125,-0.13281250000000003,400,385,True,
86,4.121564246000162,7760395441000,0.049706886,True,17.871195999759948,27.603608000390523,ready,paired,,,-0.06875,-0.153125,400,388,True,
87,4.1708472279997295,7760442556000,0.051867757,True,15.441724000083923,31.119107999984408,ready,paired,,,-0.07708333333333339,-0.15833333333333333,400,389,True,
88,4.220614642000328,7760489670000,0.054528059,True,13.13974699951359,33.90814500016859,ready,paired,,,-0.084375,-0.16875,400,390,True,
89,4.264952438999899,7760536785000,0.051755189,True,10.791364000397152,30.833540999992692,ready,paired,,,-0.090625,-0.1796875,400,392,True,
90,4.3104935000001205,7760583900000,0.050176177,True,13.346130000172707,29.477280999344657,ready,paired,,,-0.096875,-0.190625,400,394,True,
91,4.356442514000264,7760631016000,0.048983506,True,14.988679999987653,28.216128000167373,ready,paired,,,-0.103125,-0.1875,400,393,True,
92,4.406039358000271,7760678131000,0.051500534,True,16.113760999360238,30.775412999901164,ready,paired,,,-0.096875,-0.19531250000000003,400,394,True,
93,4.454089965000094,7760725246000,0.052430141,True,13.560366000092472,31.77818299991486,ready,paired,,,-0.0875,-0.1953125,400,394,True,
94,4.4988546579998,7760772360000,0.050074205,True,12.800626000171178,29.239082999993116,ready,paired,,,-0.084375,-0.18750000000000003,400,393,True,
95,4.543463058999805,7760819477000,0.047573847,True,15.159397999923385,26.73651900022378,ready,paired,,,-0.08125,-0.19375000000000003,400,394,True,
96,4.591601979000188,7760866591000,0.048585803,True,19.661057000121218,25.752212000043073,ready,paired,,,-0.078125,-0.20468750000000002,400,396,True,
97,4.636954859999605,7760913706000,0.04683637,True,16.51127000059205,26.128256999982113,ready,paired,,,-0.084375,-0.1921875,400,394,True,
98,4.687421421999716,7760960820000,0.049877366,True,18.424589999995078,29.016013999353163,ready,paired,,,-0.07708333333333339,-0.1864583333333333,400,393,True,
99,4.734100861000115,7761007935000,0.049743297,True,14.880257000186248,29.057087999717623,ready,paired,,,-0.065625,-0.1828125,400,392,True,
100,4.781494114999987,7761055051000,0.050040383,True,15.318855999794323,29.370504999860714,ready,paired,,,-0.06875,-0.19062500000000002,400,394,True,
101,4.824996008000198,7761102167000,0.04640087,True,15.11941700027819,25.654863000454498,ready,paired,,,-0.05,-0.2,400,395,True,
102,4.8685546770002475,7761149280000,0.042860724,True,18.652157000360603,22.190824000063003,ready,paired,,,-0.046875,-0.20156250000000003,400,395,True,
103,4.918082615999992,7761196395000,0.045253718,True,22.233730999687396,24.559612999837555,ready,paired,,,-0.046875,-0.20156250000000003,400,395,True,
104,4.968690100000458,7761243510000,0.048764035,True,21.30290300010529,26.58789299948694,ready,paired,,,-0.0375,-0.19218750000000004,400,394,True,
105,5.014085720999901,7761290627000,0.047021712,True,16.261479999229778,26.39619399997173,ready,paired,,,-0.034375,-0.19843750000000004,400,395,True,
106,5.0625785190004535,7761337754000,0.048412844,True,21.117592000337027,24.631092999698012,ready,paired,,,-0.040625,-0.19062500000000004,400,394,True,
107,5.111473214999933,7761384856000,0.048691431,True,17.031532999681076,27.634662000309618,ready,paired,,,-0.040625,-0.19062500000000004,400,394,True,
108,5.1705634210002245,7761431975000,0.060639915,True,17.33050699931482,37.49638499994035,ready,paired,,,-0.0375,-0.1734375,400,391,True,
109,5.212421152999923,7761479089000,0.056883349,True,5.509094999979425,33.57746900019265,ready,paired,,,-0.02604166666666661,-0.16041666666666674,400,389,True,
110,5.251087525000003,7761526201000,0.048449906,True,8.22574700032419,27.698511999915354,ready,paired,,,-0.016666666666666607,-0.1463541666666667,400,387,True,
111,5.296391390000281,7761573318000,0.046619659,True,16.81237200045871,25.73602699976618,ready,paired,,,-0.009375,-0.15000000000000005,400,388,True,
112,5.342610192999928,7761620431000,0.045742147,True,18.44577400061098,25.03430499928072,ready,paired,,,-0.01875,-0.15937500000000004,400,389,True,
113,5.388167105999855,7761667546000,0.044212893,True,19.362658000318334,23.477493000427785,ready,paired,,,-0.021875,-0.16250000000000006,400,389,True,
114,5.436303061999752,7761714662000,0.04521385,True,20.93289399999776,24.47754199965857,ready,paired,,,-0.025,-0.1703125,400,391,True,
115,5.485846296000091,7761761776000,0.04765825,True,19.985251999969478,26.84512799987715,ready,paired,,,-0.022916666666666606,-0.17135416666666675,400,391,True,
116,5.5338579230001415,7761808893000,0.048536322,True,17.457374000514392,27.82456499971886,ready,paired,,,-0.015625,-0.17031250000000003,400,391,True,
117,5.578843481000149,7761856028000,0.046377176,True,16.739447999498225,25.50690400039457,ready,paired,,,-0.025,-0.17500000000000004,400,391,True,
118,5.62492269500035,7761903122000,0.045393389,True,18.659176000255684,24.71081299972866,ready,paired,,,-0.025,-0.18437500000000004,400,393,True,
119,5.6710597410001355,7761950236000,0.044394121,True,20.017769999867596,23.3863850007765,ready,paired,,,-0.0375,-0.19218750000000004,400,394,True,
120,5.719662685000003,7761997352000,0.04587638,True,20.808342000236735,25.047581999388058,ready,paired,,,-0.04791666666666661,-0.20104166666666673,400,395,True,
121,5.7686297860000195,7762044467000,0.047753055,True,19.215642000744992,27.039437999519578,ready,paired,,,-0.05078125,-0.20429687500000004,400,396,True,
122,5.816841351999756,7762091584000,0.048839732,True,17.483466000157932,28.009892999762087,ready,paired,,,-0.04375,-0.20781250000000007,400,396,True,
123,5.861582360000284,7762138699000,0.046463722,True,16.33192200006306,25.68989899918961,ready,paired,,,-0.05,-0.20937500000000003,400,396,True,
124,5.908092210999712,7762185812000,0.045863795,True,18.635065999660583,25.156671999866376,ready,paired,,,-0.059375,-0.20468750000000002,400,396,True,
125,5.956324368999958,7762232927000,0.046983638,True,19.22519799973088,26.290605000212963,ready,paired,,,-0.059375,-0.20937500000000003,400,396,True,
126,6.006513031000395,7762280042000,0.050059948,True,18.202279999968596,29.272953000145208,ready,paired,,,-0.05,-0.20937500000000003,400,396,True,
127,6.054641820999677,7762327160000,0.051055238,True,15.13352800066059,30.26962999956595,ready,paired,,,-0.04375,-0.23125000000000007,400,400,True,
128,6.097770149000098,7762374275000,0.047057141,True,14.070407999497547,26.31915999972989,ready,paired,,,-0.04375,-0.22656250000000006,400,399,True,
129,6.144691137999871,7762421391000,0.046884259,True,18.04295099918818,26.15916400009155,ready,paired,,,-0.04375,-0.24062500000000003,400,401,True,
130,6.1913439480003944,7762468503000,0.046417495,True,18.213484000625613,25.709452999763016,ready,paired,,,-0.046875,-0.24375000000000005,400,402,True,
131,6.240036555999723,7762515618000,0.047983844,True,18.912614000328176,27.041436999752477,ready,paired,,,-0.04791666666666661,-0.24322916666666675,400,401,True,
132,6.290021556999818,7762562735000,0.050855048,True,17.627498999900126,29.625999000018055,ready,paired,,,-0.0484375,-0.22890625000000006,400,399,True,
133,6.337627285999588,7762609851000,0.051365666,True,14.252884000597987,30.642193999483425,ready,paired,,,-0.04375,-0.21250000000000002,400,397,True,
134,6.380953961999694,7762656965000,0.047574157,True,13.701602999390161,26.909255000646226,ready,paired,,,-0.053125,-0.184375,400,393,True,
135,6.426955789000203,7762704079000,0.046451021,True,17.650998999670264,25.626141000429925,ready,paired,,,-0.04375,-0.17500000000000004,400,391,True,
136,6.475866836000023,7762751194000,0.048248254,True,18.611102999784634,27.57401500002743,ready,paired,,,-0.034375,-0.16562500000000002,400,390,True,
137,6.524158973999874,7762798310000,0.049424021,True,16.814817000522453,28.750225999829127,ready,paired,,,-0.014583333333333393,-0.16614583333333335,400,390,True,
138,6.572871841000051,7762845426000,0.051025369,True,15.820233000340522,30.172447000040847,ready,paired,,,0.003125,-0.15625000000000006,400,388,True,
139,6.618751283000165,7762892541000,0.049780571,True,14.070000000174332,29.08040200054529,ready,paired,,,0.00625,-0.15312500000000004,400,388,True,
140,6.663787376000073,7762939657000,0.04770746,True,15.286801999536692,27.02179000061733,ready,paired,,,0.003125,-0.15625000000000006,400,388,True,
141,6.71012115800022,7762986771000,0.04690015,True,17.422745999283507,26.162182000007306,ready,paired,,,-0.003125,-0.16250000000000003,400,389,True,
142,6.758960911000031,7763033885000,0.048656272,True,18.161596000027203,27.957191000496096,ready,paired,,,-0.011458333333333393,-0.16302083333333336,400,389,True,
143,6.8097232419995635,7763081001000,0.052312752,True,16.571674999795505,31.480487000408175,ready,paired,,,-0.016666666666666607,-0.15572916666666672,400,388,True,
144,6.854356290999931,7763128115000,0.049834634,True,12.849977000769286,29.058698999506305,ready,paired,,,-0.00625,-0.16562500000000005,400,390,True,
145,6.899269536000247,7763175233000,0.047614046,True,15.317837999646144,26.87336700000742,ready,paired,,,-0.021875,-0.16718750000000002,400,390,True,
146,6.945556188999944,7763222346000,0.046797828,True,17.437319999771717,26.13503500015213,ready,paired,,,-0.028125,-0.18281250000000007,400,392,True,
147,6.993310877999647,7763269460000,0.047438313,True,18.313111000679783,26.727704999757407,ready,paired,,,-0.034375,-0.184375,400,393,True,
148,7.042261276000318,7763316576000,0.049265156,True,17.637406999710947,28.59137700033898,ready,paired,,,-0.038541666666666606,-0.20104166666666676,400,395,True,
149,7.088152958000137,7763363692000,0.048038579,True,15.81199199972616,27.35552100057248,ready,paired,,,-0.040625,-0.22343750000000004,400,399,True,
150,7.134578625999893,7763410806000,0.047351821,True,17.212935999850743,26.487932999771147,ready,paired,,,-0.046875,-0.23437500000000006,400,400,True,
151,7.179006717000448,7763457923000,0.044661523,True,17.709886000375263,23.99610899919935,ready,paired,,,-0.059375,-0.24218750000000006,400,401,True,
152,7.227079897000294,7763505035000,0.045595,True,20.29502200002753,25.025656999787316,ready,paired,,,-0.06875,-0.2562500000000001,400,403,True,
153,7.276264695999998,7763552150000,0.047698002,True,19.469746999675408,26.99366100023326,ready,paired,,,-0.0796875,-0.24140625000000004,400,401,True,
154,7.323402197000178,7763599267000,0.047675393,True,17.334767000647844,27.041991999794845,ready,paired,,,-0.06875,-0.23750000000000002,400,401,True,
155,7.369553909999922,7763646382000,0.046709902,True,17.521390999718278,25.86459800022567,ready,paired,,,-0.065625,-0.22500000000000003,400,399,True,
156,7.416834388999632,7763693496000,0.046925287,True,18.520364000323752,26.045759999760776,ready,paired,,,-0.0625,-0.20312500000000006,400,395,True,
157,7.460805306000111,7763740611000,0.043788593,True,18.094875999850046,23.170278999714355,ready,paired,,,-0.053125,-0.184375,400,393,True,
158,7.509370011000101,7763787726000,0.045227076,True,21.35769699998491,24.49026399972354,ready,paired,,,-0.03645833333333339,-0.1739583333333333,400,391,True,
159,7.5596602989999155,7763834841000,0.04839418,True,19.930994999413087,27.632940000330564,ready,paired,,,-0.02083333333333339,-0.15364583333333331,400,388,True,
160,7.606341978999808,7763881958000,0.047944027,True,17.502355000033276,26.43780499965942,ready,paired,,,-0.003125,-0.14375000000000004,400,387,True,
161,7.651529716999903,7763929073000,0.046022727,True,17.111569000007876,25.33929600031115,ready,paired,,,-0.003125,-0.134375,400,385,True,
162,7.697890776000349,7763976186000,0.045293118,True,19.081553999967582,24.567038999521174,ready,paired,,,0.00625,-0.12968750000000004,400,384,True,
163,7.7451484960001835,7764023302000,0.045423635,True,19.77896199969109,24.753775000135647,ready,paired,,,0.009375,-0.13125000000000006,400,385,True,
164,7.794067709000046,7764070417000,0.047220386,True,19.56446700023662,26.621317999342864,ready,paired,,,0.010416666666666607,-0.14583333333333334,400,387,True,
165,7.841345132999777,7764117534000,0.047393587,True,17.867974000182585,26.690908999626117,ready,paired,,,0.015625,-0.16250000000000003,400,389,True,
166,7.88727742500032,7764164649000,0.046197657,True,17.699887000162562,25.50236600018252,ready,paired,,,0.009375,-0.16406250000000003,400,390,True,
167,7.9339341980003155,7764211762000,0.045755874,True,19.10603499982244,24.8318650001238,ready,paired,,,0.003125,-0.17031250000000006,400,391,True,
168,7.980422587000248,7764258877000,0.04511243,True,19.36084299995855,24.392859000727185,ready,paired,,,-0.015625,-0.17968750000000006,400,392,True,
169,8.030247775999669,7764305992000,0.047841916,True,19.968048999544408,27.142786000695196,ready,paired,,,-0.0265625,-0.19296875000000005,400,394,True,
170,8.079606719000367,7764353109000,0.050068581,True,17.262028000004648,29.365950000283192,ready,paired,,,-0.034375,-0.2265625,400,399,True,
171,8.123983903999942,7764400224000,0.047337969,True,15.082621999681578,26.57206000003498,ready,paired,,,-0.046875,-0.23437500000000006,400,400,True,
172,8.169393395000043,7764447340000,0.045634146,True,17.67003500026476,25.019675999828905,ready,paired,,,-0.059375,-0.2515625,400,403,True,
173,8.216750724000121,7764494453000,0.045877289,True,19.86368100006075,24.771144999249373,ready,paired,,,-0.06875,-0.2562500000000001,400,403,True,
174,8.264614353999605,7764541568000,0.046622216,True,19.368453999959456,25.7650260000446,ready,paired,,,-0.07708333333333339,-0.24739583333333331,400,402,True,
175,8.313227927999833,7764588683000,0.048130511,True,18.3882569999696,27.51042499949108,ready,paired,,,-0.0765625,-0.24296875000000004,400,401,True,
176,8.360735252000268,7764635801000,0.048514484,True,16.987961000268115,27.797361000011733,ready,paired,,,-0.0625,-0.22656250000000006,400,399,True,
177,8.40695318500002,7764682915000,0.047617899,True,16.613655999208277,26.88397800011444,ready,paired,,,-0.0625,-0.22187500000000004,400,398,True,
178,8.452803701999983,7764730030000,0.046355952,True,17.483337000157917,25.648548000390292,ready,paired,,,-0.05625,-0.21093750000000003,400,397,True,
179,8.500959658000284,7764777143000,0.047405815,True,18.882411000049615,26.560320000498905,ready,paired,,,-0.046875,-0.20156250000000003,400,395,True,
180,8.549706838999555,7764824260000,0.049034182,True,17.827513000156614,28.206887999658647,ready,paired,,,-0.03125,-0.18125000000000005,400,392,True,
181,8.598015827999916,7764871377000,0.050214134,True,16.049448000558186,29.51990899964585,ready,paired,,,-0.015625,-0.15156250000000002,400,388,True,
182,8.644061728000452,7764918491000,0.049144108,True,14.855387000352493,28.462455000408227,ready,paired,,,-0.0125,-0.12031250000000003,400,383,True,
183,8.690222883999922,7764965606000,0.048200394,True,16.069317999608757,27.375835999919218,ready,paired,,,0.0,-0.10312500000000002,400,380,True,
184,8.735893498000223,7765012720000,0.046754119,True,16.788762000032875,26.160997000260977,ready,paired,,,0.0,-0.09375000000000003,400,379,True,
185,8.78673095799968,7765059835000,0.050453301,True,18.219892000161053,29.872140000406944,ready,paired,,,0.021875,-0.08125000000000002,400,377,True,
186,8.835292976999881,7765106952000,0.051925116,True,14.644873999714036,31.199125000057393,ready,paired,,,0.034375,-0.059375000000000025,400,374,True,
187,8.880783151000287,7765154066000,0.05030155,True,13.14170999921771,29.633572000420827,ready,paired,,,0.034375,-0.02187500000000002,400,368,True,
188,8.926546910999605,7765201181000,0.04894555,True,14.738259999830916,28.30245999939507,ready,paired,,,0.028125,-0.02343750000000001,400,369,True,
189,8.973207961000298,7765248296000,0.048492879,True,16.23157399990305,27.71164099976886,ready,paired,,,0.025,-0.021875000000000012,400,368,True,
190,9.023148240999944,7765295412000,0.051308714,True,16.494770000463177,30.71850699961942,ready,paired,,,0.0171875,-0.02265625000000001,400,368,True,
191,9.071014778000063,7765342526000,0.052063196,True,14.074777999667276,31.063961000654672,ready,paired,,,0.0375,-0.004687500000000004,400,366,True,
192,9.115384611999616,7765389641000,0.049288881,True,13.226262999523897,28.38960600001883,ready,paired,,,0.01875,-0.004687500000000008,400,366,True,
193,9.161533065000185,7765436756000,0.048357278,True,15.695660999881511,27.733474999877217,ready,paired,,,0.015625,-0.0171875,400,368,True,
194,9.209416972000326,7765483873000,0.049123093,True,16.67528400048468,28.48784300022089,ready,paired,,,0.003125,-0.025000000000000005,400,369,True,
195,9.259145035000074,7765530987000,0.0517316,True,15.956375999849115,31.044851000842755,ready,paired,,,0.003125,-0.034375,400,370,True,
196,9.305989598999986,7765578103000,0.051465813,True,13.425295000160986,30.69839699946897,ready,paired,,,0.0,-0.014062500000000002,400,367,True,
197,9.352292047999981,7765625218000,0.050619078,True,13.623270999232773,29.922806000286073,ready,paired,,,-0.00625,-0.0296875,400,369,True,
198,9.397723742999915,7765672332000,0.048973104,True,14.442472000155249,28.27138599968748,ready,paired,,,-0.015625,-0.03906250000000001,400,371,True,
199,9.44611808100035,7765719448000,0.050247646,True,16.22036900062085,29.425466999782657,ready,paired,,,-0.015625,-0.05312500000000001,400,373,True,
200,9.495210864,7765766563000,0.052230485,True,14.77451899972948,31.600446000084048,ready,paired,,,-0.0125,-0.03125000000000001,400,370,True,
201,9.54123424699992,7765813678000,0.051135164,True,13.729045999752998,29.574240999863832,ready,paired,,,-0.03125,-0.03125,400,370,True,
202,9.5867954739997,7765860792000,0.049577318,True,13.928299999861338,28.904685000270547,ready,paired,,,-0.034375,-0.043750000000000004,400,372,True,
203,9.633295474000079,7765907909000,0.048966613,True,15.784881000399764,27.99413499997172,ready,paired,,,-0.059375,-0.040624999999999994,400,371,True,
204,9.68199795199962,7765955023000,0.050553147,True,16.134927999701176,29.84727000057319,ready,paired,,,-0.028125,-0.065625,400,375,True,
205,9.729566961000273,7766002138000,0.051011341,True,14.469545000793005,30.38142299919855,ready,paired,,,-0.028125,-0.028125,400,369,True,
206,9.775057339000341,7766049254000,0.049355738,True,14.177015999848663,28.56467500077997,ready,paired,,,-0.0375,-0.0375,400,371,True,
207,9.821482043999822,7766096368000,0.048690942,True,15.69269800074835,28.007485999296478,ready,paired,,,-0.04375,-0.04375,400,372,True,
208,9.86928691600042,7766143484000,0.04938037,True,16.526120999515115,28.55704500052525,ready,paired,,,-0.028125,-0.05625000000000001,400,373,True,
209,9.918089187999612,7766190599000,0.051037236,True,15.593849000651971,30.454642999757198,ready,paired,,,-0.015625,-0.05312499999999997,400,373,True,
210,9.963602509999873,7766237714000,0.04946702,True,14.096777999839105,28.69576299963228,ready,paired,,,-0.03125,-0.012499999999999994,400,367,True,
211,10.010445093000271,7766284828000,0.049183085,True,15.610477999871364,28.497713999968255,ready,paired,,,-0.021875,-0.021875,400,368,True,
212,10.057139086999996,7766331945000,0.048774412,True,15.834898999855795,28.13726000022143,ready,paired,,,-0.03125,-0.0265625,400,369,True,
213,10.10641075500007,7766379059000,0.050913283,True,16.41969800039078,30.114262999632047,ready,paired,,,-0.013541666666666608,-0.040104166666666705,400,371,True,
214,10.155591499000366,7766426174000,0.052991897,True,14.133998000033898,32.32078000019101,ready,paired,,,-0.0125,0.0062500000000000056,400,364,True,
215,10.199771114999749,7766473288000,0.05005718,True,12.325046999649203,29.127640999831783,ready,paired,,,-0.015625,-0.006249999999999997,400,366,True,
216,10.246337390000008,7766520404000,0.049495956,True,15.163211999606574,28.66502400047466,ready,paired,,,-0.009375,-0.014062500000000002,400,367,True,
217,10.292472768999687,7766567520000,0.048532927,True,15.719734999947832,27.69499399983033,ready,paired,,,0.0020833333333333927,-0.0244791666666667,400,369,True,
218,10.341880191999735,7766614635000,0.050819202,True,16.50539900037984,30.17433599961805,ready,paired,,,-0.003125,-0.031249999999999983,400,370,True,
219,10.388033664000432,7766661750000,0.049840174,True,14.477192999947874,28.933425000104762,ready,paired,,,-0.0125,0.010937500000000006,400,363,True,
220,10.435424639999837,7766708864000,0.050132391,True,15.269560999513487,29.394413000773056,ready,paired,,,-0.015625,-0.015625,400,367,True,
221,10.481034792000173,7766755981000,0.048634228,True,14.970494999943185,27.917933000026096,ready,paired,,,-0.014583333333333393,-0.016145833333333304,400,367,True,
222,10.532631731999572,7766803095000,0.053116427,True,16.645283999423555,32.23335599977872,ready,paired,,,0.00625,-0.054687500000000014,400,373,True,
223,10.577709342999697,7766850210000,0.051097,True,11.955259999922419,30.42142199956288,ready,paired,,,-0.015625,-0.001562499999999998,400,365,True,
224,10.62260206999963,7766897326000,0.048843339,True,13.869858000362001,28.26688599998306,ready,paired,,,-0.015625,-0.015625,400,367,True,
225,10.669551650000358,7766944439000,0.048691586,True,16.315515999849595,27.911932000279194,ready,paired,,,-0.034375,-0.015624999999999993,400,367,True,
226,10.71888155600027,7766991557000,0.050885418,True,16.791707000265887,29.799234999700275,ready,paired,,,-0.023958333333333394,-0.04895833333333331,400,372,True,
227,10.765537774000222,7767038670000,0.050437839,True,14.502562999950896,29.418133999570273,ready,paired,,,-0.021875,-0.0078125,400,366,True,
228,10.811473085000216,7767085783000,0.049264668,True,14.888237999912235,28.321198999947228,ready,paired,,,-0.028125,-0.009374999999999994,400,366,True,
229,10.858200374000262,7767132898000,0.048867533,True,16.961442999672727,27.03167800063966,ready,paired,,,-0.040625,-0.026562499999999996,400,369,True,
230,10.906786892999662,7767180013000,0.050337496,True,16.43067900022288,29.418430000077933,ready,paired,,,-0.0359375,-0.033593750000000006,400,370,True,
231,10.952855755999735,7767227127000,0.049307339,True,14.859609000268392,28.4873439995863,ready,paired,,,-0.028125,-0.046874999999999986,400,372,True,
232,10.999416882999867,7767274243000,0.048734782,True,16.019929999856686,27.80250999967393,ready,paired,,,-0.034375,-0.020312499999999997,400,368,True,
233,11.045644593000361,7767321359000,0.047854918,True,16.398290999859455,27.09758399942075,ready,paired,,,-0.0375,-0.0375,400,371,True,
234,11.091821211999559,7767368472000,0.046927018,True,17.37606099959521,26.075388999743154,ready,paired,,,-0.03541666666666661,-0.057291666666666706,400,374,True,
235,11.141229005999776,7767415587000,0.049209608,True,18.494846999601577,28.179537000141863,ready,paired,,,-0.03046875,-0.078515625,400,377,True,
236,11.18752071400013,7767462702000,0.048388317,True,15.950357999827247,27.6100890005182,ready,paired,,,-0.03125,-0.06875,400,375,True,
237,11.235176369000328,7767509818000,0.048921045,True,17.109049999817216,27.81019499980175,ready,paired,,,-0.0375,-0.09843750000000001,400,380,True,
238,11.279753548000372,7767556932000,0.046387966,True,16.36425499964389,25.480496999989555,ready,paired,,,-0.053125,-0.12343750000000003,400,384,True,
239,11.330734004000078,7767604047000,0.050245959,True,19.24012300059985,28.99755299949902,ready,paired,,,-0.0625,-0.15625000000000003,400,388,True,
240,11.377922966999904,7767651162000,0.050321125,True,15.164324000579654,29.285173999596736,ready,paired,,,-0.06875,-0.17187500000000003,400,391,True,
241,11.424978322000243,7767698279000,0.050271443,True,15.08447400010482,29.242435000014666,ready,paired,,,-0.084375,-0.18281250000000002,400,392,True,
242,11.471306917999755,7767745394000,0.049476632,True,15.11108399972727,28.481010999712453,ready,paired,,,-0.09375,-0.20625000000000004,400,396,True,
243,11.517952043999685,7767792508000,0.049014146,True,15.764048000164621,28.15098199971544,ready,paired,,,-0.10625,-0.21406250000000004,400,397,True,
244,11.568613155999628,7767839623000,0.05256411,True,16.43021600011707,31.504226999459206,ready,paired,,,-0.1125,-0.20156250000000003,400,395,True,
245,11.614789219000158,7767886739000,0.051613933,True,12.752016000376898,30.687026999657974,ready,paired,,,-0.103125,-0.20156250000000003,400,395,True,
246,11.66144075200009,7767933854000,0.051156984,True,13.94098600030702,29.97991499978525,ready,paired,,,-0.103125,-0.20156250000000003,400,395,True,
247,11.706230370000412,7767980969000,0.048803603,True,14.311382999949274,27.719937999791,ready,paired,,,-0.096875,-0.19531250000000003,400,394,True,
248,11.751990871000089,7768028084000,0.047478288,True,16.598489999523736,26.431749000039417,ready,paired,,,-0.08645833333333339,-0.20052083333333334,400,395,True,
249,11.799755336999624,7768075199000,0.048118495,True,17.96887999989849,27.057306999267894,ready,paired,,,-0.0703125,-0.18515625000000002,400,393,True,
250,11.84714509100013,7768122315000,0.048399249,True,17.2777119996681,27.38078000038513,ready,paired,,,-0.059375,-0.15781250000000002,400,389,True,
251,11.890997659999812,7768169430000,0.045137836,True,17.14669699958904,23.976462000064203,ready,paired,,,-0.065625,-0.15000000000000002,400,388,True,
252,11.938545797999723,7768216545000,0.045570586,True,20.148062999396643,24.668406000273535,ready,paired,,,-0.05,-0.153125,400,388,True,
253,11.985525895999672,7768263659000,0.045454702,True,19.640853999590036,24.6257600001627,ready,paired,,,-0.0375,-0.1453125,400,387,True,
254,12.033841200000097,7768310774000,0.046637062,True,19.704111000464763,25.879578999592923,ready,paired,,,-0.02734375,-0.13632812500000002,400,385,True,
255,12.080146463999881,7768357889000,0.045826029,True,18.84594900002412,24.72679399943445,ready,paired,,,-0.025,-0.13750000000000004,400,386,True,
256,12.126929789000314,7768405005000,0.045507206,True,19.59118899958412,24.47339300033491,ready,paired,,,-0.021875,-0.15781250000000005,400,389,True,
257,12.173574821999864,7768452122000,0.045028183,True,21.12324100016849,22.794123000494437,ready,paired,,,-0.022916666666666606,-0.16197916666666673,400,389,True,
258,12.222727121999924,7768499235000,0.047046188,True,20.354705000499962,26.051167000332498,ready,paired,,,-0.034375,-0.1468749999999999,400,387,True,
259,12.271532226999625,7768546353000,0.048735849,True,18.171428999266936,27.885749000233773,ready,paired,,,-0.028125,-0.1781249999999999,400,392,True,
260,12.314922233999823,7768593466000,0.045022189,True,16.66700599980686,23.98646199981158,ready,paired,,,-0.04375,-0.20312500000000006,400,395,True,
261,12.359720981999999,7768640581000,0.042707307,True,20.311911000135296,21.75192800041259,ready,paired,,,-0.059375,-0.21875000000000006,400,398,True,
262,12.408591030000025,7768687696000,0.044470707,True,22.501481999825046,23.642618999474507,ready,paired,,,-0.07437499999999986,-0.22531250000000008,400,399,True,
263,12.457482355999673,7768734811000,0.046235199,True,21.20199799992406,24.950713999714935,ready,paired,,,-0.07687499999999989,-0.2287500000000001,400,399,True,
264,12.50328600299963,7768781926000,0.044941124,True,19.242678999944474,23.83928100061894,ready,paired,,,-0.07395833333333339,-0.21614583333333337,400,397,True,
265,12.564166013000431,7768829041000,0.058666209,True,20.259431000340555,37.857004000215966,ready,independent_estimated,,,-0.06604313937065012,-0.20906400134963685,400,396,True,
266,12.5941855760002,7768876157000,0.041600641,True,6.5630130002318765,20.725546999528888,ready,paired,,,-0.05625,-0.20625000000000004,400,396,True,
267,12.643766438999592,7768923272000,0.044029413,True,23.929463000058604,22.88621299976512,ready,paired,,,-0.05,-0.2,400,395,True,
268,12.692650209000021,7768970387000,0.045848589,True,21.261552000396478,24.907160000111617,ready,paired,,,-0.046875,-0.19687500000000005,400,395,True,
269,12.743089493999832,7769017502000,0.04915593,True,19.39950799987855,28.304477999881783,ready,paired,,,-0.04166666666666661,-0.19010416666666674,400,394,True,
270,12.788035589000174,7769064618000,0.046973729,True,16.1844630001724,26.012667999566474,ready,paired,,,-0.028125,-0.1874999999999999,400,393,True,
271,12.83521958900019,7769111732000,0.047053637,True,18.29687000008562,26.151367999773356,ready,paired,,,-0.025,-0.1703125,400,391,True,
272,12.880341717999727,7769158848000,0.045066283,True,18.063581000205886,24.328342000444536,ready,paired,,,-0.021875,-0.16718750000000002,400,390,True,
273,12.928405491000376,7769205962000,0.04599252,True,20.088934999876074,25.221837000572123,ready,paired,,,-0.015625,-0.16562500000000005,400,390,True,
274,12.977768619000017,7769253077000,0.048244166,True,19.24482699996588,27.36939100032032,ready,paired,,,-0.01875,-0.16406250000000003,400,390,True,
275,13.02526301800026,7769300193000,0.048638046,True,17.267064999941795,27.488703000017267,ready,paired,,,-0.009375,-0.15937500000000004,400,389,True,
276,13.069985879000342,7769347308000,0.046243185,True,16.644322000502143,25.343667000015557,ready,paired,,,-0.0125,-0.15312500000000007,400,388,True,
277,13.115713453999888,7769394422000,0.044862668,True,18.87528099996416,24.121606999869982,ready,paired,,,-0.0125,-0.16250000000000006,400,389,True,
278,13.164038980000441,7769441537000,0.046043768,True,20.27918900057557,25.284556999395136,ready,paired,,,-0.01875,-0.16875,400,390,True,
279,13.214551465999648,7769488653000,0.049471439,True,19.09014600005321,28.691393999906722,ready,paired,,,-0.01875,-0.17343750000000002,400,391,True,
280,13.261084779999692,7769535769000,0.048886641,True,15.784696000082477,28.01902200008044,ready,paired,,,-0.021875,-0.19062500000000002,400,394,True,
281,13.307460744999844,7769582884000,0.048138718,True,16.32320000044274,27.312522000102035,ready,paired,,,-0.034375,-0.19843750000000004,400,395,True,
282,13.351992908000284,7769629999000,0.045559973,True,16.991182999845478,24.80590300001495,ready,paired,,,-0.046875,-0.20156250000000003,400,395,True,
283,13.402418822000072,7769677113000,0.048877499,True,19.618835999608564,28.07726100036234,ready,paired,,,-0.0578125,-0.21015625000000004,400,397,True,
284,13.44976711399977,7769724229000,0.049103809,True,16.222942999775114,28.39095699982863,ready,paired,,,-0.05625,-0.22500000000000006,400,399,True,
285,13.495359952000399,7769771345000,0.04758711,True,16.42210500085639,26.441897000040626,ready,paired,,,-0.065625,-0.22500000000000003,400,399,True,
286,13.540533782999773,7769818460000,0.045648311,True,17.4685590000081,24.974751000627293,ready,paired,,,-0.0625,-0.23125,400,400,True,
287,13.587233109999943,7769865573000,0.045242324,True,19.692204000421043,24.285805999170407,ready,paired,,,-0.065625,-0.22031250000000008,400,398,True,
288,13.637005190999844,7769912689000,0.047890182,True,19.981604000349762,27.062195999860705,ready,paired,,,-0.06354166666666661,-0.21666666666666673,400,398,True,
289,13.684963317999973,7769959805000,0.048730736,True,17.344266000691277,27.885748999324278,ready,paired,,,-0.05703125,-0.21523437500000006,400,397,True,
290,13.731901825000023,7770006923000,0.048541465,True,16.504010000062408,27.694493999661063,ready,paired,,,-0.040625,-0.19531250000000003,400,394,True,
291,13.776733089999652,7770054036000,0.046269693,True,16.711245999431412,25.392368999746395,ready,paired,,,-0.0375,-0.18750000000000006,400,393,True,
292,13.823083557000245,7770101149000,0.045509659,True,19.053813999562408,24.57090900043113,ready,paired,,,-0.028125,-0.17343750000000005,400,391,True,
293,13.872261540999716,7770148264000,0.047572958,True,19.630947000223387,26.81766499972582,ready,paired,,,-0.016666666666666607,-0.16510416666666675,400,390,True,
294,13.920286499999747,7770195380000,0.048473585,True,17.636461999245512,27.65405100035423,ready,paired,,,-0.00546875,-0.15195312500000005,400,388,True,
295,13.966525210999862,7770242496000,0.047592684,True,16.722893999940425,26.77822199984803,ready,paired,,,-0.003125,-0.14375000000000004,400,387,True,
296,14.011515176000103,7770289610000,0.045472723,True,17.722274999869114,24.533466000320914,ready,paired,,,-0.003125,-0.1390625,400,386,True,
297,14.058528976000161,7770336725000,0.045385005,True,19.826607999675616,24.46528299969941,ready,paired,,,-0.003125,-0.1390625,400,386,True,
298,14.106839447000311,7770383840000,0.046564142,True,19.843349000439048,25.730155999553972,ready,paired,,,0.0,-0.15000000000000005,400,388,True,
299,14.154518545000428,7770430955000,0.047132888,True,19.06546099962725,25.878320000629174,ready,paired,,,-0.00078125,-0.15898437500000007,400,389,True,
300,14.200557500999821,7770478072000,0.046052715,True,18.086209999637504,25.218170000698592,ready,paired,,,0.0,-0.15937499999999988,400,389,True,
301,14.246229078000397,7770525185000,0.04462418,True,19.15127400025085,23.799799999324023,ready,paired,,,-0.015625,-0.21250000000000005,400,397,True,
302,14.292239497000082,7770572300000,0.043511692,True,20.45405499939079,22.82538100007514,ready,paired,,,-0.025,-0.23125000000000004,400,400,True,
303,14.340216180000425,7770619415000,0.044373042,True,21.780465000119875,23.46758600015164,ready,paired,,,-0.0484375,-0.23359375000000004,400,400,True,
304,14.388978693999888,7770666530000,0.046014204,True,20.749733000229753,25.277816000198072,ready,paired,,,-0.06687499999999993,-0.22906250000000006,400,399,True,
305,14.43456218099982,7770713646000,0.044496783,True,19.114794000415714,23.745894000057888,ready,paired,,,-0.078125,-0.209375,400,396,True,
306,14.481999933000225,7770760760000,0.044811739,True,20.87383999969461,23.833596000258694,ready,paired,,,-0.075,-0.19687500000000002,400,395,True,
307,14.528419934999874,7770807876000,0.044095408,True,20.53903399973933,23.13050300017494,ready,paired,,,-0.06875,-0.1765625,400,391,True,
308,14.575994091000211,7770854991000,0.044571694,True,21.078722999845922,23.763060999954178,ready,paired,,,-0.0625,-0.1609375,400,389,True,
309,14.624283451000338,7770902107000,0.045733683,True,20.643771999857563,24.899752999772318,ready,paired,,,-0.046875,-0.16875,400,390,True,
310,14.672931561000041,7770949221000,0.047290404,True,19.410175000302843,26.507505999688874,ready,paired,,,-0.034375,-0.15625000000000003,400,388,True,
311,14.720781727999565,7770996337000,0.048016479,True,18.158095999751822,26.961790999848745,ready,paired,,,-0.015625,-0.17500000000000004,400,391,True,
312,14.765408573000059,7771043452000,0.045528768,True,17.16017800026748,24.73892399939359,ready,paired,,,-0.025,-0.18437500000000004,400,393,True,
313,14.81328811000003,7771090566000,0.046292194,True,20.279059000131383,24.8684759999378,ready,paired,,,-0.021875,-0.20468750000000002,400,396,True,
314,14.860087250000106,7771137682000,0.045971668,True,18.804024000019126,25.258540000322682,ready,paired,,,-0.033333333333333395,-0.21770833333333334,400,398,True,
315,14.910585847999755,7771184796000,0.049360969,True,19.282418999864603,28.484695000770444,ready,paired,,,-0.04166666666666661,-0.22291666666666674,400,398,True,
316,14.957017145999998,7771231913000,0.048674933,True,15.945358000863052,27.756343999499222,ready,paired,,,-0.040625,-0.22812500000000005,400,399,True,
317,15.0021744579999,7771279028000,0.046705376,True,16.76189199952205,25.653807000708184,ready,paired,,,-0.05,-0.2375,400,401,True,
318,15.049101075999715,7771326142000,0.046531512,True,18.705284999668947,25.49088599971583,ready,paired,,,-0.059375,-0.23281250000000003,400,400,True,
319,15.098302264000267,7771373257000,0.048606237,True,18.64154699978826,27.817991000119946,ready,paired,,,-0.060416666666666605,-0.23229166666666673,400,400,True,
320,15.148294837999856,7771420373000,0.051491033,True,16.612544000054186,30.645972000456823,ready,paired,,,-0.0625,-0.21250000000000005,400,397,True,
321,15.195679999000276,7771467488000,0.051733195,True,13.944725999863294,30.68030499980523,ready,paired,,,-0.059375,-0.21875000000000006,400,398,True,
322,15.240751944000294,7771514603000,0.04971812,True,13.532681000469893,28.80611299951852,ready,paired,,,-0.059375,-0.21875000000000006,400,398,True,
323,15.286978727999667,7771561719000,0.048824997,True,15.911469999991823,27.575496999816096,ready,paired,,,-0.059375,-0.20468750000000002,400,396,True,
324,15.335344066999824,7771608834000,0.050066374,True,16.410604999691714,29.210435999630135,ready,paired,,,-0.05,-0.19531250000000006,400,394,True,
325,15.385641892999956,7771655949000,0.053269458,True,15.19374899999093,32.37783299937291,ready,paired,,,-0.04375,-0.16562500000000002,400,390,True,
326,15.432635602000119,7771703065000,0.053138908,True,12.310547000197403,31.950251999660395,ready,paired,,,-0.0375,-0.13593750000000002,400,385,True,
327,15.47780843199962,7771750179000,0.051198813,True,12.21684499978437,30.223761000343075,ready,paired,,,-0.028125,-0.11718750000000001,400,383,True,
328,15.522199357000318,7771797294000,0.048463405,True,13.936264000221854,27.710751999620697,ready,paired,,,-0.01875,-0.09375000000000003,400,379,True,
329,15.571576299999833,7771844409000,0.050737162,True,16.67937599995639,29.964490000566002,ready,paired,,,-0.010416666666666607,-0.0838541666666667,400,378,True,
330,15.62154189299963,7771891524000,0.053553404,True,14.510173999951803,32.68964099970617,ready,paired,,,0.0125,-0.04843750000000001,400,372,True,
331,15.665815135999765,7771938639000,0.050745424,True,11.6175650000514,29.924768999990192,ready,paired,,,0.0125,-0.0203125,400,368,True,
332,15.712915176000024,7771985755000,0.050731,True,14.409232000616612,29.95682299933833,ready,paired,,,0.025,-0.01718750000000001,400,368,True,
333,15.759343435999654,7772032870000,0.050040724,True,14.56061699991551,29.133066999747825,ready,paired,,,0.01875,-0.009375000000000005,400,366,True,
334,15.807766867000282,7772079985000,0.051344599,True,15.185878000011144,30.500197999572265,ready,paired,,,0.021875,-0.020312500000000004,400,368,True,
335,15.854155998999886,7772127100000,0.050617842,True,13.96752100026788,29.68190499996126,ready,paired,,,0.034375,-0.03124999999999996,400,370,True,
336,15.900243805000173,7772174215000,0.0495945,True,14.745130999472167,28.60704400063696,ready,paired,,,0.021875,0.003124999999999996,400,365,True,
337,15.945610501000374,7772221330000,0.047865474,True,15.560349999759637,27.090843000223686,ready,paired,,,0.0125,-0.01562500000000001,400,367,True,
338,15.993589480000082,7772268445000,0.04872336,True,17.352931999994325,27.90398900015134,ready,paired,,,0.010416666666666607,-0.023958333333333304,400,369,True,
339,16.04289668399997,7772315560000,0.050905434,True,16.480881000461522,30.094708999968134,ready,paired,,,0.0,-0.03750000000000001,400,371,True,
340,16.089020544999585,7772362676000,0.049915518,True,14.359234000039578,29.033699000137858,ready,paired,,,0.0,-0.009375000000000003,400,366,True,
341,16.134168024000246,7772409791000,0.047951367,True,15.155712000705535,27.263634999144415,ready,paired,,,-0.009375,-0.028125000000000004,400,369,True,
