run,image,near_x,near_status,far_x,far_y,far_status,near_offset,preview_error,steering_pwm,control_status,track_status
133417,000001_raw.jpg,85.75,direct,83.75,0.55,direct,0.071875,0.03437499999999999,349,ready,selected
133417,000023_raw.jpg,85.75,direct,83.75,0.55,direct,0.071875,0.03437499999999999,349,ready,selected
133417,000045_raw.jpg,85.75,direct,83.75,0.55,direct,0.071875,0.03437499999999999,349,ready,selected
133417,000067_raw.jpg,85.75,direct,84.0,0.55,direct,0.071875,0.0390625,348,ready,selected
133417,000089_raw.jpg,86.0,direct,84.0,0.55,direct,0.075,0.03749999999999999,348,ready,selected
133417,000111_raw.jpg,85.75,direct,83.75,0.55,direct,0.071875,0.03437499999999999,349,ready,selected
133417,000133_raw.jpg,85.75,direct,83.75,0.55,direct,0.071875,0.03437499999999999,349,ready,selected
133417,000155_raw.jpg,86.0,direct,84.0,0.55,direct,0.075,0.03749999999999999,348,ready,selected
133417,000177_raw.jpg,85.75,direct,83.75,0.55,direct,0.071875,0.03437499999999999,349,ready,selected
133417,000199_raw.jpg,86.0,direct,83.75,0.55,direct,0.075,0.032812499999999994,349,ready,selected
133417,000221_raw.jpg,86.0,direct,83.75,0.55,direct,0.075,0.032812499999999994,349,ready,selected
133417,000243_raw.jpg,86.0,direct,83.75,0.55,direct,0.075,0.032812499999999994,349,ready,selected
133417,000265_raw.jpg,85.75,direct,84.0,0.55,direct,0.071875,0.0390625,348,ready,selected
133417,000287_raw.jpg,85.75,direct,83.75,0.55,direct,0.071875,0.03437499999999999,349,ready,selected
133417,000309_raw.jpg,86.0,direct,83.75,0.55,direct,0.075,0.032812499999999994,349,ready,selected
133417,000331_raw.jpg,86.0,direct,83.75,0.55,direct,0.075,0.032812499999999994,349,ready,selected
133417,000353_raw.jpg,86.0,direct,83.75,0.55,direct,0.075,0.032812499999999994,349,ready,selected
133417,000375_raw.jpg,86.0,direct,83.75,0.55,direct,0.075,0.032812499999999994,349,ready,selected
133417,000397_raw.jpg,86.0,direct,83.75,0.55,direct,0.075,0.032812499999999994,349,ready,selected
133417,000419_raw.jpg,86.0,direct,83.75,0.55,direct,0.075,0.032812499999999994,349,ready,selected
133417,000441_raw.jpg,86.0,direct,83.75,0.55,direct,0.075,0.032812499999999994,349,ready,selected
133417,000463_raw.jpg,86.0,direct,83.75,0.55,direct,0.075,0.032812499999999994,349,ready,selected
133417,000485_raw.jpg,85.75,direct,83.75,0.55,direct,0.071875,0.03437499999999999,349,ready,selected
133417,000507_raw.jpg,85.75,direct,83.75,0.55,direct,0.071875,0.03437499999999999,349,ready,selected
133417,000529_raw.jpg,86.0,direct,83.75,0.55,direct,0.075,0.032812499999999994,349,ready,selected
133417,000551_raw.jpg,85.75,direct,83.75,0.55,direct,0.071875,0.03437499999999999,349,ready,selected
133417,000573_raw.jpg,85.75,direct,83.75,0.55,direct,0.071875,0.03437499999999999,349,ready,selected
133417,000595_raw.jpg,86.0,direct,83.75,0.55,direct,0.075,0.032812499999999994,349,ready,selected
133417,000617_raw.jpg,86.0,direct,83.75,0.55,direct,0.075,0.032812499999999994,349,ready,selected
133705,000001_raw.jpg,92.25,direct,87.5,0.55,direct,0.153125,0.06406249999999997,347,ready,selected
133705,000023_raw.jpg,92.25,direct,87.5,0.55,direct,0.153125,0.06406249999999997,347,ready,selected
133705,000045_raw.jpg,92.5,direct,87.5,0.55,direct,0.15625,0.06249999999999997,348,ready,selected
133705,000067_raw.jpg,92.5,direct,87.25,0.55,direct,0.15625,0.057812499999999975,348,ready,selected
133705,000089_raw.jpg,92.25,direct,87.25,0.55,direct,0.153125,0.05937499999999997,348,ready,selected
133705,000111_raw.jpg,92.25,direct,87.25,0.55,direct,0.153125,0.05937499999999997,348,ready,selected
133705,000133_raw.jpg,92.5,direct,87.25,0.55,direct,0.15625,0.057812499999999975,348,ready,selected
133705,000155_raw.jpg,92.25,direct,87.25,0.55,direct,0.153125,0.05937499999999997,348,ready,selected
133705,000177_raw.jpg,92.5,direct,87.5,0.55,direct,0.15625,0.06249999999999997,348,ready,selected
133705,000199_raw.jpg,92.25,direct,87.5,0.55,direct,0.153125,0.06406249999999997,347,ready,selected
133705,000221_raw.jpg,92.5,direct,87.25,0.55,direct,0.15625,0.057812499999999975,348,ready,selected
133705,000243_raw.jpg,92.25,direct,87.5,0.55,direct,0.153125,0.06406249999999997,347,ready,selected
133705,000265_raw.jpg,92.5,direct,87.5,0.55,direct,0.15625,0.06249999999999997,348,ready,selected
133705,000287_raw.jpg,92.25,direct,87.5,0.55,direct,0.153125,0.06406249999999997,347,ready,selected
133705,000309_raw.jpg,92.5,direct,87.5,0.55,direct,0.15625,0.06249999999999997,348,ready,selected
133705,000331_raw.jpg,92.5,direct,87.75,0.55,direct,0.15625,0.06718749999999998,347,ready,selected
133705,000353_raw.jpg,92.5,direct,87.25,0.55,direct,0.15625,0.057812499999999975,348,ready,selected
133705,000375_raw.jpg,92.25,direct,87.25,0.55,direct,0.153125,0.05937499999999997,348,ready,selected
133705,000397_raw.jpg,92.25,direct,87.25,0.55,direct,0.153125,0.05937499999999997,348,ready,selected
133705,000419_raw.jpg,92.5,direct,87.5,0.55,direct,0.15625,0.06249999999999997,348,ready,selected
133705,000441_raw.jpg,92.5,direct,87.25,0.55,direct,0.15625,0.057812499999999975,348,ready,selected
133705,000463_raw.jpg,92.25,direct,87.5,0.55,direct,0.153125,0.06406249999999997,347,ready,selected
133705,000485_raw.jpg,92.5,direct,87.5,0.55,direct,0.15625,0.06249999999999997,348,ready,selected
133705,000507_raw.jpg,92.5,direct,87.25,0.55,direct,0.15625,0.057812499999999975,348,ready,selected
133705,000529_raw.jpg,92.25,direct,87.5,0.55,direct,0.153125,0.06406249999999997,347,ready,selected
133705,000551_raw.jpg,92.25,direct,87.25,0.55,direct,0.153125,0.05937499999999997,348,ready,selected
133705,000573_raw.jpg,92.5,direct,87.25,0.55,direct,0.15625,0.057812499999999975,348,ready,selected
133705,000595_raw.jpg,92.5,direct,87.25,0.55,direct,0.15625,0.057812499999999975,348,ready,selected
133705,000617_raw.jpg,92.5,direct,87.25,0.55,direct,0.15625,0.057812499999999975,348,ready,selected
133915,000001_raw.jpg,66.75,direct,70.25,0.55,direct,-0.165625,-0.09999999999999999,358,ready,selected
133915,000023_raw.jpg,66.75,direct,70.25,0.55,direct,-0.165625,-0.09999999999999999,358,ready,selected
133915,000045_raw.jpg,66.75,direct,70.25,0.55,direct,-0.165625,-0.09999999999999999,358,ready,selected
133915,000067_raw.jpg,66.75,direct,70.25,0.55,direct,-0.165625,-0.09999999999999999,358,ready,selected
133915,000089_raw.jpg,66.5,direct,70.25,0.55,direct,-0.16875,-0.09843749999999997,358,ready,selected
133915,000111_raw.jpg,66.75,direct,70.25,0.55,direct,-0.165625,-0.09999999999999999,358,ready,selected
133915,000133_raw.jpg,66.75,direct,70.25,0.55,direct,-0.165625,-0.09999999999999999,358,ready,selected
133915,000155_raw.jpg,66.75,direct,70.25,0.55,direct,-0.165625,-0.09999999999999999,358,ready,selected
133915,000177_raw.jpg,66.5,direct,70.25,0.55,direct,-0.16875,-0.09843749999999997,358,ready,selected
133915,000199_raw.jpg,66.75,direct,70.25,0.55,direct,-0.165625,-0.09999999999999999,358,ready,selected
133915,000221_raw.jpg,66.75,direct,70.25,0.55,direct,-0.165625,-0.09999999999999999,358,ready,selected
133915,000243_raw.jpg,66.75,direct,70.25,0.55,direct,-0.165625,-0.09999999999999999,358,ready,selected
133915,000265_raw.jpg,66.75,direct,70.25,0.55,direct,-0.165625,-0.09999999999999999,358,ready,selected
133915,000287_raw.jpg,66.5,direct,70.25,0.55,direct,-0.16875,-0.09843749999999997,358,ready,selected
133915,000309_raw.jpg,66.5,direct,70.25,0.55,direct,-0.16875,-0.09843749999999997,358,ready,selected
133915,000331_raw.jpg,66.75,direct,70.25,0.55,direct,-0.165625,-0.09999999999999999,358,ready,selected
133915,000353_raw.jpg,66.75,direct,70.25,0.55,direct,-0.165625,-0.09999999999999999,358,ready,selected
133915,000375_raw.jpg,66.75,direct,70.25,0.55,direct,-0.165625,-0.09999999999999999,358,ready,selected
133915,000397_raw.jpg,66.75,direct,70.25,0.55,direct,-0.165625,-0.09999999999999999,358,ready,selected
133915,000419_raw.jpg,66.75,direct,70.25,0.55,direct,-0.165625,-0.09999999999999999,358,ready,selected
133915,000441_raw.jpg,66.75,direct,70.25,0.55,direct,-0.165625,-0.09999999999999999,358,ready,selected
133915,000463_raw.jpg,66.5,direct,70.25,0.55,direct,-0.16875,-0.09843749999999997,358,ready,selected
133915,000485_raw.jpg,66.75,direct,70.25,0.55,direct,-0.165625,-0.09999999999999999,358,ready,selected
133915,000507_raw.jpg,66.5,direct,70.25,0.55,direct,-0.16875,-0.09843749999999997,358,ready,selected
133915,000529_raw.jpg,66.5,direct,70.25,0.55,direct,-0.16875,-0.09843749999999997,358,ready,selected
133915,000551_raw.jpg,66.75,direct,70.25,0.55,direct,-0.165625,-0.09999999999999999,358,ready,selected
133915,000573_raw.jpg,66.5,direct,70.25,0.55,direct,-0.16875,-0.09843749999999997,358,ready,selected
133915,000595_raw.jpg,66.5,direct,70.25,0.55,direct,-0.16875,-0.09843749999999997,358,ready,selected
133915,000617_raw.jpg,66.5,direct,70.25,0.55,direct,-0.16875,-0.09843749999999997,358,ready,selected
134112,000001_raw.jpg,76.875,interpolated,71.75,0.55,direct,-0.0390625,-0.13515625,361,ready,selected
134112,000023_raw.jpg,77.125,interpolated,71.5,0.55,direct,-0.0359375,-0.14140625,361,ready,selected
134112,000045_raw.jpg,77.0,interpolated,71.75,0.55,direct,-0.0375,-0.13593750000000002,361,ready,selected
134112,000067_raw.jpg,77.0,interpolated,71.75,0.55,direct,-0.0375,-0.13593750000000002,361,ready,selected
134112,000089_raw.jpg,77.0,interpolated,71.75,0.55,direct,-0.0375,-0.13593750000000002,361,ready,selected
134112,000111_raw.jpg,77.0,interpolated,71.75,0.55,direct,-0.0375,-0.13593750000000002,361,ready,selected
134112,000133_raw.jpg,77.0,interpolated,71.75,0.55,direct,-0.0375,-0.13593750000000002,361,ready,selected
134112,000155_raw.jpg,77.0,interpolated,71.75,0.55,direct,-0.0375,-0.13593750000000002,361,ready,selected
134112,000177_raw.jpg,77.0,interpolated,71.75,0.55,direct,-0.0375,-0.13593750000000002,361,ready,selected
134112,000199_raw.jpg,77.0,interpolated,71.5,0.55,direct,-0.0375,-0.14062500000000003,361,ready,selected
134112,000221_raw.jpg,77.0,interpolated,71.75,0.55,direct,-0.0375,-0.13593750000000002,361,ready,selected
134112,000243_raw.jpg,77.0,interpolated,71.75,0.55,direct,-0.0375,-0.13593750000000002,361,ready,selected
134112,000265_raw.jpg,77.0,interpolated,71.75,0.55,direct,-0.0375,-0.13593750000000002,361,ready,selected
134112,000287_raw.jpg,77.0,interpolated,71.75,0.55,direct,-0.0375,-0.13593750000000002,361,ready,selected
134112,000309_raw.jpg,77.0,interpolated,71.75,0.55,direct,-0.0375,-0.13593750000000002,361,ready,selected
134112,000331_raw.jpg,77.0,interpolated,71.75,0.55,direct,-0.0375,-0.13593750000000002,361,ready,selected
134112,000353_raw.jpg,77.0,interpolated,71.75,0.55,direct,-0.0375,-0.13593750000000002,361,ready,selected
134112,000375_raw.jpg,77.0,interpolated,71.75,0.55,direct,-0.0375,-0.13593750000000002,361,ready,selected
134112,000397_raw.jpg,77.0,interpolated,71.75,0.55,direct,-0.0375,-0.13593750000000002,361,ready,selected
134112,000419_raw.jpg,77.0,interpolated,71.75,0.55,direct,-0.0375,-0.13593750000000002,361,ready,selected
134112,000441_raw.jpg,77.0,interpolated,71.75,0.55,direct,-0.0375,-0.13593750000000002,361,ready,selected
134112,000463_raw.jpg,76.875,interpolated,71.75,0.55,direct,-0.0390625,-0.13515625,361,ready,selected
134112,000485_raw.jpg,77.0,interpolated,71.75,0.55,direct,-0.0375,-0.13593750000000002,361,ready,selected
134112,000507_raw.jpg,77.125,interpolated,71.75,0.55,direct,-0.0359375,-0.13671875,361,ready,selected
134112,000529_raw.jpg,77.0,interpolated,71.75,0.55,direct,-0.0375,-0.13593750000000002,361,ready,selected
134112,000551_raw.jpg,77.0,interpolated,71.75,0.55,direct,-0.0375,-0.13593750000000002,361,ready,selected
134112,000573_raw.jpg,76.875,interpolated,71.75,0.55,direct,-0.0390625,-0.13515625,361,ready,selected
134112,000595_raw.jpg,77.125,interpolated,71.75,0.55,direct,-0.0359375,-0.13671875,361,ready,selected
134112,000617_raw.jpg,77.0,interpolated,71.75,0.55,direct,-0.0375,-0.13593750000000002,361,ready,selected
134442,000001_raw.jpg,76.25,direct,73.75,0.6,direct,-0.046875,-0.14062499999999994,361,ready,selected
134442,000023_raw.jpg,76.25,direct,73.75,0.6,direct,-0.046875,-0.14062499999999994,361,ready,selected
134442,000045_raw.jpg,76.25,direct,74.0,0.6,direct,-0.046875,-0.13124999999999992,360,ready,selected
134442,000067_raw.jpg,76.25,direct,73.75,0.6,direct,-0.046875,-0.14062499999999994,361,ready,selected
134442,000089_raw.jpg,76.25,direct,73.75,0.6,direct,-0.046875,-0.14062499999999994,361,ready,selected
134442,000111_raw.jpg,76.25,direct,74.25,0.6,direct,-0.046875,-0.12187499999999993,360,ready,selected
134442,000133_raw.jpg,76.25,direct,73.75,0.6,direct,-0.046875,-0.14062499999999994,361,ready,selected
134442,000155_raw.jpg,76.25,direct,73.75,0.6,direct,-0.046875,-0.14062499999999994,361,ready,selected
134442,000177_raw.jpg,76.25,direct,73.75,0.6,direct,-0.046875,-0.14062499999999994,361,ready,selected
134442,000199_raw.jpg,76.25,direct,73.75,0.6,direct,-0.046875,-0.14062499999999994,361,ready,selected
134442,000221_raw.jpg,76.25,direct,74.0,0.6,direct,-0.046875,-0.13124999999999992,360,ready,selected
134442,000243_raw.jpg,76.25,direct,74.0,0.6,direct,-0.046875,-0.13124999999999992,360,ready,selected
134442,000265_raw.jpg,76.25,direct,73.75,0.6,direct,-0.046875,-0.14062499999999994,361,ready,selected
134442,000287_raw.jpg,76.25,direct,73.75,0.6,direct,-0.046875,-0.14062499999999994,361,ready,selected
134442,000309_raw.jpg,76.25,direct,74.0,0.6,direct,-0.046875,-0.13124999999999992,360,ready,selected
134442,000331_raw.jpg,76.25,direct,74.0,0.6,direct,-0.046875,-0.13124999999999992,360,ready,selected
134442,000353_raw.jpg,76.25,direct,74.0,0.6,direct,-0.046875,-0.13124999999999992,360,ready,selected
134442,000375_raw.jpg,76.25,direct,74.0,0.6,direct,-0.046875,-0.13124999999999992,360,ready,selected
134442,000397_raw.jpg,76.25,direct,73.75,0.6,direct,-0.046875,-0.14062499999999994,361,ready,selected
134442,000419_raw.jpg,76.25,direct,73.75,0.6,direct,-0.046875,-0.14062499999999994,361,ready,selected
134442,000441_raw.jpg,76.25,direct,74.0,0.6,direct,-0.046875,-0.13124999999999992,360,ready,selected
134442,000463_raw.jpg,76.25,direct,74.0,0.6,direct,-0.046875,-0.13124999999999992,360,ready,selected
134442,000485_raw.jpg,76.25,direct,73.75,0.6,direct,-0.046875,-0.14062499999999994,361,ready,selected
134442,000507_raw.jpg,76.25,direct,73.75,0.6,direct,-0.046875,-0.14062499999999994,361,ready,selected
134442,000529_raw.jpg,76.25,direct,73.75,0.6,direct,-0.046875,-0.14062499999999994,361,ready,selected
134442,000551_raw.jpg,76.25,direct,73.75,0.6,direct,-0.046875,-0.14062499999999994,361,ready,selected
134442,000573_raw.jpg,76.25,direct,73.75,0.6,direct,-0.046875,-0.14062499999999994,361,ready,selected
134442,000595_raw.jpg,76.25,direct,73.75,0.6,direct,-0.046875,-0.14062499999999994,361,ready,selected
134442,000617_raw.jpg,76.25,direct,73.75,0.6,direct,-0.046875,-0.14062499999999994,361,ready,selected
134704,000001_raw.jpg,,unavailable,,,unavailable,,,350,unavailable,no_track
134704,000023_raw.jpg,,unavailable,,,unavailable,,,350,unavailable,no_track
134704,000045_raw.jpg,,unavailable,,,unavailable,,,350,unavailable,no_track
134704,000067_raw.jpg,,unavailable,,,unavailable,,,350,unavailable,no_track
134704,000089_raw.jpg,,unavailable,,,unavailable,,,350,unavailable,no_track
134704,000111_raw.jpg,,unavailable,,,unavailable,,,350,unavailable,no_track
134704,000133_raw.jpg,,unavailable,,,unavailable,,,350,unavailable,no_track
134704,000155_raw.jpg,,unavailable,,,unavailable,,,350,unavailable,no_track
134704,000177_raw.jpg,,unavailable,,,unavailable,,,350,unavailable,no_track
134704,000199_raw.jpg,,unavailable,,,unavailable,,,350,unavailable,no_track
134704,000221_raw.jpg,,unavailable,,,unavailable,,,350,unavailable,no_track
134704,000243_raw.jpg,,unavailable,,,unavailable,,,350,unavailable,no_track
134704,000265_raw.jpg,,unavailable,,,unavailable,,,350,unavailable,no_track
134704,000287_raw.jpg,,unavailable,,,unavailable,,,350,unavailable,no_track
134704,000309_raw.jpg,,unavailable,,,unavailable,,,350,unavailable,no_track
134704,000331_raw.jpg,,unavailable,,,unavailable,,,350,unavailable,no_track
134704,000353_raw.jpg,,unavailable,,,unavailable,,,350,unavailable,no_track
134704,000375_raw.jpg,,unavailable,,,unavailable,,,350,unavailable,no_track
134704,000397_raw.jpg,,unavailable,,,unavailable,,,350,unavailable,no_track
134704,000419_raw.jpg,,unavailable,,,unavailable,,,350,unavailable,no_track
134704,000441_raw.jpg,,unavailable,,,unavailable,,,350,unavailable,no_track
134704,000463_raw.jpg,,unavailable,,,unavailable,,,350,unavailable,no_track
134704,000485_raw.jpg,,unavailable,,,unavailable,,,350,unavailable,no_track
134704,000507_raw.jpg,,unavailable,,,unavailable,,,350,unavailable,no_track
134704,000529_raw.jpg,,unavailable,,,unavailable,,,350,unavailable,no_track
134704,000551_raw.jpg,,unavailable,,,unavailable,,,350,unavailable,no_track
134704,000573_raw.jpg,,unavailable,,,unavailable,,,350,unavailable,no_track
134704,000595_raw.jpg,,unavailable,,,unavailable,,,350,unavailable,no_track
134704,000617_raw.jpg,,unavailable,,,unavailable,,,350,unavailable,no_track
150026,000001_raw.jpg,,unavailable,,,unavailable,,,350,unavailable,selected
150026,000023_raw.jpg,,unavailable,,,unavailable,,,350,unavailable,selected
150026,000045_raw.jpg,,unavailable,,,unavailable,,,350,unavailable,selected
150026,000067_raw.jpg,,unavailable,,,unavailable,,,350,unavailable,selected
150026,000089_raw.jpg,,unavailable,,,unavailable,,,350,unavailable,selected
150026,000111_raw.jpg,63.91666666666667,interpolated,71.5,0.55,direct,-0.20104166666666662,-0.05885416666666665,355,ready,selected
150026,000133_raw.jpg,,unavailable,,,unavailable,,,350,unavailable,selected
150026,000155_raw.jpg,,unavailable,,,unavailable,,,350,unavailable,selected
150026,000177_raw.jpg,,unavailable,,,unavailable,,,350,unavailable,selected
150026,000199_raw.jpg,,unavailable,,,unavailable,,,350,unavailable,selected
150026,000221_raw.jpg,,unavailable,,,unavailable,,,350,unavailable,selected
150026,000243_raw.jpg,,unavailable,,,unavailable,,,350,unavailable,selected
150026,000265_raw.jpg,72.33333333333333,interpolated,79.0,0.55,direct,-0.0958333333333334,0.029166666666666716,349,ready,selected
150026,000287_raw.jpg,,unavailable,,,unavailable,,,350,unavailable,selected
150026,000309_raw.jpg,,unavailable,,,unavailable,,,350,unavailable,selected
150026,000331_raw.jpg,,unavailable,,,unavailable,,,350,unavailable,selected
150026,000353_raw.jpg,,unavailable,,,unavailable,,,350,unavailable,selected
150026,000375_raw.jpg,,unavailable,,,unavailable,,,350,unavailable,selected
150026,000397_raw.jpg,,unavailable,,,unavailable,,,350,unavailable,selected
150026,000419_raw.jpg,,unavailable,,,unavailable,,,350,unavailable,selected
150026,000441_raw.jpg,,unavailable,,,unavailable,,,350,unavailable,selected
150026,000463_raw.jpg,,unavailable,,,unavailable,,,350,unavailable,selected
150026,000485_raw.jpg,,unavailable,,,unavailable,,,350,unavailable,selected
150026,000507_raw.jpg,,unavailable,,,unavailable,,,350,unavailable,selected
150026,000529_raw.jpg,,unavailable,,,unavailable,,,350,unavailable,selected
150026,000551_raw.jpg,,unavailable,,,unavailable,,,350,unavailable,selected
150026,000573_raw.jpg,,unavailable,,,unavailable,,,350,unavailable,selected
150026,000595_raw.jpg,,unavailable,,,unavailable,,,350,unavailable,selected
150026,000617_raw.jpg,,unavailable,,,unavailable,,,350,unavailable,selected
152620,000001_raw.jpg,88.25,direct,86.75,0.6,direct,0.103125,0.04687500000000007,348,ready,selected
152620,000022_raw.jpg,82.0,interpolated,80.0,0.55,direct,0.025,-0.012500000000000011,351,ready,selected
152620,000044_raw.jpg,48.5,direct,51.25,0.55,direct,-0.39375,-0.3421875,377,ready,selected
152620,000066_raw.jpg,,unavailable,,,unavailable,,,350,unavailable,selected
152620,000088_raw.jpg,,unavailable,,,unavailable,,,350,unavailable,selected
152620,000110_raw.jpg,,unavailable,,,unavailable,,,350,unavailable,selected
152620,000132_raw.jpg,,unavailable,,,unavailable,,,350,unavailable,selected
152620,000154_raw.jpg,,unavailable,,,unavailable,,,350,unavailable,selected
152620,000176_raw.jpg,,unavailable,,,unavailable,,,350,unavailable,selected
152620,000198_raw.jpg,,unavailable,,,unavailable,,,350,unavailable,selected
152620,000220_raw.jpg,,unavailable,,,unavailable,,,350,unavailable,selected
152620,000242_raw.jpg,,unavailable,,,unavailable,,,350,unavailable,selected
152620,000264_raw.jpg,,unavailable,,,unavailable,,,350,unavailable,selected
152620,000286_raw.jpg,,unavailable,,,unavailable,,,350,unavailable,selected
153324,000001_raw.jpg,85.0,direct,83.5,0.55,direct,0.0625,0.03437499999999999,349,ready,selected
153324,000022_raw.jpg,77.0,interpolated,74.75,0.55,direct,-0.0375,-0.07968750000000002,356,ready,selected
153324,000044_raw.jpg,48.75,direct,46.25,0.55,direct,-0.390625,-0.4375,385,ready,selected
153324,000066_raw.jpg,,unavailable,,,unavailable,,,350,unavailable,selected
153324,000088_raw.jpg,,unavailable,,,unavailable,,,350,unavailable,selected
153324,000110_raw.jpg,,unavailable,,,unavailable,,,350,unavailable,selected
153324,000132_raw.jpg,,unavailable,,,unavailable,,,350,unavailable,selected
153324,000154_raw.jpg,,unavailable,,,unavailable,,,350,unavailable,selected
153324,000176_raw.jpg,,unavailable,,,unavailable,,,350,unavailable,selected
153630,000001_raw.jpg,82.25,direct,74.75,0.55,direct,0.028125,-0.11250000000000006,359,ready,selected
153630,000022_raw.jpg,82.5,direct,74.75,0.55,direct,0.03125,-0.11406250000000004,359,ready,selected
153630,000044_raw.jpg,82.25,direct,75.0,0.55,direct,0.028125,-0.10781250000000002,359,ready,selected
153630,000066_raw.jpg,82.5,direct,75.0,0.55,direct,0.03125,-0.10937500000000006,359,ready,selected
153630,000088_raw.jpg,82.25,direct,75.25,0.55,direct,0.028125,-0.10312500000000001,358,ready,selected
153630,000110_raw.jpg,82.5,direct,74.75,0.55,direct,0.03125,-0.11406250000000004,359,ready,selected
153630,000132_raw.jpg,82.5,direct,74.75,0.55,direct,0.03125,-0.11406250000000004,359,ready,selected
