image,track_status,height_ratio,white_x,yellow_x,center_x
0_cam_image_array_.jpg,selected,0.9,137.0,,
0_cam_image_array_.jpg,selected,0.85,132.5,,
0_cam_image_array_.jpg,selected,0.8,127.5,15.5,71.5
0_cam_image_array_.jpg,selected,0.75,123.0,20.0,71.5
0_cam_image_array_.jpg,selected,0.7,118.0,24.5,71.25
0_cam_image_array_.jpg,selected,0.65,113.0,,
0_cam_image_array_.jpg,selected,0.6,108.0,40.0,74.0
0_cam_image_array_.jpg,selected,0.55,103.5,46.0,74.75
60_cam_image_array_.jpg,selected,0.9,139.0,6.5,72.75
60_cam_image_array_.jpg,selected,0.85,134.5,6.0,70.25
60_cam_image_array_.jpg,selected,0.8,130.0,,
60_cam_image_array_.jpg,selected,0.75,125.5,26.0,75.75
60_cam_image_array_.jpg,selected,0.7,121.0,29.5,75.25
60_cam_image_array_.jpg,selected,0.65,115.5,34.5,75.0
60_cam_image_array_.jpg,selected,0.6,110.0,44.5,77.25
60_cam_image_array_.jpg,selected,0.55,105.5,47.5,76.5
121_cam_image_array_.jpg,selected,0.9,154.5,22.0,88.25
121_cam_image_array_.jpg,selected,0.85,150.0,25.5,87.75
121_cam_image_array_.jpg,selected,0.8,144.5,25.5,85.0
121_cam_image_array_.jpg,selected,0.75,138.5,,
121_cam_image_array_.jpg,selected,0.7,132.0,47.5,89.75
121_cam_image_array_.jpg,selected,0.65,125.5,48.0,86.75
121_cam_image_array_.jpg,selected,0.6,,,
121_cam_image_array_.jpg,selected,0.55,111.0,53.5,82.25
181_cam_image_array_.jpg,selected,0.9,150.0,,
181_cam_image_array_.jpg,selected,0.85,144.0,12.0,78.0
181_cam_image_array_.jpg,selected,0.8,137.0,11.0,74.0
181_cam_image_array_.jpg,selected,0.75,129.0,,
181_cam_image_array_.jpg,selected,0.7,120.0,24.0,72.0
181_cam_image_array_.jpg,selected,0.65,110.5,25.5,68.0
181_cam_image_array_.jpg,selected,0.6,101.0,27.5,64.25
181_cam_image_array_.jpg,selected,0.55,91.5,31.5,61.5
242_cam_image_array_.jpg,selected,0.9,148.5,,
242_cam_image_array_.jpg,selected,0.85,142.5,,
242_cam_image_array_.jpg,selected,0.8,135.5,,
242_cam_image_array_.jpg,selected,0.75,128.0,23.5,75.75
242_cam_image_array_.jpg,selected,0.7,119.5,26.0,72.75
242_cam_image_array_.jpg,selected,0.65,111.0,26.5,68.75
242_cam_image_array_.jpg,selected,0.6,,,
242_cam_image_array_.jpg,selected,0.55,92.5,29.0,60.75
302_cam_image_array_.jpg,selected,0.9,152.0,,
302_cam_image_array_.jpg,selected,0.85,146.0,,
302_cam_image_array_.jpg,selected,0.8,140.0,,
302_cam_image_array_.jpg,selected,0.75,132.5,26.0,79.25
302_cam_image_array_.jpg,selected,0.7,124.5,28.0,76.25
302_cam_image_array_.jpg,selected,0.65,115.5,31.5,73.5
302_cam_image_array_.jpg,selected,0.6,105.0,36.0,70.5
302_cam_image_array_.jpg,selected,0.55,96.0,37.0,66.5
363_cam_image_array_.jpg,selected,0.9,145.5,,
363_cam_image_array_.jpg,selected,0.85,138.0,11.0,74.5
363_cam_image_array_.jpg,selected,0.8,131.0,13.0,72.0
363_cam_image_array_.jpg,selected,0.75,122.5,17.5,70.0
363_cam_image_array_.jpg,selected,0.7,114.5,,
363_cam_image_array_.jpg,selected,0.65,106.0,23.5,64.75
363_cam_image_array_.jpg,selected,0.6,96.0,25.5,60.75
363_cam_image_array_.jpg,selected,0.55,87.5,30.0,58.75
424_cam_image_array_.jpg,selected,0.9,136.0,8.0,72.0
424_cam_image_array_.jpg,selected,0.85,132.0,9.5,70.75
424_cam_image_array_.jpg,selected,0.8,127.5,12.0,69.75
424_cam_image_array_.jpg,selected,0.75,123.0,18.0,70.5
424_cam_image_array_.jpg,selected,0.7,118.5,1.0,59.75
424_cam_image_array_.jpg,selected,0.65,114.0,33.5,73.75
424_cam_image_array_.jpg,selected,0.6,108.5,38.5,73.5
424_cam_image_array_.jpg,selected,0.55,104.5,50.5,77.5
484_cam_image_array_.jpg,selected,0.9,152.0,19.0,85.5
484_cam_image_array_.jpg,selected,0.85,146.0,21.5,83.75
484_cam_image_array_.jpg,selected,0.8,155.5,26.5,91.0
484_cam_image_array_.jpg,selected,0.75,152.0,29.0,90.5
484_cam_image_array_.jpg,selected,0.7,148.5,,
484_cam_image_array_.jpg,selected,0.65,,,
484_cam_image_array_.jpg,selected,0.6,,,
484_cam_image_array_.jpg,selected,0.55,,,
545_cam_image_array_.jpg,selected,0.9,147.5,,
545_cam_image_array_.jpg,selected,0.85,141.0,9.5,75.25
545_cam_image_array_.jpg,selected,0.8,134.0,,
545_cam_image_array_.jpg,selected,0.75,126.5,,
545_cam_image_array_.jpg,selected,0.7,119.0,22.5,70.75
545_cam_image_array_.jpg,selected,0.65,110.0,25.0,67.5
545_cam_image_array_.jpg,selected,0.6,101.0,29.5,65.25
545_cam_image_array_.jpg,selected,0.55,92.5,31.5,62.0
605_cam_image_array_.jpg,selected,0.9,136.0,5.0,70.5
605_cam_image_array_.jpg,selected,0.85,129.5,6.0,67.75
605_cam_image_array_.jpg,selected,0.8,123.0,,
605_cam_image_array_.jpg,selected,0.75,116.0,,
605_cam_image_array_.jpg,selected,0.7,108.5,16.5,62.5
605_cam_image_array_.jpg,selected,0.65,100.5,18.5,59.5
605_cam_image_array_.jpg,selected,0.6,93.0,22.5,57.75
605_cam_image_array_.jpg,selected,0.55,85.0,25.5,55.25
666_cam_image_array_.jpg,selected,0.9,146.0,,
666_cam_image_array_.jpg,selected,0.85,140.0,13.5,76.75
666_cam_image_array_.jpg,selected,0.8,133.0,15.0,74.0
666_cam_image_array_.jpg,selected,0.75,125.5,,
666_cam_image_array_.jpg,selected,0.7,118.0,,
666_cam_image_array_.jpg,selected,0.65,110.0,26.0,68.0
666_cam_image_array_.jpg,selected,0.6,102.0,28.5,65.25
666_cam_image_array_.jpg,selected,0.55,93.5,35.5,64.5
727_cam_image_array_.jpg,selected,0.9,130.5,,
727_cam_image_array_.jpg,selected,0.85,127.0,9.0,68.0
727_cam_image_array_.jpg,selected,0.8,122.5,9.0,65.75
727_cam_image_array_.jpg,selected,0.75,119.0,14.5,66.75
727_cam_image_array_.jpg,selected,0.7,114.5,19.0,66.75
727_cam_image_array_.jpg,selected,0.65,110.0,33.5,71.75
727_cam_image_array_.jpg,selected,0.6,105.5,36.0,70.75
727_cam_image_array_.jpg,selected,0.55,101.5,49.0,75.25
787_cam_image_array_.jpg,selected,0.9,141.5,7.5,74.5
787_cam_image_array_.jpg,selected,0.85,137.5,12.0,74.75
787_cam_image_array_.jpg,selected,0.8,133.0,15.5,74.25
787_cam_image_array_.jpg,selected,0.75,128.5,,
787_cam_image_array_.jpg,selected,0.7,124.0,34.5,79.25
787_cam_image_array_.jpg,selected,0.65,119.0,37.0,78.0
787_cam_image_array_.jpg,selected,0.6,114.0,41.5,77.75
787_cam_image_array_.jpg,selected,0.55,109.5,52.0,80.75
848_cam_image_array_.jpg,selected,0.9,146.5,14.0,80.25
848_cam_image_array_.jpg,selected,0.85,142.0,17.0,79.5
848_cam_image_array_.jpg,selected,0.8,136.5,22.5,79.5
848_cam_image_array_.jpg,selected,0.75,132.5,25.0,78.75
848_cam_image_array_.jpg,selected,0.7,125.0,38.5,81.75
848_cam_image_array_.jpg,selected,0.65,121.0,40.5,80.75
848_cam_image_array_.jpg,selected,0.6,115.0,44.5,79.75
848_cam_image_array_.jpg,selected,0.55,110.0,53.0,81.5
908_cam_image_array_.jpg,selected,0.9,146.5,11.5,79.0
908_cam_image_array_.jpg,selected,0.85,141.0,,
908_cam_image_array_.jpg,selected,0.8,135.0,,
908_cam_image_array_.jpg,selected,0.75,128.0,24.0,76.0
908_cam_image_array_.jpg,selected,0.7,121.0,27.5,74.25
908_cam_image_array_.jpg,selected,0.65,113.5,30.0,71.75
908_cam_image_array_.jpg,selected,0.6,105.5,33.5,69.5
908_cam_image_array_.jpg,selected,0.55,97.0,37.5,67.25
969_cam_image_array_.jpg,selected,0.9,57.0,,
969_cam_image_array_.jpg,selected,0.85,54.0,,
969_cam_image_array_.jpg,selected,0.8,51.5,,
969_cam_image_array_.jpg,selected,0.75,49.5,,
969_cam_image_array_.jpg,selected,0.7,47.5,,
969_cam_image_array_.jpg,selected,0.65,45.0,,
969_cam_image_array_.jpg,selected,0.6,41.5,,
969_cam_image_array_.jpg,selected,0.55,38.5,,
1029_cam_image_array_.jpg,selected,0.9,150.0,,
1029_cam_image_array_.jpg,selected,0.85,145.0,,
1029_cam_image_array_.jpg,selected,0.8,138.0,,
1029_cam_image_array_.jpg,selected,0.75,130.0,27.5,78.75
1029_cam_image_array_.jpg,selected,0.7,124.5,30.5,77.5
1029_cam_image_array_.jpg,selected,0.65,118.0,34.5,76.25
1029_cam_image_array_.jpg,selected,0.6,111.0,42.0,76.5
1029_cam_image_array_.jpg,selected,0.55,103.0,43.0,73.0
1090_cam_image_array_.jpg,selected,0.9,151.5,,
1090_cam_image_array_.jpg,selected,0.85,145.5,18.0,81.75
1090_cam_image_array_.jpg,selected,0.8,139.0,19.0,79.0
1090_cam_image_array_.jpg,selected,0.75,132.5,,
1090_cam_image_array_.jpg,selected,0.7,124.5,31.0,77.75
1090_cam_image_array_.jpg,selected,0.65,116.0,31.5,73.75
1090_cam_image_array_.jpg,selected,0.6,106.0,33.5,69.75
1090_cam_image_array_.jpg,selected,0.55,96.5,37.0,66.75
1151_cam_image_array_.jpg,selected,0.9,145.5,,
1151_cam_image_array_.jpg,selected,0.85,139.0,,
1151_cam_image_array_.jpg,selected,0.8,132.0,,
1151_cam_image_array_.jpg,selected,0.75,123.5,19.0,71.25
1151_cam_image_array_.jpg,selected,0.7,115.0,,
1151_cam_image_array_.jpg,selected,0.65,106.5,23.5,65.0
1151_cam_image_array_.jpg,selected,0.6,97.0,26.0,61.5
1151_cam_image_array_.jpg,selected,0.55,88.0,28.0,58.0
1211_cam_image_array_.jpg,selected,0.9,146.5,,
1211_cam_image_array_.jpg,selected,0.85,141.5,19.0,80.25
1211_cam_image_array_.jpg,selected,0.8,137.0,20.5,78.75
1211_cam_image_array_.jpg,selected,0.75,131.5,27.0,79.25
1211_cam_image_array_.jpg,selected,0.7,126.0,29.5,77.75
1211_cam_image_array_.jpg,selected,0.65,120.0,42.5,81.25
1211_cam_image_array_.jpg,selected,0.6,115.0,45.0,80.0
1211_cam_image_array_.jpg,selected,0.55,109.0,,
1272_cam_image_array_.jpg,selected,0.9,150.5,,
1272_cam_image_array_.jpg,selected,0.85,145.0,,
1272_cam_image_array_.jpg,selected,0.8,139.5,27.0,83.25
1272_cam_image_array_.jpg,selected,0.75,134.0,29.5,81.75
1272_cam_image_array_.jpg,selected,0.7,128.0,34.0,81.0
1272_cam_image_array_.jpg,selected,0.65,122.0,,
1272_cam_image_array_.jpg,selected,0.6,,,
1272_cam_image_array_.jpg,selected,0.55,110.0,51.0,80.5
1332_cam_image_array_.jpg,uncertain,0.9,,,
1332_cam_image_array_.jpg,uncertain,0.85,,,
1332_cam_image_array_.jpg,uncertain,0.8,,,
1332_cam_image_array_.jpg,uncertain,0.75,,,
1332_cam_image_array_.jpg,uncertain,0.7,,,
1332_cam_image_array_.jpg,uncertain,0.65,,,
1332_cam_image_array_.jpg,uncertain,0.6,,,
1332_cam_image_array_.jpg,uncertain,0.55,,,
1393_cam_image_array_.jpg,selected,0.9,152.0,,
1393_cam_image_array_.jpg,selected,0.85,146.0,23.5,84.75
1393_cam_image_array_.jpg,selected,0.8,139.0,24.0,81.5
1393_cam_image_array_.jpg,selected,0.75,132.0,26.5,79.25
1393_cam_image_array_.jpg,selected,0.7,123.5,29.5,76.5
1393_cam_image_array_.jpg,selected,0.65,115.0,,
1393_cam_image_array_.jpg,selected,0.6,105.0,36.5,70.75
1393_cam_image_array_.jpg,selected,0.55,96.0,37.0,66.5
1454_cam_image_array_.jpg,no_track,0.9,,,
1454_cam_image_array_.jpg,no_track,0.85,,,
1454_cam_image_array_.jpg,no_track,0.8,,,
1454_cam_image_array_.jpg,no_track,0.75,,,
1454_cam_image_array_.jpg,no_track,0.7,,,
1454_cam_image_array_.jpg,no_track,0.65,,,
1454_cam_image_array_.jpg,no_track,0.6,,,
1454_cam_image_array_.jpg,no_track,0.55,,,
1514_cam_image_array_.jpg,selected,0.9,155.0,,
1514_cam_image_array_.jpg,selected,0.85,151.5,,
1514_cam_image_array_.jpg,selected,0.8,144.0,23.0,83.5
1514_cam_image_array_.jpg,selected,0.75,136.0,24.5,80.25
1514_cam_image_array_.jpg,selected,0.7,128.0,29.0,78.5
1514_cam_image_array_.jpg,selected,0.65,118.5,,
1514_cam_image_array_.jpg,selected,0.6,109.0,38.5,73.75
1514_cam_image_array_.jpg,selected,0.55,101.0,39.0,70.0
1575_cam_image_array_.jpg,selected,0.9,148.0,17.5,82.75
1575_cam_image_array_.jpg,selected,0.85,142.0,17.0,79.5
1575_cam_image_array_.jpg,selected,0.8,136.5,20.5,78.5
1575_cam_image_array_.jpg,selected,0.75,130.0,25.5,77.75
1575_cam_image_array_.jpg,selected,0.7,123.5,,
1575_cam_image_array_.jpg,selected,0.65,117.0,38.5,77.75
1575_cam_image_array_.jpg,selected,0.6,122.5,41.0,81.75
1575_cam_image_array_.jpg,selected,0.55,119.0,49.0,84.0
1635_cam_image_array_.jpg,selected,0.9,153.0,,
1635_cam_image_array_.jpg,selected,0.85,148.5,,
1635_cam_image_array_.jpg,selected,0.8,143.5,36.0,89.75
1635_cam_image_array_.jpg,selected,0.75,138.0,36.0,87.0
1635_cam_image_array_.jpg,selected,0.7,132.0,41.5,86.75
1635_cam_image_array_.jpg,selected,0.65,127.0,43.0,85.0
1635_cam_image_array_.jpg,selected,0.6,119.5,53.5,86.5
1635_cam_image_array_.jpg,selected,0.55,114.5,56.0,85.25
1696_cam_image_array_.jpg,selected,0.9,156.5,,
1696_cam_image_array_.jpg,selected,0.85,154.0,36.5,95.25
1696_cam_image_array_.jpg,selected,0.8,148.5,36.5,92.5
1696_cam_image_array_.jpg,selected,0.75,143.0,41.5,92.25
1696_cam_image_array_.jpg,selected,0.7,136.5,45.0,90.75
1696_cam_image_array_.jpg,selected,0.65,130.5,,
1696_cam_image_array_.jpg,selected,0.6,123.0,58.5,90.75
1696_cam_image_array_.jpg,selected,0.55,116.5,59.5,88.0
1757_cam_image_array_.jpg,selected,0.9,147.5,,
1757_cam_image_array_.jpg,selected,0.85,140.0,10.0,75.0
1757_cam_image_array_.jpg,selected,0.8,131.5,13.5,72.5
1757_cam_image_array_.jpg,selected,0.75,123.0,14.5,68.75
1757_cam_image_array_.jpg,selected,0.7,113.5,,
1757_cam_image_array_.jpg,selected,0.65,103.0,21.0,62.0
1757_cam_image_array_.jpg,selected,0.6,93.0,21.5,57.25
1757_cam_image_array_.jpg,selected,0.55,85.5,23.0,54.25
1817_cam_image_array_.jpg,selected,0.9,144.0,8.5,76.25
1817_cam_image_array_.jpg,selected,0.85,139.0,9.5,74.25
1817_cam_image_array_.jpg,selected,0.8,133.5,,
1817_cam_image_array_.jpg,selected,0.75,127.5,,
1817_cam_image_array_.jpg,selected,0.7,121.0,27.5,74.25
1817_cam_image_array_.jpg,selected,0.65,113.5,30.0,71.75
1817_cam_image_array_.jpg,selected,0.6,105.5,,
1817_cam_image_array_.jpg,selected,0.55,98.0,38.5,68.25
1878_cam_image_array_.jpg,selected,0.9,153.5,,
1878_cam_image_array_.jpg,selected,0.85,149.0,25.0,87.0
1878_cam_image_array_.jpg,selected,0.8,142.0,22.5,82.25
1878_cam_image_array_.jpg,selected,0.75,133.5,25.5,79.5
1878_cam_image_array_.jpg,selected,0.7,124.5,26.5,75.5
1878_cam_image_array_.jpg,selected,0.65,115.0,,
1878_cam_image_array_.jpg,selected,0.6,104.0,32.5,68.25
1878_cam_image_array_.jpg,selected,0.55,96.5,34.5,65.5
1938_cam_image_array_.jpg,selected,0.9,148.0,12.5,80.25
1938_cam_image_array_.jpg,selected,0.85,143.0,13.0,78.0
1938_cam_image_array_.jpg,selected,0.8,135.5,16.5,76.0
1938_cam_image_array_.jpg,selected,0.75,128.0,19.0,73.5
1938_cam_image_array_.jpg,selected,0.7,120.5,,
1938_cam_image_array_.jpg,selected,0.65,112.0,29.5,70.75
1938_cam_image_array_.jpg,selected,0.6,102.0,30.5,66.25
1938_cam_image_array_.jpg,selected,0.55,93.5,30.0,61.75
1999_cam_image_array_.jpg,selected,0.9,136.0,5.5,70.75
1999_cam_image_array_.jpg,selected,0.85,132.0,8.5,70.25
1999_cam_image_array_.jpg,selected,0.8,127.5,13.0,70.25
1999_cam_image_array_.jpg,selected,0.75,123.0,16.5,69.75
1999_cam_image_array_.jpg,selected,0.7,118.5,1.0,59.75
1999_cam_image_array_.jpg,selected,0.65,114.0,33.5,73.75
1999_cam_image_array_.jpg,selected,0.6,109.0,39.0,74.0
1999_cam_image_array_.jpg,selected,0.55,105.0,49.0,77.0
2059_cam_image_array_.jpg,selected,0.9,150.0,20.0,85.0
2059_cam_image_array_.jpg,selected,0.85,146.5,21.5,84.0
2059_cam_image_array_.jpg,selected,0.8,141.0,25.0,83.0
2059_cam_image_array_.jpg,selected,0.75,136.0,29.5,82.75
2059_cam_image_array_.jpg,selected,0.7,129.5,28.5,79.0
2059_cam_image_array_.jpg,selected,0.65,123.0,45.0,84.0
2059_cam_image_array_.jpg,selected,0.6,,,
2059_cam_image_array_.jpg,selected,0.55,111.0,,
2120_cam_image_array_.jpg,selected,0.9,146.0,,
2120_cam_image_array_.jpg,selected,0.85,139.5,11.5,75.5
2120_cam_image_array_.jpg,selected,0.8,132.5,14.5,73.5
2120_cam_image_array_.jpg,selected,0.75,125.0,15.5,70.25
2120_cam_image_array_.jpg,selected,0.7,117.0,,
2120_cam_image_array_.jpg,selected,0.65,108.5,24.5,66.5
2120_cam_image_array_.jpg,selected,0.6,99.5,26.5,63.0
2120_cam_image_array_.jpg,selected,0.55,91.5,30.5,61.0
2181_cam_image_array_.jpg,selected,0.9,150.0,,
2181_cam_image_array_.jpg,selected,0.85,142.5,,
2181_cam_image_array_.jpg,selected,0.8,135.5,21.0,78.25
2181_cam_image_array_.jpg,selected,0.75,127.5,22.0,74.75
2181_cam_image_array_.jpg,selected,0.7,120.0,25.0,72.5
2181_cam_image_array_.jpg,selected,0.65,111.5,25.0,68.25
2181_cam_image_array_.jpg,selected,0.6,102.0,30.5,66.25
2181_cam_image_array_.jpg,selected,0.55,93.5,31.5,62.5
2241_cam_image_array_.jpg,selected,0.9,153.5,,
2241_cam_image_array_.jpg,selected,0.85,149.0,,
2241_cam_image_array_.jpg,selected,0.8,142.5,,
2241_cam_image_array_.jpg,selected,0.75,135.0,32.5,83.75
2241_cam_image_array_.jpg,selected,0.7,126.5,33.0,79.75
2241_cam_image_array_.jpg,selected,0.65,118.0,35.5,76.75
2241_cam_image_array_.jpg,selected,0.6,108.5,,
2241_cam_image_array_.jpg,selected,0.55,99.5,37.0,68.25
2302_cam_image_array_.jpg,selected,0.9,129.5,2.0,65.75
2302_cam_image_array_.jpg,selected,0.85,124.0,2.5,63.25
2302_cam_image_array_.jpg,selected,0.8,118.5,,
2302_cam_image_array_.jpg,selected,0.75,112.5,,
2302_cam_image_array_.jpg,selected,0.7,106.0,16.0,61.0
2302_cam_image_array_.jpg,selected,0.65,100.5,20.5,60.5
2302_cam_image_array_.jpg,selected,0.6,94.5,30.5,62.5
2302_cam_image_array_.jpg,selected,0.55,89.5,33.0,61.25
2362_cam_image_array_.jpg,selected,0.9,144.5,12.0,78.25
2362_cam_image_array_.jpg,selected,0.85,140.0,14.5,77.25
2362_cam_image_array_.jpg,selected,0.8,135.0,20.5,77.75
2362_cam_image_array_.jpg,selected,0.75,130.5,22.0,76.25
2362_cam_image_array_.jpg,selected,0.7,126.0,,
2362_cam_image_array_.jpg,selected,0.65,120.5,41.5,81.0
2362_cam_image_array_.jpg,selected,0.6,115.5,45.5,80.5
2362_cam_image_array_.jpg,selected,0.55,110.5,54.5,82.5
2423_cam_image_array_.jpg,selected,0.9,155.0,,
2423_cam_image_array_.jpg,selected,0.85,151.5,,
2423_cam_image_array_.jpg,selected,0.8,146.5,,
2423_cam_image_array_.jpg,selected,0.75,141.0,41.5,91.25
2423_cam_image_array_.jpg,selected,0.7,134.5,45.0,89.75
2423_cam_image_array_.jpg,selected,0.65,128.0,47.5,87.75
2423_cam_image_array_.jpg,selected,0.6,119.5,51.5,85.5
2423_cam_image_array_.jpg,selected,0.55,112.5,52.5,82.5
2484_cam_image_array_.jpg,selected,0.9,156.0,23.0,89.5
2484_cam_image_array_.jpg,selected,0.85,153.0,26.0,89.5
2484_cam_image_array_.jpg,selected,0.8,146.5,28.0,87.25
2484_cam_image_array_.jpg,selected,0.75,139.0,31.0,85.0
2484_cam_image_array_.jpg,selected,0.7,131.5,,
2484_cam_image_array_.jpg,selected,0.65,121.5,38.5,80.0
2484_cam_image_array_.jpg,selected,0.6,112.0,40.0,76.0
2484_cam_image_array_.jpg,selected,0.55,102.5,,
2544_cam_image_array_.jpg,selected,0.9,130.5,,
2544_cam_image_array_.jpg,selected,0.85,124.0,,
2544_cam_image_array_.jpg,selected,0.8,118.0,,
2544_cam_image_array_.jpg,selected,0.75,111.5,11.5,61.5
2544_cam_image_array_.jpg,selected,0.7,104.5,15.0,59.75
2544_cam_image_array_.jpg,selected,0.65,98.0,18.0,58.0
2544_cam_image_array_.jpg,selected,0.6,90.5,23.5,57.0
2544_cam_image_array_.jpg,selected,0.55,84.0,26.5,55.25
2605_cam_image_array_.jpg,selected,0.9,144.5,,
2605_cam_image_array_.jpg,selected,0.85,139.0,10.5,74.75
2605_cam_image_array_.jpg,selected,0.8,132.5,,
2605_cam_image_array_.jpg,selected,0.75,124.5,,
2605_cam_image_array_.jpg,selected,0.7,115.0,21.0,68.0
2605_cam_image_array_.jpg,selected,0.65,106.0,24.0,65.0
2605_cam_image_array_.jpg,selected,0.6,98.5,,
2605_cam_image_array_.jpg,selected,0.55,91.5,,
2665_cam_image_array_.jpg,selected,0.9,,,
2665_cam_image_array_.jpg,selected,0.85,156.0,,
2665_cam_image_array_.jpg,selected,0.8,153.0,,
2665_cam_image_array_.jpg,selected,0.75,145.5,40.5,93.0
2665_cam_image_array_.jpg,selected,0.7,138.5,43.5,91.0
2665_cam_image_array_.jpg,selected,0.65,158.0,45.5,101.75
2665_cam_image_array_.jpg,selected,0.6,154.0,48.0,101.0
2665_cam_image_array_.jpg,selected,0.55,151.5,49.0,100.25
2726_cam_image_array_.jpg,selected,0.9,151.5,,
2726_cam_image_array_.jpg,selected,0.85,144.0,,
2726_cam_image_array_.jpg,selected,0.8,134.5,,
2726_cam_image_array_.jpg,selected,0.75,125.0,18.0,71.5
2726_cam_image_array_.jpg,selected,0.7,115.5,20.5,68.0
2726_cam_image_array_.jpg,selected,0.65,105.0,24.5,64.75
2726_cam_image_array_.jpg,selected,0.6,95.0,27.0,61.0
2726_cam_image_array_.jpg,selected,0.55,86.0,27.0,56.5
2787_cam_image_array_.jpg,selected,0.9,144.0,12.0,78.0
2787_cam_image_array_.jpg,selected,0.85,138.0,14.5,76.25
2787_cam_image_array_.jpg,selected,0.8,131.5,,
2787_cam_image_array_.jpg,selected,0.75,124.5,18.5,71.5
2787_cam_image_array_.jpg,selected,0.7,117.5,,
2787_cam_image_array_.jpg,selected,0.65,109.5,26.0,67.75
2787_cam_image_array_.jpg,selected,0.6,101.0,27.5,64.25
2787_cam_image_array_.jpg,selected,0.55,91.5,,
2847_cam_image_array_.jpg,selected,0.9,150.0,,
2847_cam_image_array_.jpg,selected,0.85,143.5,,
2847_cam_image_array_.jpg,selected,0.8,136.5,,
2847_cam_image_array_.jpg,selected,0.75,129.0,25.0,77.0
2847_cam_image_array_.jpg,selected,0.7,121.0,26.5,73.75
2847_cam_image_array_.jpg,selected,0.65,113.0,30.0,71.5
2847_cam_image_array_.jpg,selected,0.6,105.0,37.0,71.0
2847_cam_image_array_.jpg,selected,0.55,98.0,39.0,68.5
2908_cam_image_array_.jpg,selected,0.9,157.0,,
2908_cam_image_array_.jpg,selected,0.85,154.5,40.5,97.5
2908_cam_image_array_.jpg,selected,0.8,149.5,40.0,94.75
2908_cam_image_array_.jpg,selected,0.75,144.5,45.0,94.75
2908_cam_image_array_.jpg,selected,0.7,146.0,46.0,96.0
2908_cam_image_array_.jpg,selected,0.65,,,
2908_cam_image_array_.jpg,selected,0.6,,,
2908_cam_image_array_.jpg,selected,0.55,,,
2968_cam_image_array_.jpg,no_track,0.9,,,
2968_cam_image_array_.jpg,no_track,0.85,,,
2968_cam_image_array_.jpg,no_track,0.8,,,
2968_cam_image_array_.jpg,no_track,0.75,,,
2968_cam_image_array_.jpg,no_track,0.7,,,
2968_cam_image_array_.jpg,no_track,0.65,,,
2968_cam_image_array_.jpg,no_track,0.6,,,
2968_cam_image_array_.jpg,no_track,0.55,,,
3029_cam_image_array_.jpg,selected,0.9,150.5,,
3029_cam_image_array_.jpg,selected,0.85,143.0,9.5,76.25
3029_cam_image_array_.jpg,selected,0.8,134.5,12.0,73.25
3029_cam_image_array_.jpg,selected,0.75,126.0,,
3029_cam_image_array_.jpg,selected,0.7,116.5,,
3029_cam_image_array_.jpg,selected,0.65,107.0,20.5,63.75
3029_cam_image_array_.jpg,selected,0.6,96.5,21.5,59.0
3029_cam_image_array_.jpg,selected,0.55,87.0,25.5,56.25
3089_cam_image_array_.jpg,selected,0.9,134.0,,
3089_cam_image_array_.jpg,selected,0.85,127.5,,
3089_cam_image_array_.jpg,selected,0.8,121.5,,
3089_cam_image_array_.jpg,selected,0.75,115.5,16.0,65.75
3089_cam_image_array_.jpg,selected,0.7,108.0,16.5,62.25
3089_cam_image_array_.jpg,selected,0.65,100.5,20.5,60.5
3089_cam_image_array_.jpg,selected,0.6,92.5,27.0,59.75
3089_cam_image_array_.jpg,selected,0.55,85.0,26.0,55.5
3150_cam_image_array_.jpg,selected,0.9,146.0,10.0,78.0
3150_cam_image_array_.jpg,selected,0.85,139.5,12.5,76.0
3150_cam_image_array_.jpg,selected,0.8,133.0,16.5,74.75
3150_cam_image_array_.jpg,selected,0.75,126.0,18.0,72.0
3150_cam_image_array_.jpg,selected,0.7,118.5,,
3150_cam_image_array_.jpg,selected,0.65,110.5,29.0,69.75
3150_cam_image_array_.jpg,selected,0.6,121.5,30.5,76.0
3150_cam_image_array_.jpg,selected,0.55,119.0,,
3211_cam_image_array_.jpg,selected,0.9,145.0,,
3211_cam_image_array_.jpg,selected,0.85,139.0,3.0,71.0
3211_cam_image_array_.jpg,selected,0.8,133.0,,
3211_cam_image_array_.jpg,selected,0.75,125.5,22.0,73.75
3211_cam_image_array_.jpg,selected,0.7,117.5,24.0,70.75
3211_cam_image_array_.jpg,selected,0.65,109.5,27.5,68.5
3211_cam_image_array_.jpg,selected,0.6,101.0,,
3211_cam_image_array_.jpg,selected,0.55,92.5,30.5,61.5
3271_cam_image_array_.jpg,selected,0.9,146.0,,
3271_cam_image_array_.jpg,selected,0.85,140.0,9.0,74.5
3271_cam_image_array_.jpg,selected,0.8,133.0,,
3271_cam_image_array_.jpg,selected,0.75,125.0,,
3271_cam_image_array_.jpg,selected,0.7,116.5,21.5,69.0
3271_cam_image_array_.jpg,selected,0.65,107.5,23.5,65.5
3271_cam_image_array_.jpg,selected,0.6,98.0,26.0,62.0
3271_cam_image_array_.jpg,selected,0.55,89.0,27.5,58.25
3332_cam_image_array_.jpg,selected,0.9,149.5,17.5,83.5
3332_cam_image_array_.jpg,selected,0.85,144.0,18.5,81.25
3332_cam_image_array_.jpg,selected,0.8,137.5,22.5,80.0
3332_cam_image_array_.jpg,selected,0.75,132.0,26.5,79.25
3332_cam_image_array_.jpg,selected,0.7,125.5,,
3332_cam_image_array_.jpg,selected,0.65,119.0,40.0,79.5
3332_cam_image_array_.jpg,selected,0.6,,,
3332_cam_image_array_.jpg,selected,0.55,106.5,,
3392_cam_image_array_.jpg,selected,0.9,157.5,30.0,93.75
3392_cam_image_array_.jpg,selected,0.85,155.0,31.0,93.0
3392_cam_image_array_.jpg,selected,0.8,150.0,,
3392_cam_image_array_.jpg,selected,0.75,144.0,48.0,96.0
3392_cam_image_array_.jpg,selected,0.7,137.0,48.5,92.75
3392_cam_image_array_.jpg,selected,0.65,130.5,52.5,91.5
3392_cam_image_array_.jpg,selected,0.6,,,
3392_cam_image_array_.jpg,selected,0.55,117.5,61.5,89.5
3453_cam_image_array_.jpg,selected,0.9,157.0,,
3453_cam_image_array_.jpg,selected,0.85,154.0,,
3453_cam_image_array_.jpg,selected,0.8,148.5,38.0,93.25
3453_cam_image_array_.jpg,selected,0.75,156.0,41.0,98.5
3453_cam_image_array_.jpg,selected,0.7,152.0,44.0,98.0
3453_cam_image_array_.jpg,selected,0.65,148.5,47.0,97.75
3453_cam_image_array_.jpg,selected,0.6,,,
3453_cam_image_array_.jpg,selected,0.55,157.5,57.5,107.5
3514_cam_image_array_.jpg,selected,0.9,154.5,18.5,86.5
3514_cam_image_array_.jpg,selected,0.85,150.0,20.5,85.25
3514_cam_image_array_.jpg,selected,0.8,142.0,24.5,83.25
3514_cam_image_array_.jpg,selected,0.75,134.5,25.5,80.0
3514_cam_image_array_.jpg,selected,0.7,125.5,,
3514_cam_image_array_.jpg,selected,0.65,117.0,32.5,74.75
3514_cam_image_array_.jpg,selected,0.6,106.5,33.0,69.75
3514_cam_image_array_.jpg,selected,0.55,97.5,,
3574_cam_image_array_.jpg,selected,0.9,153.5,,
3574_cam_image_array_.jpg,selected,0.85,148.5,23.5,86.0
3574_cam_image_array_.jpg,selected,0.8,142.0,24.5,83.25
3574_cam_image_array_.jpg,selected,0.75,137.0,26.5,81.75
3574_cam_image_array_.jpg,selected,0.7,129.0,29.0,79.0
3574_cam_image_array_.jpg,selected,0.65,120.0,,
3574_cam_image_array_.jpg,selected,0.6,109.0,36.0,72.5
3574_cam_image_array_.jpg,selected,0.55,98.5,36.0,67.25
3635_cam_image_array_.jpg,selected,0.9,151.5,,
3635_cam_image_array_.jpg,selected,0.85,145.5,17.5,81.5
3635_cam_image_array_.jpg,selected,0.8,138.0,19.0,78.5
3635_cam_image_array_.jpg,selected,0.75,131.0,21.5,76.25
3635_cam_image_array_.jpg,selected,0.7,122.5,25.5,74.0
3635_cam_image_array_.jpg,selected,0.65,114.0,30.0,72.0
3635_cam_image_array_.jpg,selected,0.6,104.5,32.5,68.5
3635_cam_image_array_.jpg,selected,0.55,95.0,32.0,63.5
3695_cam_image_array_.jpg,selected,0.9,149.0,,
3695_cam_image_array_.jpg,selected,0.85,144.0,16.0,80.0
3695_cam_image_array_.jpg,selected,0.8,138.0,20.0,79.0
3695_cam_image_array_.jpg,selected,0.75,132.0,21.0,76.5
3695_cam_image_array_.jpg,selected,0.7,125.5,,
3695_cam_image_array_.jpg,selected,0.65,117.5,34.0,75.75
3695_cam_image_array_.jpg,selected,0.6,108.5,36.0,72.25
3695_cam_image_array_.jpg,selected,0.55,100.0,40.0,70.0
3756_cam_image_array_.jpg,selected,0.9,153.5,,
3756_cam_image_array_.jpg,selected,0.85,149.0,20.0,84.5
3756_cam_image_array_.jpg,selected,0.8,142.0,25.0,83.5
3756_cam_image_array_.jpg,selected,0.75,134.5,25.5,80.0
3756_cam_image_array_.jpg,selected,0.7,126.0,,
3756_cam_image_array_.jpg,selected,0.65,117.0,36.5,76.75
3756_cam_image_array_.jpg,selected,0.6,108.0,39.0,73.5
3756_cam_image_array_.jpg,selected,0.55,99.5,,
3817_cam_image_array_.jpg,selected,0.9,154.0,,
3817_cam_image_array_.jpg,selected,0.85,149.0,19.5,84.25
3817_cam_image_array_.jpg,selected,0.8,142.0,,
3817_cam_image_array_.jpg,selected,0.75,134.5,,
3817_cam_image_array_.jpg,selected,0.7,126.5,30.0,78.25
3817_cam_image_array_.jpg,selected,0.65,117.0,32.0,74.5
3817_cam_image_array_.jpg,selected,0.6,106.5,35.0,70.75
3817_cam_image_array_.jpg,selected,0.55,97.5,36.0,66.75
3877_cam_image_array_.jpg,selected,0.9,146.0,,
3877_cam_image_array_.jpg,selected,0.85,141.0,,
3877_cam_image_array_.jpg,selected,0.8,135.5,21.5,78.5
3877_cam_image_array_.jpg,selected,0.75,130.0,26.0,78.0
3877_cam_image_array_.jpg,selected,0.7,123.5,28.5,76.0
3877_cam_image_array_.jpg,selected,0.65,118.0,,
3877_cam_image_array_.jpg,selected,0.6,111.5,43.5,77.5
3877_cam_image_array_.jpg,selected,0.55,106.0,47.0,76.5
3938_cam_image_array_.jpg,selected,0.9,156.5,27.0,91.75
3938_cam_image_array_.jpg,selected,0.85,154.5,31.5,93.0
3938_cam_image_array_.jpg,selected,0.8,149.5,37.0,93.25
3938_cam_image_array_.jpg,selected,0.75,156.5,,
3938_cam_image_array_.jpg,selected,0.7,153.0,,
3938_cam_image_array_.jpg,selected,0.65,,,
3938_cam_image_array_.jpg,selected,0.6,,,
3938_cam_image_array_.jpg,selected,0.55,,,
3998_cam_image_array_.jpg,selected,0.9,158.0,36.0,97.0
3998_cam_image_array_.jpg,selected,0.85,155.0,34.5,94.75
3998_cam_image_array_.jpg,selected,0.8,150.5,36.5,93.5
3998_cam_image_array_.jpg,selected,0.75,144.5,41.0,92.75
3998_cam_image_array_.jpg,selected,0.7,145.5,43.5,94.5
3998_cam_image_array_.jpg,selected,0.65,,,
3998_cam_image_array_.jpg,selected,0.6,,,
3998_cam_image_array_.jpg,selected,0.55,,,
4059_cam_image_array_.jpg,selected,0.9,158.5,32.0,95.25
4059_cam_image_array_.jpg,selected,0.85,155.5,34.5,95.0
4059_cam_image_array_.jpg,selected,0.8,151.0,37.5,94.25
4059_cam_image_array_.jpg,selected,0.75,145.0,39.0,92.0
4059_cam_image_array_.jpg,selected,0.7,137.5,,
4059_cam_image_array_.jpg,selected,0.65,128.5,46.0,87.25
4059_cam_image_array_.jpg,selected,0.6,118.5,47.5,83.0
4059_cam_image_array_.jpg,selected,0.55,110.0,,
4119_cam_image_array_.jpg,selected,0.9,150.5,,
4119_cam_image_array_.jpg,selected,0.85,143.5,15.0,79.25
4119_cam_image_array_.jpg,selected,0.8,136.5,14.5,75.5
4119_cam_image_array_.jpg,selected,0.75,129.0,,
4119_cam_image_array_.jpg,selected,0.7,121.0,28.0,74.5
4119_cam_image_array_.jpg,selected,0.65,112.0,29.0,70.5
4119_cam_image_array_.jpg,selected,0.6,102.5,29.5,66.0
4119_cam_image_array_.jpg,selected,0.55,93.0,,
4180_cam_image_array_.jpg,selected,0.9,145.5,11.0,78.25
4180_cam_image_array_.jpg,selected,0.85,140.5,10.5,75.5
4180_cam_image_array_.jpg,selected,0.8,134.5,,
4180_cam_image_array_.jpg,selected,0.75,128.0,,
4180_cam_image_array_.jpg,selected,0.7,121.0,28.5,74.75
4180_cam_image_array_.jpg,selected,0.65,114.0,30.0,72.0
4180_cam_image_array_.jpg,selected,0.6,,,
4180_cam_image_array_.jpg,selected,0.55,98.0,38.0,68.0
4241_cam_image_array_.jpg,selected,0.9,147.0,,
4241_cam_image_array_.jpg,selected,0.85,141.0,,
4241_cam_image_array_.jpg,selected,0.8,135.0,16.5,75.75
4241_cam_image_array_.jpg,selected,0.75,128.0,18.5,73.25
4241_cam_image_array_.jpg,selected,0.7,120.0,22.5,71.25
4241_cam_image_array_.jpg,selected,0.65,112.0,,
4241_cam_image_array_.jpg,selected,0.6,103.5,33.0,68.25
4241_cam_image_array_.jpg,selected,0.55,94.5,34.0,64.25
4301_cam_image_array_.jpg,selected,0.9,141.0,,
4301_cam_image_array_.jpg,selected,0.85,135.0,9.5,72.25
4301_cam_image_array_.jpg,selected,0.8,128.0,11.0,69.5
4301_cam_image_array_.jpg,selected,0.75,120.5,15.5,68.0
4301_cam_image_array_.jpg,selected,0.7,113.0,16.5,64.75
4301_cam_image_array_.jpg,selected,0.65,105.0,23.5,64.25
4301_cam_image_array_.jpg,selected,0.6,115.5,25.5,70.5
4301_cam_image_array_.jpg,selected,0.55,111.0,28.0,69.5
4362_cam_image_array_.jpg,selected,0.9,155.0,,
4362_cam_image_array_.jpg,selected,0.85,151.5,,
4362_cam_image_array_.jpg,selected,0.8,146.5,34.5,90.5
4362_cam_image_array_.jpg,selected,0.75,141.0,38.0,89.5
4362_cam_image_array_.jpg,selected,0.7,135.0,43.5,89.25
4362_cam_image_array_.jpg,selected,0.65,129.0,,
4362_cam_image_array_.jpg,selected,0.6,123.5,55.5,89.5
4362_cam_image_array_.jpg,selected,0.55,116.5,59.0,87.75
4422_cam_image_array_.jpg,selected,0.9,157.0,27.5,92.25
4422_cam_image_array_.jpg,selected,0.85,154.0,27.5,90.75
4422_cam_image_array_.jpg,selected,0.8,148.0,,
4422_cam_image_array_.jpg,selected,0.75,155.5,,
4422_cam_image_array_.jpg,selected,0.7,151.5,42.5,97.0
4422_cam_image_array_.jpg,selected,0.65,147.5,46.5,97.0
4422_cam_image_array_.jpg,selected,0.6,,,
4422_cam_image_array_.jpg,selected,0.55,157.0,55.0,106.0
4483_cam_image_array_.jpg,selected,0.9,154.5,19.0,86.75
4483_cam_image_array_.jpg,selected,0.85,150.0,20.0,85.0
4483_cam_image_array_.jpg,selected,0.8,144.0,,
4483_cam_image_array_.jpg,selected,0.75,137.5,,
4483_cam_image_array_.jpg,selected,0.7,127.0,31.5,79.25
4483_cam_image_array_.jpg,selected,0.65,118.0,33.5,75.75
4483_cam_image_array_.jpg,selected,0.6,108.0,35.5,71.75
4483_cam_image_array_.jpg,selected,0.55,98.5,37.0,67.75
4544_cam_image_array_.jpg,selected,0.9,145.0,,
4544_cam_image_array_.jpg,selected,0.85,139.0,11.0,75.0
4544_cam_image_array_.jpg,selected,0.8,132.5,16.0,74.25
4544_cam_image_array_.jpg,selected,0.75,125.0,15.0,70.0
4544_cam_image_array_.jpg,selected,0.7,117.5,,
4544_cam_image_array_.jpg,selected,0.65,110.0,26.5,68.25
4544_cam_image_array_.jpg,selected,0.6,101.0,29.0,65.0
4544_cam_image_array_.jpg,selected,0.55,92.5,32.0,62.25
4604_cam_image_array_.jpg,selected,0.9,138.0,4.5,71.25
4604_cam_image_array_.jpg,selected,0.85,133.0,7.0,70.0
4604_cam_image_array_.jpg,selected,0.8,127.5,10.5,69.0
4604_cam_image_array_.jpg,selected,0.75,121.5,11.5,66.5
4604_cam_image_array_.jpg,selected,0.7,115.0,,
4604_cam_image_array_.jpg,selected,0.65,107.0,25.5,66.25
4604_cam_image_array_.jpg,selected,0.6,98.5,27.0,62.75
4604_cam_image_array_.jpg,selected,0.55,91.0,32.5,61.75
4665_cam_image_array_.jpg,selected,0.9,133.0,,
4665_cam_image_array_.jpg,selected,0.85,126.5,6.0,66.25
4665_cam_image_array_.jpg,selected,0.8,120.0,6.5,63.25
4665_cam_image_array_.jpg,selected,0.75,113.0,10.0,61.5
4665_cam_image_array_.jpg,selected,0.7,106.0,,
4665_cam_image_array_.jpg,selected,0.65,98.5,17.5,58.0
4665_cam_image_array_.jpg,selected,0.6,90.0,19.5,54.75
4665_cam_image_array_.jpg,selected,0.55,81.5,19.5,50.5
4725_cam_image_array_.jpg,selected,0.9,149.0,,
4725_cam_image_array_.jpg,selected,0.85,143.0,,
4725_cam_image_array_.jpg,selected,0.8,137.0,20.5,78.75
4725_cam_image_array_.jpg,selected,0.75,129.5,23.5,76.5
4725_cam_image_array_.jpg,selected,0.7,122.0,29.0,75.5
4725_cam_image_array_.jpg,selected,0.65,114.5,30.0,72.25
4725_cam_image_array_.jpg,selected,0.6,106.5,36.0,71.25
4725_cam_image_array_.jpg,selected,0.55,98.0,38.0,68.0
4786_cam_image_array_.jpg,selected,0.9,158.0,30.0,94.0
4786_cam_image_array_.jpg,selected,0.85,155.5,35.0,95.25
4786_cam_image_array_.jpg,selected,0.8,151.5,,
4786_cam_image_array_.jpg,selected,0.75,146.0,,
4786_cam_image_array_.jpg,selected,0.7,147.0,54.5,100.75
4786_cam_image_array_.jpg,selected,0.65,,,
4786_cam_image_array_.jpg,selected,0.6,,,
4786_cam_image_array_.jpg,selected,0.55,,,
4847_cam_image_array_.jpg,selected,0.9,158.0,29.0,93.5
4847_cam_image_array_.jpg,selected,0.85,155.5,35.0,95.25
4847_cam_image_array_.jpg,selected,0.8,151.0,,
4847_cam_image_array_.jpg,selected,0.75,145.5,,
4847_cam_image_array_.jpg,selected,0.7,146.0,47.0,96.5
4847_cam_image_array_.jpg,selected,0.65,,,
4847_cam_image_array_.jpg,selected,0.6,,,
4847_cam_image_array_.jpg,selected,0.55,,,
4907_cam_image_array_.jpg,selected,0.9,158.5,,
4907_cam_image_array_.jpg,selected,0.85,158.5,45.0,101.75
4907_cam_image_array_.jpg,selected,0.8,149.0,40.0,94.5
4907_cam_image_array_.jpg,selected,0.75,145.5,42.0,93.75
4907_cam_image_array_.jpg,selected,0.7,146.0,47.5,96.75
4907_cam_image_array_.jpg,selected,0.65,130.0,,
4907_cam_image_array_.jpg,selected,0.6,120.5,50.0,85.25
4907_cam_image_array_.jpg,selected,0.55,111.5,50.5,81.0
4968_cam_image_array_.jpg,selected,0.9,146.5,,
4968_cam_image_array_.jpg,selected,0.85,139.5,9.0,74.25
4968_cam_image_array_.jpg,selected,0.8,131.5,10.0,70.75
4968_cam_image_array_.jpg,selected,0.75,123.0,,
4968_cam_image_array_.jpg,selected,0.7,114.5,21.5,68.0
4968_cam_image_array_.jpg,selected,0.65,106.0,22.5,64.25
4968_cam_image_array_.jpg,selected,0.6,96.0,,
4968_cam_image_array_.jpg,selected,0.55,87.0,26.5,56.75
5028_cam_image_array_.jpg,selected,0.9,140.0,,
5028_cam_image_array_.jpg,selected,0.85,133.5,,
5028_cam_image_array_.jpg,selected,0.8,126.5,10.0,68.25
5028_cam_image_array_.jpg,selected,0.75,119.5,13.0,66.25
5028_cam_image_array_.jpg,selected,0.7,112.0,15.5,63.75
5028_cam_image_array_.jpg,selected,0.65,104.0,21.0,62.5
5028_cam_image_array_.jpg,selected,0.6,,,
5028_cam_image_array_.jpg,selected,0.55,103.5,,
5089_cam_image_array_.jpg,selected,0.9,133.0,1.5,67.25
5089_cam_image_array_.jpg,selected,0.85,126.0,3.0,64.5
5089_cam_image_array_.jpg,selected,0.8,119.5,2.5,61.0
5089_cam_image_array_.jpg,selected,0.75,113.0,,
5089_cam_image_array_.jpg,selected,0.7,105.0,15.0,60.0
5089_cam_image_array_.jpg,selected,0.65,96.5,16.5,56.5
5089_cam_image_array_.jpg,selected,0.6,88.0,19.0,53.5
5089_cam_image_array_.jpg,selected,0.55,80.0,20.5,50.25
5149_cam_image_array_.jpg,selected,0.9,146.5,10.5,78.5
5149_cam_image_array_.jpg,selected,0.85,141.0,12.5,76.75
5149_cam_image_array_.jpg,selected,0.8,134.5,16.5,75.5
5149_cam_image_array_.jpg,selected,0.75,127.5,18.0,72.75
5149_cam_image_array_.jpg,selected,0.7,121.0,,
5149_cam_image_array_.jpg,selected,0.65,113.5,30.5,72.0
5149_cam_image_array_.jpg,selected,0.6,,,
5149_cam_image_array_.jpg,selected,0.55,97.0,37.5,67.25
5210_cam_image_array_.jpg,selected,0.9,153.5,,
5210_cam_image_array_.jpg,selected,0.85,149.5,27.0,88.25
5210_cam_image_array_.jpg,selected,0.8,144.5,29.5,87.0
5210_cam_image_array_.jpg,selected,0.75,140.0,35.5,87.75
5210_cam_image_array_.jpg,selected,0.7,136.0,38.0,87.0
5210_cam_image_array_.jpg,selected,0.65,128.5,52.0,90.25
5210_cam_image_array_.jpg,selected,0.6,122.0,54.5,88.25
5210_cam_image_array_.jpg,selected,0.55,117.5,,
5271_cam_image_array_.jpg,selected,0.9,153.5,,
5271_cam_image_array_.jpg,selected,0.85,150.5,,
5271_cam_image_array_.jpg,selected,0.8,147.0,32.0,89.5
5271_cam_image_array_.jpg,selected,0.75,138.0,34.0,86.0
5271_cam_image_array_.jpg,selected,0.7,132.0,38.5,85.25
5271_cam_image_array_.jpg,selected,0.65,125.0,39.5,82.25
5271_cam_image_array_.jpg,selected,0.6,,,
5271_cam_image_array_.jpg,selected,0.55,112.0,52.0,82.0
5331_cam_image_array_.jpg,selected,0.9,157.0,,
5331_cam_image_array_.jpg,selected,0.85,154.0,,
5331_cam_image_array_.jpg,selected,0.8,148.0,,
5331_cam_image_array_.jpg,selected,0.75,140.5,34.0,87.25
5331_cam_image_array_.jpg,selected,0.7,132.0,36.0,84.0
5331_cam_image_array_.jpg,selected,0.65,123.5,38.0,80.75
5331_cam_image_array_.jpg,selected,0.6,114.0,41.5,77.75
5331_cam_image_array_.jpg,selected,0.55,104.0,42.5,73.25
5392_cam_image_array_.jpg,selected,0.9,150.0,,
5392_cam_image_array_.jpg,selected,0.85,143.5,,
5392_cam_image_array_.jpg,selected,0.8,136.5,,
5392_cam_image_array_.jpg,selected,0.75,128.0,22.0,75.0
5392_cam_image_array_.jpg,selected,0.7,119.5,23.0,71.25
5392_cam_image_array_.jpg,selected,0.65,110.5,25.5,68.0
5392_cam_image_array_.jpg,selected,0.6,101.0,28.0,64.5
5392_cam_image_array_.jpg,selected,0.55,92.0,,
5452_cam_image_array_.jpg,selected,0.9,145.0,,
5452_cam_image_array_.jpg,selected,0.85,138.0,11.0,74.5
5452_cam_image_array_.jpg,selected,0.8,131.0,14.0,72.5
5452_cam_image_array_.jpg,selected,0.75,124.0,16.0,70.0
5452_cam_image_array_.jpg,selected,0.7,116.5,,
5452_cam_image_array_.jpg,selected,0.65,108.0,26.0,67.0
5452_cam_image_array_.jpg,selected,0.6,99.0,27.0,63.0
5452_cam_image_array_.jpg,selected,0.55,90.5,27.5,59.0
5513_cam_image_array_.jpg,selected,0.9,152.5,,
5513_cam_image_array_.jpg,selected,0.85,145.5,,
5513_cam_image_array_.jpg,selected,0.8,139.5,,
5513_cam_image_array_.jpg,selected,0.75,132.5,25.5,79.0
5513_cam_image_array_.jpg,selected,0.7,126.0,29.5,77.75
5513_cam_image_array_.jpg,selected,0.65,117.5,31.0,74.25
5513_cam_image_array_.jpg,selected,0.6,109.0,36.5,72.75
5513_cam_image_array_.jpg,selected,0.55,101.0,39.0,70.0
5574_cam_image_array_.jpg,selected,0.9,145.0,9.0,77.0
5574_cam_image_array_.jpg,selected,0.85,140.0,12.0,76.0
5574_cam_image_array_.jpg,selected,0.8,134.5,,
5574_cam_image_array_.jpg,selected,0.75,128.5,,
5574_cam_image_array_.jpg,selected,0.7,121.5,25.0,73.25
5574_cam_image_array_.jpg,selected,0.65,113.0,28.5,70.75
5574_cam_image_array_.jpg,selected,0.6,104.5,29.5,67.0
5574_cam_image_array_.jpg,selected,0.55,97.0,35.0,66.0
5634_cam_image_array_.jpg,selected,0.9,139.0,,
5634_cam_image_array_.jpg,selected,0.85,132.5,9.5,71.0
5634_cam_image_array_.jpg,selected,0.8,127.5,12.0,69.75
5634_cam_image_array_.jpg,selected,0.75,120.5,16.0,68.25
5634_cam_image_array_.jpg,selected,0.7,114.5,16.5,65.5
5634_cam_image_array_.jpg,selected,0.65,108.0,30.5,69.25
5634_cam_image_array_.jpg,selected,0.6,101.5,31.5,66.5
5634_cam_image_array_.jpg,selected,0.55,96.0,,
5695_cam_image_array_.jpg,selected,0.9,152.5,17.5,85.0
5695_cam_image_array_.jpg,selected,0.85,148.0,22.0,85.0
5695_cam_image_array_.jpg,selected,0.8,142.0,23.5,82.75
5695_cam_image_array_.jpg,selected,0.75,136.5,,
5695_cam_image_array_.jpg,selected,0.7,130.5,41.0,85.75
5695_cam_image_array_.jpg,selected,0.65,124.0,41.5,82.75
5695_cam_image_array_.jpg,selected,0.6,116.0,48.5,82.25
5695_cam_image_array_.jpg,selected,0.55,112.0,55.5,83.75
5755_cam_image_array_.jpg,selected,0.9,155.5,,
5755_cam_image_array_.jpg,selected,0.85,152.5,28.5,90.5
5755_cam_image_array_.jpg,selected,0.8,146.0,30.5,88.25
5755_cam_image_array_.jpg,selected,0.75,140.5,35.0,87.75
5755_cam_image_array_.jpg,selected,0.7,132.5,39.5,86.0
5755_cam_image_array_.jpg,selected,0.65,129.0,,
5755_cam_image_array_.jpg,selected,0.6,,,
5755_cam_image_array_.jpg,selected,0.55,111.0,51.5,81.25
5816_cam_image_array_.jpg,selected,0.9,151.0,16.5,83.75
5816_cam_image_array_.jpg,selected,0.85,144.5,15.5,80.0
5816_cam_image_array_.jpg,selected,0.8,138.5,19.5,79.0
5816_cam_image_array_.jpg,selected,0.75,131.0,19.5,75.25
5816_cam_image_array_.jpg,selected,0.7,123.5,,
5816_cam_image_array_.jpg,selected,0.65,115.0,32.5,73.75
5816_cam_image_array_.jpg,selected,0.6,106.0,34.5,70.25
5816_cam_image_array_.jpg,selected,0.55,98.0,,
5877_cam_image_array_.jpg,selected,0.9,132.5,,
5877_cam_image_array_.jpg,selected,0.85,126.0,5.5,65.75
5877_cam_image_array_.jpg,selected,0.8,120.0,7.0,63.5
5877_cam_image_array_.jpg,selected,0.75,113.5,11.5,62.5
5877_cam_image_array_.jpg,selected,0.7,107.0,14.0,60.5
5877_cam_image_array_.jpg,selected,0.65,99.5,,
5877_cam_image_array_.jpg,selected,0.6,92.0,22.0,57.0
5877_cam_image_array_.jpg,selected,0.55,84.5,22.5,53.5
5937_cam_image_array_.jpg,selected,0.9,149.5,17.0,83.25
5937_cam_image_array_.jpg,selected,0.85,143.5,15.5,79.5
5937_cam_image_array_.jpg,selected,0.8,136.5,19.0,77.75
5937_cam_image_array_.jpg,selected,0.75,129.5,21.5,75.5
5937_cam_image_array_.jpg,selected,0.7,122.0,,
5937_cam_image_array_.jpg,selected,0.65,113.5,30.5,72.0
5937_cam_image_array_.jpg,selected,0.6,105.0,32.0,68.5
5937_cam_image_array_.jpg,selected,0.55,96.0,33.5,64.75
5998_cam_image_array_.jpg,selected,0.9,144.5,,
5998_cam_image_array_.jpg,selected,0.85,138.5,,
5998_cam_image_array_.jpg,selected,0.8,132.0,14.5,73.25
5998_cam_image_array_.jpg,selected,0.75,124.5,15.0,69.75
5998_cam_image_array_.jpg,selected,0.7,117.0,19.0,68.0
5998_cam_image_array_.jpg,selected,0.65,108.5,20.5,64.5
5998_cam_image_array_.jpg,selected,0.6,101.0,30.5,65.75
5998_cam_image_array_.jpg,selected,0.55,93.5,31.5,62.5
6058_cam_image_array_.jpg,selected,0.9,138.0,7.5,72.75
6058_cam_image_array_.jpg,selected,0.85,132.5,6.0,69.25
6058_cam_image_array_.jpg,selected,0.8,125.5,10.0,67.75
6058_cam_image_array_.jpg,selected,0.75,119.0,12.5,65.75
6058_cam_image_array_.jpg,selected,0.7,111.5,,
6058_cam_image_array_.jpg,selected,0.65,105.0,24.5,64.75
6058_cam_image_array_.jpg,selected,0.6,97.5,27.5,62.5
6058_cam_image_array_.jpg,selected,0.55,91.0,,
6119_cam_image_array_.jpg,selected,0.9,154.0,,
6119_cam_image_array_.jpg,selected,0.85,150.5,,
6119_cam_image_array_.jpg,selected,0.8,145.5,32.5,89.0
6119_cam_image_array_.jpg,selected,0.75,140.0,36.5,88.25
6119_cam_image_array_.jpg,selected,0.7,134.5,41.0,87.75
6119_cam_image_array_.jpg,selected,0.65,128.5,,
6119_cam_image_array_.jpg,selected,0.6,122.5,55.0,88.75
6119_cam_image_array_.jpg,selected,0.55,116.5,58.0,87.25
6179_cam_image_array_.jpg,selected,0.9,156.0,25.0,90.5
6179_cam_image_array_.jpg,selected,0.85,153.5,28.5,91.0
6179_cam_image_array_.jpg,selected,0.8,147.5,32.0,89.75
6179_cam_image_array_.jpg,selected,0.75,155.5,,
6179_cam_image_array_.jpg,selected,0.7,151.5,,
6179_cam_image_array_.jpg,selected,0.65,147.5,46.5,97.0
6179_cam_image_array_.jpg,selected,0.6,,,
6179_cam_image_array_.jpg,selected,0.55,134.0,,
6240_cam_image_array_.jpg,selected,0.9,157.0,23.0,90.0
6240_cam_image_array_.jpg,selected,0.85,153.5,26.0,89.75
6240_cam_image_array_.jpg,selected,0.8,147.0,24.5,85.75
6240_cam_image_array_.jpg,selected,0.75,139.5,,
6240_cam_image_array_.jpg,selected,0.7,130.5,33.5,82.0
6240_cam_image_array_.jpg,selected,0.65,121.0,37.5,79.25
6240_cam_image_array_.jpg,selected,0.6,111.5,37.5,74.5
6240_cam_image_array_.jpg,selected,0.55,100.5,39.5,70.0
6301_cam_image_array_.jpg,selected,0.9,147.0,,
6301_cam_image_array_.jpg,selected,0.85,141.5,9.5,75.5
6301_cam_image_array_.jpg,selected,0.8,135.5,,
6301_cam_image_array_.jpg,selected,0.75,129.0,24.5,76.75
6301_cam_image_array_.jpg,selected,0.7,122.0,27.0,74.5
6301_cam_image_array_.jpg,selected,0.65,114.0,29.5,71.75
6301_cam_image_array_.jpg,selected,0.6,105.5,33.0,69.25
6301_cam_image_array_.jpg,selected,0.55,97.5,35.5,66.5
6361_cam_image_array_.jpg,selected,0.9,140.5,5.5,73.0
6361_cam_image_array_.jpg,selected,0.85,135.5,7.5,71.5
6361_cam_image_array_.jpg,selected,0.8,129.0,11.0,70.0
6361_cam_image_array_.jpg,selected,0.75,123.0,,
6361_cam_image_array_.jpg,selected,0.7,116.5,,
6361_cam_image_array_.jpg,selected,0.65,109.0,24.5,66.75
6361_cam_image_array_.jpg,selected,0.6,99.5,26.5,63.0
6361_cam_image_array_.jpg,selected,0.55,92.0,32.5,62.25
6422_cam_image_array_.jpg,selected,0.9,137.0,,
6422_cam_image_array_.jpg,selected,0.85,131.0,16.0,73.5
6422_cam_image_array_.jpg,selected,0.8,124.5,12.0,68.25
6422_cam_image_array_.jpg,selected,0.75,118.0,15.5,66.75
6422_cam_image_array_.jpg,selected,0.7,111.5,20.0,65.75
6422_cam_image_array_.jpg,selected,0.65,104.5,21.5,63.0
6422_cam_image_array_.jpg,selected,0.6,98.0,30.5,64.25
6422_cam_image_array_.jpg,selected,0.55,91.5,33.0,62.25
6482_cam_image_array_.jpg,selected,0.9,138.5,,
6482_cam_image_array_.jpg,selected,0.85,132.5,,
6482_cam_image_array_.jpg,selected,0.8,124.5,8.5,66.5
6482_cam_image_array_.jpg,selected,0.75,116.5,9.0,62.75
6482_cam_image_array_.jpg,selected,0.7,109.5,15.5,62.5
6482_cam_image_array_.jpg,selected,0.65,101.5,,
6482_cam_image_array_.jpg,selected,0.6,92.5,23.5,58.0
6482_cam_image_array_.jpg,selected,0.55,84.5,25.5,55.0
6543_cam_image_array_.jpg,selected,0.9,158.0,29.5,93.75
6543_cam_image_array_.jpg,selected,0.85,155.5,,
6543_cam_image_array_.jpg,selected,0.8,151.5,,
6543_cam_image_array_.jpg,selected,0.75,146.0,47.0,96.5
6543_cam_image_array_.jpg,selected,0.7,147.0,49.5,98.25
6543_cam_image_array_.jpg,selected,0.65,,,
6543_cam_image_array_.jpg,selected,0.6,,,
6543_cam_image_array_.jpg,selected,0.55,,,
6604_cam_image_array_.jpg,selected,0.9,155.0,21.0,88.0
6604_cam_image_array_.jpg,selected,0.85,152.0,25.5,88.75
6604_cam_image_array_.jpg,selected,0.8,146.0,30.0,88.0
6604_cam_image_array_.jpg,selected,0.75,140.0,29.5,84.75
6604_cam_image_array_.jpg,selected,0.7,133.0,,
6604_cam_image_array_.jpg,selected,0.65,126.5,45.5,86.0
6604_cam_image_array_.jpg,selected,0.6,,,
6604_cam_image_array_.jpg,selected,0.55,113.0,55.0,84.0
6664_cam_image_array_.jpg,selected,0.9,154.0,,
6664_cam_image_array_.jpg,selected,0.85,150.0,15.0,82.5
6664_cam_image_array_.jpg,selected,0.8,142.0,17.0,79.5
6664_cam_image_array_.jpg,selected,0.75,133.5,,
6664_cam_image_array_.jpg,selected,0.7,124.0,,
6664_cam_image_array_.jpg,selected,0.65,114.0,25.0,69.5
6664_cam_image_array_.jpg,selected,0.6,103.5,27.0,65.25
6664_cam_image_array_.jpg,selected,0.55,93.5,31.0,62.25
6725_cam_image_array_.jpg,selected,0.9,134.5,,
6725_cam_image_array_.jpg,selected,0.85,127.5,,
6725_cam_image_array_.jpg,selected,0.8,120.0,,
6725_cam_image_array_.jpg,selected,0.75,112.5,8.0,60.25
6725_cam_image_array_.jpg,selected,0.7,104.5,12.0,58.25
6725_cam_image_array_.jpg,selected,0.65,96.0,14.5,55.25
6725_cam_image_array_.jpg,selected,0.6,87.5,19.5,53.5
6725_cam_image_array_.jpg,selected,0.55,79.5,20.5,50.0
6785_cam_image_array_.jpg,selected,0.9,141.0,5.0,73.0
6785_cam_image_array_.jpg,selected,0.85,134.0,7.0,70.5
6785_cam_image_array_.jpg,selected,0.8,127.0,9.0,68.0
6785_cam_image_array_.jpg,selected,0.75,119.5,9.0,64.25
6785_cam_image_array_.jpg,selected,0.7,112.0,,
6785_cam_image_array_.jpg,selected,0.65,104.5,21.0,62.75
6785_cam_image_array_.jpg,selected,0.6,117.0,24.0,70.5
6785_cam_image_array_.jpg,selected,0.55,115.0,27.0,71.0
6846_cam_image_array_.jpg,selected,0.9,148.0,,
6846_cam_image_array_.jpg,selected,0.85,142.0,8.5,75.25
6846_cam_image_array_.jpg,selected,0.8,135.5,,
6846_cam_image_array_.jpg,selected,0.75,127.5,,
6846_cam_image_array_.jpg,selected,0.7,120.0,26.0,73.0
6846_cam_image_array_.jpg,selected,0.65,111.5,28.5,70.0
6846_cam_image_array_.jpg,selected,0.6,102.0,30.5,66.25
6846_cam_image_array_.jpg,selected,0.55,93.5,30.5,62.0
6907_cam_image_array_.jpg,selected,0.9,147.5,,
6907_cam_image_array_.jpg,selected,0.85,140.5,11.5,76.0
6907_cam_image_array_.jpg,selected,0.8,133.5,15.5,74.5
6907_cam_image_array_.jpg,selected,0.75,126.0,17.0,71.5
6907_cam_image_array_.jpg,selected,0.7,118.0,23.0,70.5
6907_cam_image_array_.jpg,selected,0.65,110.0,26.5,68.25
6907_cam_image_array_.jpg,selected,0.6,102.0,27.5,64.75
6907_cam_image_array_.jpg,selected,0.55,91.5,32.5,62.0
6967_cam_image_array_.jpg,selected,0.9,152.0,21.5,86.75
6967_cam_image_array_.jpg,selected,0.85,146.5,21.0,83.75
6967_cam_image_array_.jpg,selected,0.8,141.5,26.5,84.0
6967_cam_image_array_.jpg,selected,0.75,136.5,30.5,83.5
6967_cam_image_array_.jpg,selected,0.7,130.0,,
6967_cam_image_array_.jpg,selected,0.65,124.5,46.5,85.5
6967_cam_image_array_.jpg,selected,0.6,,,
6967_cam_image_array_.jpg,selected,0.55,112.5,,
7028_cam_image_array_.jpg,selected,0.9,156.0,27.0,91.5
7028_cam_image_array_.jpg,selected,0.85,153.5,30.5,92.0
7028_cam_image_array_.jpg,selected,0.8,148.5,34.5,91.5
7028_cam_image_array_.jpg,selected,0.75,155.5,38.0,96.75
7028_cam_image_array_.jpg,selected,0.7,152.0,,
7028_cam_image_array_.jpg,selected,0.65,148.5,50.0,99.25
7028_cam_image_array_.jpg,selected,0.6,,,
7028_cam_image_array_.jpg,selected,0.55,,,
7088_cam_image_array_.jpg,selected,0.9,157.0,27.5,92.25
7088_cam_image_array_.jpg,selected,0.85,154.5,31.5,93.0
7088_cam_image_array_.jpg,selected,0.8,149.5,,
7088_cam_image_array_.jpg,selected,0.75,143.0,,
7088_cam_image_array_.jpg,selected,0.7,136.0,48.5,92.25
7088_cam_image_array_.jpg,selected,0.65,129.0,50.0,89.5
7088_cam_image_array_.jpg,selected,0.6,,,
7088_cam_image_array_.jpg,selected,0.55,113.5,55.5,84.5
7149_cam_image_array_.jpg,selected,0.9,153.0,,
7149_cam_image_array_.jpg,selected,0.85,147.0,14.0,80.5
7149_cam_image_array_.jpg,selected,0.8,139.5,,
7149_cam_image_array_.jpg,selected,0.75,131.0,22.5,76.75
7149_cam_image_array_.jpg,selected,0.7,122.0,23.5,72.75
7149_cam_image_array_.jpg,selected,0.65,112.5,26.0,69.25
7149_cam_image_array_.jpg,selected,0.6,102.0,30.5,66.25
7149_cam_image_array_.jpg,selected,0.55,93.5,32.0,62.75
7209_cam_image_array_.jpg,selected,0.9,111.5,,
7209_cam_image_array_.jpg,selected,0.85,107.0,,
7209_cam_image_array_.jpg,selected,0.8,100.5,,
7209_cam_image_array_.jpg,selected,0.75,94.0,5.0,49.5
7209_cam_image_array_.jpg,selected,0.7,87.5,4.5,46.0
7209_cam_image_array_.jpg,selected,0.65,80.5,5.5,43.0
7209_cam_image_array_.jpg,selected,0.6,73.0,8.5,40.75
7209_cam_image_array_.jpg,selected,0.55,66.0,9.0,37.5
7270_cam_image_array_.jpg,selected,0.9,151.5,,
7270_cam_image_array_.jpg,selected,0.85,145.5,,
7270_cam_image_array_.jpg,selected,0.8,137.5,24.5,81.0
7270_cam_image_array_.jpg,selected,0.75,129.5,25.0,77.25
7270_cam_image_array_.jpg,selected,0.7,123.0,30.0,76.5
7270_cam_image_array_.jpg,selected,0.65,115.5,32.5,74.0
7270_cam_image_array_.jpg,selected,0.6,108.0,39.5,73.75
7270_cam_image_array_.jpg,selected,0.55,99.5,40.0,69.75
7331_cam_image_array_.jpg,selected,0.9,155.0,,
7331_cam_image_array_.jpg,selected,0.85,151.5,,
7331_cam_image_array_.jpg,selected,0.8,144.5,,
7331_cam_image_array_.jpg,selected,0.75,137.0,29.0,83.0
7331_cam_image_array_.jpg,selected,0.7,128.5,30.0,79.25
7331_cam_image_array_.jpg,selected,0.65,119.5,31.5,75.5
7331_cam_image_array_.jpg,selected,0.6,108.0,35.5,71.75
7331_cam_image_array_.jpg,selected,0.55,98.5,35.0,66.75
7391_cam_image_array_.jpg,selected,0.9,145.0,10.0,77.5
7391_cam_image_array_.jpg,selected,0.85,139.5,11.5,75.5
7391_cam_image_array_.jpg,selected,0.8,133.5,,
7391_cam_image_array_.jpg,selected,0.75,127.0,27.0,77.0
7391_cam_image_array_.jpg,selected,0.7,121.0,29.0,75.0
7391_cam_image_array_.jpg,selected,0.65,114.5,33.0,73.75
7391_cam_image_array_.jpg,selected,0.6,108.0,42.5,75.25
7391_cam_image_array_.jpg,selected,0.55,102.0,44.5,73.25
7452_cam_image_array_.jpg,selected,0.9,147.5,,
7452_cam_image_array_.jpg,selected,0.85,143.5,,
7452_cam_image_array_.jpg,selected,0.8,138.0,24.5,81.25
7452_cam_image_array_.jpg,selected,0.75,132.5,29.0,80.75
7452_cam_image_array_.jpg,selected,0.7,127.0,33.5,80.25
7452_cam_image_array_.jpg,selected,0.65,121.5,,
7452_cam_image_array_.jpg,selected,0.6,113.0,48.5,80.75
7452_cam_image_array_.jpg,selected,0.55,110.5,50.5,80.5
7512_cam_image_array_.jpg,selected,0.9,153.0,18.0,85.5
7512_cam_image_array_.jpg,selected,0.85,148.0,22.5,85.25
7512_cam_image_array_.jpg,selected,0.8,142.0,24.5,83.25
7512_cam_image_array_.jpg,selected,0.75,137.0,,
7512_cam_image_array_.jpg,selected,0.7,125.5,,
7512_cam_image_array_.jpg,selected,0.65,121.5,40.0,80.75
7512_cam_image_array_.jpg,selected,0.6,,,
7512_cam_image_array_.jpg,selected,0.55,106.0,47.0,76.5
7573_cam_image_array_.jpg,selected,0.9,156.5,22.0,89.25
7573_cam_image_array_.jpg,selected,0.85,153.5,23.5,88.5
7573_cam_image_array_.jpg,selected,0.8,147.5,,
7573_cam_image_array_.jpg,selected,0.75,140.0,,
7573_cam_image_array_.jpg,selected,0.7,130.5,37.0,83.75
7573_cam_image_array_.jpg,selected,0.65,122.0,38.0,80.0
7573_cam_image_array_.jpg,selected,0.6,111.5,,
7573_cam_image_array_.jpg,selected,0.55,102.0,,
7634_cam_image_array_.jpg,selected,0.9,152.0,,
7634_cam_image_array_.jpg,selected,0.85,145.5,17.5,81.5
7634_cam_image_array_.jpg,selected,0.8,139.0,20.0,79.5
7634_cam_image_array_.jpg,selected,0.75,132.0,,
7634_cam_image_array_.jpg,selected,0.7,123.5,,
7634_cam_image_array_.jpg,selected,0.65,115.5,32.0,73.75
7634_cam_image_array_.jpg,selected,0.6,106.0,33.5,69.75
7634_cam_image_array_.jpg,selected,0.55,97.0,36.5,66.75
7694_cam_image_array_.jpg,selected,0.9,140.5,,
7694_cam_image_array_.jpg,selected,0.85,135.0,2.0,68.5
7694_cam_image_array_.jpg,selected,0.8,125.5,,
7694_cam_image_array_.jpg,selected,0.75,122.5,18.5,70.5
7694_cam_image_array_.jpg,selected,0.7,114.5,21.0,67.75
7694_cam_image_array_.jpg,selected,0.65,107.0,24.5,65.75
7694_cam_image_array_.jpg,selected,0.6,98.0,27.5,62.75
7694_cam_image_array_.jpg,selected,0.55,89.5,28.5,59.0
7755_cam_image_array_.jpg,selected,0.9,138.0,5.5,71.75
7755_cam_image_array_.jpg,selected,0.85,133.0,7.5,70.25
7755_cam_image_array_.jpg,selected,0.8,128.5,13.0,70.75
7755_cam_image_array_.jpg,selected,0.75,123.5,13.0,68.25
7755_cam_image_array_.jpg,selected,0.7,118.5,,
7755_cam_image_array_.jpg,selected,0.65,113.0,32.0,72.5
7755_cam_image_array_.jpg,selected,0.6,108.5,36.5,72.5
7755_cam_image_array_.jpg,selected,0.55,102.5,46.5,74.5
7815_cam_image_array_.jpg,selected,0.9,154.5,21.5,88.0
7815_cam_image_array_.jpg,selected,0.85,150.5,20.5,85.5
7815_cam_image_array_.jpg,selected,0.8,145.5,,
7815_cam_image_array_.jpg,selected,0.75,140.0,41.0,90.5
7815_cam_image_array_.jpg,selected,0.7,134.5,43.5,89.0
7815_cam_image_array_.jpg,selected,0.65,128.5,47.5,88.0
7815_cam_image_array_.jpg,selected,0.6,,,
7815_cam_image_array_.jpg,selected,0.55,129.0,58.5,93.75
7876_cam_image_array_.jpg,selected,0.9,152.5,,
7876_cam_image_array_.jpg,selected,0.85,146.5,,
7876_cam_image_array_.jpg,selected,0.8,138.5,23.0,80.75
7876_cam_image_array_.jpg,selected,0.75,131.0,24.0,77.5
7876_cam_image_array_.jpg,selected,0.7,122.5,27.0,74.75
7876_cam_image_array_.jpg,selected,0.65,113.5,26.0,69.75
7876_cam_image_array_.jpg,selected,0.6,103.0,33.0,68.0
7876_cam_image_array_.jpg,selected,0.55,94.5,32.0,63.25
7937_cam_image_array_.jpg,selected,0.9,140.5,,
7937_cam_image_array_.jpg,selected,0.85,135.5,10.0,72.75
7937_cam_image_array_.jpg,selected,0.8,129.0,13.5,71.25
7937_cam_image_array_.jpg,selected,0.75,122.5,17.0,69.75
7937_cam_image_array_.jpg,selected,0.7,115.5,,
7937_cam_image_array_.jpg,selected,0.65,108.0,27.0,67.5
7937_cam_image_array_.jpg,selected,0.6,100.0,29.0,64.5
7937_cam_image_array_.jpg,selected,0.55,92.5,,
7997_cam_image_array_.jpg,selected,0.9,143.0,9.0,76.0
7997_cam_image_array_.jpg,selected,0.85,137.0,8.5,72.75
7997_cam_image_array_.jpg,selected,0.8,130.0,12.5,71.25
7997_cam_image_array_.jpg,selected,0.75,123.0,16.0,69.5
7997_cam_image_array_.jpg,selected,0.7,116.5,,
7997_cam_image_array_.jpg,selected,0.65,106.5,26.0,66.25
7997_cam_image_array_.jpg,selected,0.6,100.5,28.5,64.5
7997_cam_image_array_.jpg,selected,0.55,93.0,29.5,61.25
8058_cam_image_array_.jpg,selected,0.9,137.0,5.5,71.25
8058_cam_image_array_.jpg,selected,0.85,132.5,6.5,69.5
8058_cam_image_array_.jpg,selected,0.8,127.0,,
8058_cam_image_array_.jpg,selected,0.75,120.5,,
8058_cam_image_array_.jpg,selected,0.7,114.0,20.0,67.0
8058_cam_image_array_.jpg,selected,0.65,106.0,23.0,64.5
8058_cam_image_array_.jpg,selected,0.6,97.5,27.0,62.25
8058_cam_image_array_.jpg,selected,0.55,90.0,,
8118_cam_image_array_.jpg,selected,0.9,132.0,2.0,67.0
8118_cam_image_array_.jpg,selected,0.85,127.5,,
8118_cam_image_array_.jpg,selected,0.8,122.0,,
8118_cam_image_array_.jpg,selected,0.75,117.5,16.5,67.0
8118_cam_image_array_.jpg,selected,0.7,112.0,21.0,66.5
8118_cam_image_array_.jpg,selected,0.65,107.0,23.5,65.25
8118_cam_image_array_.jpg,selected,0.6,101.5,35.5,68.5
8118_cam_image_array_.jpg,selected,0.55,97.0,39.0,68.0
8179_cam_image_array_.jpg,selected,0.9,148.5,,
8179_cam_image_array_.jpg,selected,0.85,144.0,11.0,77.5
8179_cam_image_array_.jpg,selected,0.8,139.0,,
8179_cam_image_array_.jpg,selected,0.75,134.5,32.5,83.5
8179_cam_image_array_.jpg,selected,0.7,129.0,36.0,82.5
8179_cam_image_array_.jpg,selected,0.65,123.0,40.5,81.75
8179_cam_image_array_.jpg,selected,0.6,,,
8179_cam_image_array_.jpg,selected,0.55,112.0,54.0,83.0
8239_cam_image_array_.jpg,selected,0.9,157.5,,
8239_cam_image_array_.jpg,selected,0.85,157.0,,
8239_cam_image_array_.jpg,selected,0.8,147.0,,
8239_cam_image_array_.jpg,selected,0.75,144.5,43.5,94.0
8239_cam_image_array_.jpg,selected,0.7,146.0,48.0,97.0
8239_cam_image_array_.jpg,selected,0.65,,,
8239_cam_image_array_.jpg,selected,0.6,122.0,52.0,87.0
8239_cam_image_array_.jpg,selected,0.55,113.0,53.0,83.0
8300_cam_image_array_.jpg,selected,0.9,146.0,,
8300_cam_image_array_.jpg,selected,0.85,139.5,,
8300_cam_image_array_.jpg,selected,0.8,133.0,17.5,75.25
8300_cam_image_array_.jpg,selected,0.75,125.5,19.0,72.25
8300_cam_image_array_.jpg,selected,0.7,117.0,23.0,70.0
8300_cam_image_array_.jpg,selected,0.65,109.0,,
8300_cam_image_array_.jpg,selected,0.6,99.5,30.0,64.75
8300_cam_image_array_.jpg,selected,0.55,91.0,30.0,60.5
8361_cam_image_array_.jpg,selected,0.9,152.5,,
8361_cam_image_array_.jpg,selected,0.85,146.0,17.0,81.5
8361_cam_image_array_.jpg,selected,0.8,139.5,19.5,79.5
8361_cam_image_array_.jpg,selected,0.75,131.5,22.0,76.75
8361_cam_image_array_.jpg,selected,0.7,124.0,,
8361_cam_image_array_.jpg,selected,0.65,115.0,30.5,72.75
8361_cam_image_array_.jpg,selected,0.6,105.5,31.5,68.5
8361_cam_image_array_.jpg,selected,0.55,97.0,,
8421_cam_image_array_.jpg,selected,0.9,150.0,,
8421_cam_image_array_.jpg,selected,0.85,144.0,,
8421_cam_image_array_.jpg,selected,0.8,137.0,,
8421_cam_image_array_.jpg,selected,0.75,130.0,23.0,76.5
8421_cam_image_array_.jpg,selected,0.7,121.5,26.0,73.75
8421_cam_image_array_.jpg,selected,0.65,113.0,28.5,70.75
8421_cam_image_array_.jpg,selected,0.6,118.5,32.5,75.5
8421_cam_image_array_.jpg,selected,0.55,113.5,33.0,73.25
8482_cam_image_array_.jpg,selected,0.9,140.0,6.0,73.0
8482_cam_image_array_.jpg,selected,0.85,135.5,10.0,72.75
8482_cam_image_array_.jpg,selected,0.8,132.0,14.0,73.0
8482_cam_image_array_.jpg,selected,0.75,126.0,,
8482_cam_image_array_.jpg,selected,0.7,121.0,30.5,75.75
8482_cam_image_array_.jpg,selected,0.65,115.5,34.5,75.0
8482_cam_image_array_.jpg,selected,0.6,110.5,37.0,73.75
8482_cam_image_array_.jpg,selected,0.55,106.0,49.0,77.5
8542_cam_image_array_.jpg,selected,0.9,156.0,27.5,91.75
8542_cam_image_array_.jpg,selected,0.85,153.5,30.5,92.0
8542_cam_image_array_.jpg,selected,0.8,148.0,34.5,91.25
8542_cam_image_array_.jpg,selected,0.75,142.5,38.0,90.25
8542_cam_image_array_.jpg,selected,0.7,136.5,,
8542_cam_image_array_.jpg,selected,0.65,131.0,52.5,91.75
8542_cam_image_array_.jpg,selected,0.6,123.0,55.0,89.0
8542_cam_image_array_.jpg,selected,0.55,117.0,,
8603_cam_image_array_.jpg,selected,0.9,147.0,,
8603_cam_image_array_.jpg,selected,0.85,140.0,12.0,76.0
8603_cam_image_array_.jpg,selected,0.8,132.5,13.0,72.75
8603_cam_image_array_.jpg,selected,0.75,125.0,17.0,71.0
8603_cam_image_array_.jpg,selected,0.7,117.0,19.0,68.0
8603_cam_image_array_.jpg,selected,0.65,108.5,27.0,67.75
8603_cam_image_array_.jpg,selected,0.6,99.5,29.5,64.5
8603_cam_image_array_.jpg,selected,0.55,91.5,32.0,61.75
8664_cam_image_array_.jpg,selected,0.9,148.5,,
8664_cam_image_array_.jpg,selected,0.85,142.5,13.5,78.0
8664_cam_image_array_.jpg,selected,0.8,135.5,17.5,76.5
8664_cam_image_array_.jpg,selected,0.75,128.5,19.5,74.0
8664_cam_image_array_.jpg,selected,0.7,122.0,,
8664_cam_image_array_.jpg,selected,0.65,113.5,31.5,72.5
8664_cam_image_array_.jpg,selected,0.6,106.0,,
8664_cam_image_array_.jpg,selected,0.55,98.5,,
8724_cam_image_array_.jpg,selected,0.9,150.0,,
8724_cam_image_array_.jpg,selected,0.85,143.5,16.5,80.0
8724_cam_image_array_.jpg,selected,0.8,137.0,20.0,78.5
8724_cam_image_array_.jpg,selected,0.75,129.5,22.5,76.0
8724_cam_image_array_.jpg,selected,0.7,122.0,,
8724_cam_image_array_.jpg,selected,0.65,113.5,30.0,71.75
8724_cam_image_array_.jpg,selected,0.6,104.5,32.5,68.5
8724_cam_image_array_.jpg,selected,0.55,95.5,37.0,66.25
8785_cam_image_array_.jpg,selected,0.9,145.0,9.5,77.25
8785_cam_image_array_.jpg,selected,0.85,140.5,13.0,76.75
8785_cam_image_array_.jpg,selected,0.8,136.0,17.0,76.5
8785_cam_image_array_.jpg,selected,0.75,131.0,15.0,73.0
8785_cam_image_array_.jpg,selected,0.7,125.5,37.5,81.5
8785_cam_image_array_.jpg,selected,0.65,120.5,39.0,79.75
8785_cam_image_array_.jpg,selected,0.6,115.0,43.0,79.0
8785_cam_image_array_.jpg,selected,0.55,110.0,53.0,81.5
8845_cam_image_array_.jpg,selected,0.9,154.0,26.5,90.25
8845_cam_image_array_.jpg,selected,0.85,149.5,26.5,88.0
8845_cam_image_array_.jpg,selected,0.8,144.0,29.0,86.5
8845_cam_image_array_.jpg,selected,0.75,138.0,32.5,85.25
8845_cam_image_array_.jpg,selected,0.7,132.5,34.5,83.5
8845_cam_image_array_.jpg,selected,0.65,122.5,45.5,84.0
8845_cam_image_array_.jpg,selected,0.6,,,
8845_cam_image_array_.jpg,selected,0.55,111.0,50.0,80.5
8906_cam_image_array_.jpg,selected,0.9,144.0,8.5,76.25
8906_cam_image_array_.jpg,selected,0.85,138.0,10.0,74.0
8906_cam_image_array_.jpg,selected,0.8,131.5,,
8906_cam_image_array_.jpg,selected,0.75,124.5,,
8906_cam_image_array_.jpg,selected,0.7,116.0,,
8906_cam_image_array_.jpg,selected,0.65,108.5,27.5,68.0
8906_cam_image_array_.jpg,selected,0.6,99.5,29.5,64.5
8906_cam_image_array_.jpg,selected,0.55,91.5,,
8967_cam_image_array_.jpg,selected,0.9,137.0,,
8967_cam_image_array_.jpg,selected,0.85,131.0,5.5,68.25
8967_cam_image_array_.jpg,selected,0.8,124.0,7.0,65.5
8967_cam_image_array_.jpg,selected,0.75,117.0,12.0,64.5
8967_cam_image_array_.jpg,selected,0.7,110.0,13.0,61.5
8967_cam_image_array_.jpg,selected,0.65,102.5,,
8967_cam_image_array_.jpg,selected,0.6,94.0,22.0,58.0
8967_cam_image_array_.jpg,selected,0.55,86.0,,
9027_cam_image_array_.jpg,selected,0.9,151.5,,
9027_cam_image_array_.jpg,selected,0.85,145.0,17.0,81.0
9027_cam_image_array_.jpg,selected,0.8,138.0,19.0,78.5
9027_cam_image_array_.jpg,selected,0.75,131.0,,
9027_cam_image_array_.jpg,selected,0.7,123.0,29.0,76.0
9027_cam_image_array_.jpg,selected,0.65,115.0,30.5,72.75
9027_cam_image_array_.jpg,selected,0.6,,,
9027_cam_image_array_.jpg,selected,0.55,97.0,37.0,67.0
9088_cam_image_array_.jpg,selected,0.9,135.0,,
9088_cam_image_array_.jpg,selected,0.85,130.5,,
9088_cam_image_array_.jpg,selected,0.8,126.5,14.0,70.25
9088_cam_image_array_.jpg,selected,0.75,122.0,18.5,70.25
9088_cam_image_array_.jpg,selected,0.7,117.5,23.5,70.5
9088_cam_image_array_.jpg,selected,0.65,112.5,,
9088_cam_image_array_.jpg,selected,0.6,107.5,39.5,73.5
9088_cam_image_array_.jpg,selected,0.55,103.0,44.0,73.5
9148_cam_image_array_.jpg,selected,0.9,149.5,14.0,81.75
9148_cam_image_array_.jpg,selected,0.85,144.5,17.5,81.0
9148_cam_image_array_.jpg,selected,0.8,139.0,,
9148_cam_image_array_.jpg,selected,0.75,133.5,,
9148_cam_image_array_.jpg,selected,0.7,127.5,38.5,83.0
9148_cam_image_array_.jpg,selected,0.65,121.5,41.5,81.5
9148_cam_image_array_.jpg,selected,0.6,115.0,44.5,79.75
9148_cam_image_array_.jpg,selected,0.55,107.0,47.5,77.25
9209_cam_image_array_.jpg,selected,0.9,140.0,4.5,72.25
9209_cam_image_array_.jpg,selected,0.85,133.5,3.5,68.5
9209_cam_image_array_.jpg,selected,0.8,126.5,,
9209_cam_image_array_.jpg,selected,0.75,119.0,14.0,66.5
9209_cam_image_array_.jpg,selected,0.7,111.0,18.5,64.75
9209_cam_image_array_.jpg,selected,0.65,104.0,22.0,63.0
9209_cam_image_array_.jpg,selected,0.6,95.5,,
9209_cam_image_array_.jpg,selected,0.55,88.5,28.0,58.25
9269_cam_image_array_.jpg,selected,0.9,141.0,,
9269_cam_image_array_.jpg,selected,0.85,135.0,,
9269_cam_image_array_.jpg,selected,0.8,128.5,,
9269_cam_image_array_.jpg,selected,0.75,121.5,16.0,68.75
9269_cam_image_array_.jpg,selected,0.7,114.0,18.0,66.0
9269_cam_image_array_.jpg,selected,0.65,105.0,21.0,63.0
9269_cam_image_array_.jpg,selected,0.6,96.5,27.0,61.75
9269_cam_image_array_.jpg,selected,0.55,88.5,27.5,58.0
9330_cam_image_array_.jpg,selected,0.9,140.5,7.5,74.0
9330_cam_image_array_.jpg,selected,0.85,134.5,6.5,70.5
9330_cam_image_array_.jpg,selected,0.8,127.5,9.0,68.25
9330_cam_image_array_.jpg,selected,0.75,120.0,13.0,66.5
9330_cam_image_array_.jpg,selected,0.7,113.0,,
9330_cam_image_array_.jpg,selected,0.65,105.0,22.5,63.75
9330_cam_image_array_.jpg,selected,0.6,96.0,25.0,60.5
9330_cam_image_array_.jpg,selected,0.55,88.0,,
9391_cam_image_array_.jpg,selected,0.9,137.5,,
9391_cam_image_array_.jpg,selected,0.85,133.0,,
9391_cam_image_array_.jpg,selected,0.8,128.5,16.0,72.25
9391_cam_image_array_.jpg,selected,0.75,124.0,,
9391_cam_image_array_.jpg,selected,0.7,119.5,24.5,72.0
9391_cam_image_array_.jpg,selected,0.65,114.0,,
9391_cam_image_array_.jpg,selected,0.6,109.0,41.5,75.25
9391_cam_image_array_.jpg,selected,0.55,104.5,45.0,74.75
9451_cam_image_array_.jpg,selected,0.9,147.0,,
9451_cam_image_array_.jpg,selected,0.85,141.5,16.5,79.0
9451_cam_image_array_.jpg,selected,0.8,136.5,19.0,77.75
9451_cam_image_array_.jpg,selected,0.75,130.0,,
9451_cam_image_array_.jpg,selected,0.7,124.5,34.5,79.5
9451_cam_image_array_.jpg,selected,0.65,118.0,37.0,77.5
9451_cam_image_array_.jpg,selected,0.6,,,
9451_cam_image_array_.jpg,selected,0.55,106.0,50.0,78.0
9512_cam_image_array_.jpg,selected,0.9,145.0,,
9512_cam_image_array_.jpg,selected,0.85,139.0,10.5,74.75
9512_cam_image_array_.jpg,selected,0.8,132.0,12.5,72.25
9512_cam_image_array_.jpg,selected,0.75,124.5,,
9512_cam_image_array_.jpg,selected,0.7,117.0,25.5,71.25
9512_cam_image_array_.jpg,selected,0.65,109.5,26.5,68.0
9512_cam_image_array_.jpg,selected,0.6,100.0,29.0,64.5
9512_cam_image_array_.jpg,selected,0.55,91.5,33.0,62.25
9572_cam_image_array_.jpg,uncertain,0.9,,,
9572_cam_image_array_.jpg,uncertain,0.85,,,
9572_cam_image_array_.jpg,uncertain,0.8,,,
9572_cam_image_array_.jpg,uncertain,0.75,,,
9572_cam_image_array_.jpg,uncertain,0.7,,,
9572_cam_image_array_.jpg,uncertain,0.65,,,
9572_cam_image_array_.jpg,uncertain,0.6,,,
9572_cam_image_array_.jpg,uncertain,0.55,,,
9633_cam_image_array_.jpg,selected,0.9,158.5,24.5,91.5
9633_cam_image_array_.jpg,selected,0.85,155.0,26.5,90.75
9633_cam_image_array_.jpg,selected,0.8,149.0,28.0,88.5
9633_cam_image_array_.jpg,selected,0.75,140.0,29.0,84.5
9633_cam_image_array_.jpg,selected,0.7,130.0,,
9633_cam_image_array_.jpg,selected,0.65,119.5,34.0,76.75
9633_cam_image_array_.jpg,selected,0.6,123.5,33.5,78.5
9633_cam_image_array_.jpg,selected,0.55,117.5,,
9694_cam_image_array_.jpg,selected,0.9,147.5,12.5,80.0
9694_cam_image_array_.jpg,selected,0.85,143.5,13.5,78.5
9694_cam_image_array_.jpg,selected,0.8,138.0,,
9694_cam_image_array_.jpg,selected,0.75,132.5,32.5,82.5
9694_cam_image_array_.jpg,selected,0.7,126.5,33.5,80.0
9694_cam_image_array_.jpg,selected,0.65,121.0,39.0,80.0
9694_cam_image_array_.jpg,selected,0.6,115.0,,
9694_cam_image_array_.jpg,selected,0.55,109.0,51.5,80.25
9754_cam_image_array_.jpg,selected,0.9,153.5,23.0,88.25
9754_cam_image_array_.jpg,selected,0.85,149.5,27.0,88.25
9754_cam_image_array_.jpg,selected,0.8,143.5,29.0,86.25
9754_cam_image_array_.jpg,selected,0.75,137.5,32.0,84.75
9754_cam_image_array_.jpg,selected,0.7,130.5,,
9754_cam_image_array_.jpg,selected,0.65,122.5,41.0,81.75
9754_cam_image_array_.jpg,selected,0.6,114.0,42.5,78.25
9754_cam_image_array_.jpg,selected,0.55,106.0,,
9815_cam_image_array_.jpg,selected,0.9,147.0,,
9815_cam_image_array_.jpg,selected,0.85,142.0,13.0,77.5
9815_cam_image_array_.jpg,selected,0.8,136.5,13.0,74.75
9815_cam_image_array_.jpg,selected,0.75,130.5,,
9815_cam_image_array_.jpg,selected,0.7,123.0,30.5,76.75
9815_cam_image_array_.jpg,selected,0.65,115.5,32.0,73.75
9815_cam_image_array_.jpg,selected,0.6,107.5,35.0,71.25
9815_cam_image_array_.jpg,selected,0.55,100.0,39.5,69.75
9875_cam_image_array_.jpg,selected,0.9,146.5,,
9875_cam_image_array_.jpg,selected,0.85,139.5,,
9875_cam_image_array_.jpg,selected,0.8,132.0,,
9875_cam_image_array_.jpg,selected,0.75,124.5,21.0,72.75
9875_cam_image_array_.jpg,selected,0.7,116.0,24.0,70.0
9875_cam_image_array_.jpg,selected,0.65,108.0,27.5,67.75
9875_cam_image_array_.jpg,selected,0.6,99.5,32.0,65.75
9875_cam_image_array_.jpg,selected,0.55,92.0,32.5,62.25
9936_cam_image_array_.jpg,selected,0.9,131.0,2.5,66.75
9936_cam_image_array_.jpg,selected,0.85,126.5,5.0,65.75
9936_cam_image_array_.jpg,selected,0.8,122.0,7.5,64.75
9936_cam_image_array_.jpg,selected,0.75,116.5,11.0,63.75
9936_cam_image_array_.jpg,selected,0.7,112.0,,
9936_cam_image_array_.jpg,selected,0.65,107.0,27.0,67.0
9936_cam_image_array_.jpg,selected,0.6,101.5,30.5,66.0
9936_cam_image_array_.jpg,selected,0.55,97.0,41.5,69.25
9997_cam_image_array_.jpg,selected,0.9,145.5,,
9997_cam_image_array_.jpg,selected,0.85,140.5,18.0,79.25
9997_cam_image_array_.jpg,selected,0.8,135.5,20.0,77.75
9997_cam_image_array_.jpg,selected,0.75,130.5,26.0,78.25
9997_cam_image_array_.jpg,selected,0.7,125.5,29.5,77.5
9997_cam_image_array_.jpg,selected,0.65,118.0,,
9997_cam_image_array_.jpg,selected,0.6,,,
9997_cam_image_array_.jpg,selected,0.55,108.5,48.0,78.25
10057_cam_image_array_.jpg,uncertain,0.9,,,
10057_cam_image_array_.jpg,uncertain,0.85,,,
10057_cam_image_array_.jpg,uncertain,0.8,,,
10057_cam_image_array_.jpg,uncertain,0.75,,,
10057_cam_image_array_.jpg,uncertain,0.7,,,
10057_cam_image_array_.jpg,uncertain,0.65,,,
10057_cam_image_array_.jpg,uncertain,0.6,,,
10057_cam_image_array_.jpg,uncertain,0.55,,,
10118_cam_image_array_.jpg,selected,0.9,145.5,13.0,79.25
10118_cam_image_array_.jpg,selected,0.85,139.5,13.5,76.5
10118_cam_image_array_.jpg,selected,0.8,133.0,17.5,75.25
10118_cam_image_array_.jpg,selected,0.75,126.5,20.0,73.25
10118_cam_image_array_.jpg,selected,0.7,119.0,,
10118_cam_image_array_.jpg,selected,0.65,111.5,29.0,70.25
10118_cam_image_array_.jpg,selected,0.6,103.0,31.0,67.0
10118_cam_image_array_.jpg,selected,0.55,95.0,30.0,62.5
10178_cam_image_array_.jpg,selected,0.9,143.0,,
10178_cam_image_array_.jpg,selected,0.85,137.0,,
10178_cam_image_array_.jpg,selected,0.8,131.0,,
10178_cam_image_array_.jpg,selected,0.75,124.0,21.0,72.5
10178_cam_image_array_.jpg,selected,0.7,117.0,23.5,70.25
10178_cam_image_array_.jpg,selected,0.65,109.5,26.0,67.75
10178_cam_image_array_.jpg,selected,0.6,100.5,,
10178_cam_image_array_.jpg,selected,0.55,92.5,30.5,61.5
10239_cam_image_array_.jpg,selected,0.9,134.0,,
10239_cam_image_array_.jpg,selected,0.85,129.0,,
10239_cam_image_array_.jpg,selected,0.8,124.0,13.0,68.5
10239_cam_image_array_.jpg,selected,0.75,118.5,15.0,66.75
10239_cam_image_array_.jpg,selected,0.7,113.5,20.5,67.0
10239_cam_image_array_.jpg,selected,0.65,108.0,,
10239_cam_image_array_.jpg,selected,0.6,102.5,36.0,69.25
10239_cam_image_array_.jpg,selected,0.55,98.0,39.0,68.5
10299_cam_image_array_.jpg,selected,0.9,140.0,,
10299_cam_image_array_.jpg,selected,0.85,136.0,16.0,76.0
10299_cam_image_array_.jpg,selected,0.8,131.5,17.0,74.25
10299_cam_image_array_.jpg,selected,0.75,126.0,22.5,74.25
10299_cam_image_array_.jpg,selected,0.7,123.0,27.0,75.0
10299_cam_image_array_.jpg,selected,0.65,116.0,39.5,77.75
10299_cam_image_array_.jpg,selected,0.6,111.5,42.0,76.75
10299_cam_image_array_.jpg,selected,0.55,107.0,,
10360_cam_image_array_.jpg,selected,0.9,153.5,,
10360_cam_image_array_.jpg,selected,0.85,148.5,23.5,86.0
10360_cam_image_array_.jpg,selected,0.8,142.5,26.0,84.25
10360_cam_image_array_.jpg,selected,0.75,135.5,28.0,81.75
10360_cam_image_array_.jpg,selected,0.7,128.0,31.5,79.75
10360_cam_image_array_.jpg,selected,0.65,121.5,,
10360_cam_image_array_.jpg,selected,0.6,111.0,40.0,75.5
10360_cam_image_array_.jpg,selected,0.55,103.0,42.0,72.5
10421_cam_image_array_.jpg,selected,0.9,149.5,,
10421_cam_image_array_.jpg,selected,0.85,143.5,,
10421_cam_image_array_.jpg,selected,0.8,137.0,,
10421_cam_image_array_.jpg,selected,0.75,130.0,22.5,76.25
10421_cam_image_array_.jpg,selected,0.7,123.0,27.0,75.0
10421_cam_image_array_.jpg,selected,0.65,113.0,27.5,70.25
10421_cam_image_array_.jpg,selected,0.6,104.5,35.0,69.75
10421_cam_image_array_.jpg,selected,0.55,96.5,35.5,66.0
10481_cam_image_array_.jpg,selected,0.9,154.0,,
10481_cam_image_array_.jpg,selected,0.85,149.0,14.5,81.75
10481_cam_image_array_.jpg,selected,0.8,141.0,,
10481_cam_image_array_.jpg,selected,0.75,132.5,,
10481_cam_image_array_.jpg,selected,0.7,123.0,28.5,75.75
10481_cam_image_array_.jpg,selected,0.65,112.5,30.0,71.25
10481_cam_image_array_.jpg,selected,0.6,103.0,33.5,68.25
10481_cam_image_array_.jpg,selected,0.55,94.5,35.5,65.0
10542_cam_image_array_.jpg,selected,0.9,138.5,5.0,71.75
10542_cam_image_array_.jpg,selected,0.85,131.5,5.0,68.25
10542_cam_image_array_.jpg,selected,0.8,125.0,,
10542_cam_image_array_.jpg,selected,0.75,118.5,17.0,67.75
10542_cam_image_array_.jpg,selected,0.7,111.5,19.0,65.25
10542_cam_image_array_.jpg,selected,0.65,105.0,24.0,64.5
10542_cam_image_array_.jpg,selected,0.6,98.0,,
10542_cam_image_array_.jpg,selected,0.55,92.0,33.5,62.75
10602_cam_image_array_.jpg,selected,0.9,154.0,21.5,87.75
10602_cam_image_array_.jpg,selected,0.85,149.5,,
10602_cam_image_array_.jpg,selected,0.8,144.0,28.0,86.0
10602_cam_image_array_.jpg,selected,0.75,138.0,33.0,85.5
10602_cam_image_array_.jpg,selected,0.7,132.0,,
10602_cam_image_array_.jpg,selected,0.65,125.5,44.5,85.0
10602_cam_image_array_.jpg,selected,0.6,,,
10602_cam_image_array_.jpg,selected,0.55,113.0,,
10663_cam_image_array_.jpg,selected,0.9,158.5,25.5,92.0
10663_cam_image_array_.jpg,selected,0.85,155.0,27.5,91.25
10663_cam_image_array_.jpg,selected,0.8,150.0,29.0,89.5
10663_cam_image_array_.jpg,selected,0.75,142.0,,
10663_cam_image_array_.jpg,selected,0.7,155.5,34.5,95.0
10663_cam_image_array_.jpg,selected,0.65,152.0,35.5,93.75
10663_cam_image_array_.jpg,selected,0.6,148.0,35.5,91.75
10663_cam_image_array_.jpg,selected,0.55,140.0,39.0,89.5
10724_cam_image_array_.jpg,selected,0.9,151.0,,
10724_cam_image_array_.jpg,selected,0.85,144.5,18.5,81.5
10724_cam_image_array_.jpg,selected,0.8,137.5,21.0,79.25
10724_cam_image_array_.jpg,selected,0.75,131.0,24.5,77.75
10724_cam_image_array_.jpg,selected,0.7,123.5,26.0,74.75
10724_cam_image_array_.jpg,selected,0.65,115.5,,
10724_cam_image_array_.jpg,selected,0.6,106.0,34.5,70.25
10724_cam_image_array_.jpg,selected,0.55,98.0,35.5,66.75
10784_cam_image_array_.jpg,selected,0.9,155.5,,
10784_cam_image_array_.jpg,selected,0.85,151.5,18.0,84.75
10784_cam_image_array_.jpg,selected,0.8,144.0,19.5,81.75
10784_cam_image_array_.jpg,selected,0.75,136.5,25.0,80.75
10784_cam_image_array_.jpg,selected,0.7,127.5,26.0,76.75
10784_cam_image_array_.jpg,selected,0.65,118.5,,
10784_cam_image_array_.jpg,selected,0.6,107.5,36.5,72.0
10784_cam_image_array_.jpg,selected,0.55,99.5,37.5,68.5
10845_cam_image_array_.jpg,selected,0.9,144.0,,
10845_cam_image_array_.jpg,selected,0.85,139.0,,
10845_cam_image_array_.jpg,selected,0.8,134.0,19.5,76.75
10845_cam_image_array_.jpg,selected,0.75,129.0,24.0,76.5
10845_cam_image_array_.jpg,selected,0.7,123.0,28.0,75.5
10845_cam_image_array_.jpg,selected,0.65,117.0,,
10845_cam_image_array_.jpg,selected,0.6,111.5,42.0,76.75
10845_cam_image_array_.jpg,selected,0.55,106.5,45.5,76.0
10905_cam_image_array_.jpg,selected,0.9,157.0,,
10905_cam_image_array_.jpg,selected,0.85,155.0,,
10905_cam_image_array_.jpg,selected,0.8,150.0,44.0,97.0
10905_cam_image_array_.jpg,selected,0.75,145.0,43.5,94.25
10905_cam_image_array_.jpg,selected,0.7,139.0,48.5,93.75
10905_cam_image_array_.jpg,selected,0.65,133.0,51.5,92.25
10905_cam_image_array_.jpg,selected,0.6,,,
10905_cam_image_array_.jpg,selected,0.55,119.5,61.5,90.5
10966_cam_image_array_.jpg,selected,0.9,157.0,,
10966_cam_image_array_.jpg,selected,0.85,153.5,35.0,94.25
10966_cam_image_array_.jpg,selected,0.8,147.5,36.0,91.75
10966_cam_image_array_.jpg,selected,0.75,141.5,40.0,90.75
10966_cam_image_array_.jpg,selected,0.7,135.0,42.5,88.75
10966_cam_image_array_.jpg,selected,0.65,126.5,,
10966_cam_image_array_.jpg,selected,0.6,118.0,47.5,82.75
10966_cam_image_array_.jpg,selected,0.55,109.5,48.0,78.75
11027_cam_image_array_.jpg,selected,0.9,143.5,,
11027_cam_image_array_.jpg,selected,0.85,135.5,6.0,70.75
11027_cam_image_array_.jpg,selected,0.8,127.5,7.5,67.5
11027_cam_image_array_.jpg,selected,0.75,119.0,9.0,64.0
11027_cam_image_array_.jpg,selected,0.7,110.5,18.5,64.5
11027_cam_image_array_.jpg,selected,0.65,101.0,20.0,60.5
11027_cam_image_array_.jpg,selected,0.6,92.0,22.5,57.25
11027_cam_image_array_.jpg,selected,0.55,84.0,24.5,54.25
11087_cam_image_array_.jpg,selected,0.9,150.0,,
11087_cam_image_array_.jpg,selected,0.85,143.5,13.0,78.25
11087_cam_image_array_.jpg,selected,0.8,136.5,,
11087_cam_image_array_.jpg,selected,0.75,128.5,,
11087_cam_image_array_.jpg,selected,0.7,120.5,22.5,71.5
11087_cam_image_array_.jpg,selected,0.65,109.0,25.5,67.25
11087_cam_image_array_.jpg,selected,0.6,100.5,26.5,63.5
11087_cam_image_array_.jpg,selected,0.55,93.0,31.5,62.25
11148_cam_image_array_.jpg,selected,0.9,138.5,3.0,70.75
11148_cam_image_array_.jpg,selected,0.85,131.5,6.0,68.75
11148_cam_image_array_.jpg,selected,0.8,124.5,8.0,66.25
11148_cam_image_array_.jpg,selected,0.75,117.5,12.0,64.75
11148_cam_image_array_.jpg,selected,0.7,109.5,14.5,62.0
11148_cam_image_array_.jpg,selected,0.65,101.5,21.0,61.25
11148_cam_image_array_.jpg,selected,0.6,92.5,24.0,58.25
11148_cam_image_array_.jpg,selected,0.55,84.5,,
11208_cam_image_array_.jpg,selected,0.9,143.0,,
11208_cam_image_array_.jpg,selected,0.85,137.0,,
11208_cam_image_array_.jpg,selected,0.8,130.5,16.5,73.5
11208_cam_image_array_.jpg,selected,0.75,124.0,18.0,71.0
11208_cam_image_array_.jpg,selected,0.7,116.0,22.0,69.0
11208_cam_image_array_.jpg,selected,0.65,108.5,24.5,66.5
11208_cam_image_array_.jpg,selected,0.6,100.0,31.0,65.5
11208_cam_image_array_.jpg,selected,0.55,91.5,31.5,61.5
11269_cam_image_array_.jpg,selected,0.9,147.5,17.5,82.5
11269_cam_image_array_.jpg,selected,0.85,142.5,17.5,80.0
11269_cam_image_array_.jpg,selected,0.8,137.5,22.0,79.75
11269_cam_image_array_.jpg,selected,0.75,132.0,25.5,78.75
11269_cam_image_array_.jpg,selected,0.7,126.5,27.0,76.75
11269_cam_image_array_.jpg,selected,0.65,121.0,41.5,81.25
11269_cam_image_array_.jpg,selected,0.6,115.0,44.0,79.5
11269_cam_image_array_.jpg,selected,0.55,109.5,53.0,81.25
11329_cam_image_array_.jpg,selected,0.9,153.5,,
11329_cam_image_array_.jpg,selected,0.85,149.0,,
11329_cam_image_array_.jpg,selected,0.8,143.0,,
11329_cam_image_array_.jpg,selected,0.75,137.5,34.5,86.0
11329_cam_image_array_.jpg,selected,0.7,131.5,36.0,83.75
11329_cam_image_array_.jpg,selected,0.65,125.0,40.0,82.5
11329_cam_image_array_.jpg,selected,0.6,,,
11329_cam_image_array_.jpg,selected,0.55,113.0,54.0,83.5
11390_cam_image_array_.jpg,selected,0.9,153.5,,
11390_cam_image_array_.jpg,selected,0.85,148.5,,
11390_cam_image_array_.jpg,selected,0.8,141.0,,
11390_cam_image_array_.jpg,selected,0.75,132.5,23.5,78.0
11390_cam_image_array_.jpg,selected,0.7,123.5,24.5,74.0
11390_cam_image_array_.jpg,selected,0.65,111.5,26.5,69.0
11390_cam_image_array_.jpg,selected,0.6,104.5,31.5,68.0
11390_cam_image_array_.jpg,selected,0.55,95.0,32.5,63.75
11451_cam_image_array_.jpg,selected,0.9,155.5,,
11451_cam_image_array_.jpg,selected,0.85,153.5,19.0,86.25
11451_cam_image_array_.jpg,selected,0.8,148.0,22.5,85.25
11451_cam_image_array_.jpg,selected,0.75,142.5,27.0,84.75
11451_cam_image_array_.jpg,selected,0.7,145.5,,
11451_cam_image_array_.jpg,selected,0.65,130.5,41.5,86.0
11451_cam_image_array_.jpg,selected,0.6,123.5,44.5,84.0
11451_cam_image_array_.jpg,selected,0.55,118.0,48.0,83.0
11511_cam_image_array_.jpg,selected,0.9,155.5,,
11511_cam_image_array_.jpg,selected,0.85,153.5,19.5,86.5
11511_cam_image_array_.jpg,selected,0.8,148.0,23.5,85.75
11511_cam_image_array_.jpg,selected,0.75,142.5,27.0,84.75
11511_cam_image_array_.jpg,selected,0.7,145.5,,
11511_cam_image_array_.jpg,selected,0.65,130.5,42.0,86.25
11511_cam_image_array_.jpg,selected,0.6,123.5,44.5,84.0
11511_cam_image_array_.jpg,selected,0.55,118.0,48.0,83.0
11572_cam_image_array_.jpg,selected,0.9,155.5,,
11572_cam_image_array_.jpg,selected,0.85,153.5,19.0,86.25
11572_cam_image_array_.jpg,selected,0.8,148.0,23.5,85.75
11572_cam_image_array_.jpg,selected,0.75,142.5,27.0,84.75
11572_cam_image_array_.jpg,selected,0.7,137.0,,
11572_cam_image_array_.jpg,selected,0.65,130.0,41.5,85.75
11572_cam_image_array_.jpg,selected,0.6,124.0,44.0,84.0
11572_cam_image_array_.jpg,selected,0.55,118.0,48.0,83.0
11632_cam_image_array_.jpg,selected,0.9,155.5,,
11632_cam_image_array_.jpg,selected,0.85,153.5,19.5,86.5
11632_cam_image_array_.jpg,selected,0.8,148.0,23.0,85.5
11632_cam_image_array_.jpg,selected,0.75,142.5,27.0,84.75
11632_cam_image_array_.jpg,selected,0.7,136.5,,
11632_cam_image_array_.jpg,selected,0.65,130.0,41.5,85.75
11632_cam_image_array_.jpg,selected,0.6,124.0,44.5,84.25
11632_cam_image_array_.jpg,selected,0.55,118.0,48.0,83.0
11693_cam_image_array_.jpg,selected,0.9,,,
11693_cam_image_array_.jpg,selected,0.85,51.0,,
11693_cam_image_array_.jpg,selected,0.8,59.0,,
11693_cam_image_array_.jpg,selected,0.75,66.5,,
11693_cam_image_array_.jpg,selected,0.7,72.0,,
11693_cam_image_array_.jpg,selected,0.65,84.0,,
11693_cam_image_array_.jpg,selected,0.6,86.5,,
11693_cam_image_array_.jpg,selected,0.55,92.0,20.0,56.0
11754_cam_image_array_.jpg,selected,0.9,,,
11754_cam_image_array_.jpg,selected,0.85,51.0,,
11754_cam_image_array_.jpg,selected,0.8,59.0,,
11754_cam_image_array_.jpg,selected,0.75,66.5,,
11754_cam_image_array_.jpg,selected,0.7,72.0,,
11754_cam_image_array_.jpg,selected,0.65,83.5,,
11754_cam_image_array_.jpg,selected,0.6,86.5,,
11754_cam_image_array_.jpg,selected,0.55,92.0,19.0,55.5
11814_cam_image_array_.jpg,selected,0.9,156.0,28.0,92.0
11814_cam_image_array_.jpg,selected,0.85,154.0,30.5,92.25
11814_cam_image_array_.jpg,selected,0.8,150.0,36.0,93.0
11814_cam_image_array_.jpg,selected,0.75,146.0,39.0,92.5
11814_cam_image_array_.jpg,selected,0.7,140.5,,
11814_cam_image_array_.jpg,selected,0.65,135.5,55.5,95.5
11814_cam_image_array_.jpg,selected,0.6,,,
11814_cam_image_array_.jpg,selected,0.55,121.5,,
11875_cam_image_array_.jpg,selected,0.9,156.0,28.5,92.25
11875_cam_image_array_.jpg,selected,0.85,154.5,30.5,92.5
11875_cam_image_array_.jpg,selected,0.8,150.0,36.0,93.0
11875_cam_image_array_.jpg,selected,0.75,145.5,38.5,92.0
11875_cam_image_array_.jpg,selected,0.7,140.5,,
11875_cam_image_array_.jpg,selected,0.65,135.0,55.5,95.25
11875_cam_image_array_.jpg,selected,0.6,,,
11875_cam_image_array_.jpg,selected,0.55,121.5,58.0,89.75
11935_cam_image_array_.jpg,selected,0.9,156.5,29.5,93.0
11935_cam_image_array_.jpg,selected,0.85,154.5,30.5,92.5
11935_cam_image_array_.jpg,selected,0.8,150.5,36.0,93.25
11935_cam_image_array_.jpg,selected,0.75,146.5,40.5,93.5
11935_cam_image_array_.jpg,selected,0.7,141.5,,
11935_cam_image_array_.jpg,selected,0.65,,,
11935_cam_image_array_.jpg,selected,0.6,,,
11935_cam_image_array_.jpg,selected,0.55,,,
11996_cam_image_array_.jpg,selected,0.9,156.5,28.5,92.5
11996_cam_image_array_.jpg,selected,0.85,154.5,31.5,93.0
11996_cam_image_array_.jpg,selected,0.8,150.5,35.5,93.0
11996_cam_image_array_.jpg,selected,0.75,146.5,38.5,92.5
11996_cam_image_array_.jpg,selected,0.7,141.5,,
11996_cam_image_array_.jpg,selected,0.65,,,
11996_cam_image_array_.jpg,selected,0.6,,,
11996_cam_image_array_.jpg,selected,0.55,,,
12057_cam_image_array_.jpg,selected,0.9,156.5,28.5,92.5
12057_cam_image_array_.jpg,selected,0.85,154.5,31.5,93.0
12057_cam_image_array_.jpg,selected,0.8,150.5,36.0,93.25
12057_cam_image_array_.jpg,selected,0.75,146.0,40.5,93.25
12057_cam_image_array_.jpg,selected,0.7,141.5,,
12057_cam_image_array_.jpg,selected,0.65,,,
12057_cam_image_array_.jpg,selected,0.6,,,
12057_cam_image_array_.jpg,selected,0.55,,,
