run,frame,logged_status,status,source,pwm,ms
20260908_133717_324605,1,ready,ready,paired,369,4.201416973955929
20260908_133717_324605,4,ready,ready,paired,369,1.3516249600797892
20260908_133717_324605,7,ready,ready,paired,368,1.2807910097762942
20260908_133717_324605,10,ready,ready,paired,369,1.2787079904228449
20260908_133717_324605,13,ready,ready,paired,368,1.3392920373007655
20260908_133717_324605,16,ready,ready,paired,369,1.4290420804172754
20260908_133717_324605,19,ready,ready,paired,371,1.5178329776972532
20260908_133717_324605,22,ready,ready,paired,372,1.4832919696345925
20260908_133717_324605,25,ready,ready,paired,372,1.5257499180734158
20260908_133717_324605,28,ready,ready,paired,376,1.50245800614357
20260908_133717_324605,31,ready,ready,paired,378,1.6539170173928142
20260908_133717_324605,34,ready,ready,paired,381,1.5254999743774533
20260908_133717_324605,37,ready,ready,paired,384,1.48341606836766
20260908_133717_324605,40,ready,ready,paired,386,1.435916987247765
20260908_133717_324605,43,ready,ready,paired,386,1.532917027361691
20260908_133717_324605,46,ready,ready,paired,386,1.4845830155536532
20260908_133717_324605,49,ready,ready,paired,388,1.43158296123147
20260908_133717_324605,52,ready,ready,paired,388,1.58783292863518
20260908_133717_324605,55,ready,ready,paired,388,1.3335830299183726
20260908_133717_324605,58,ready,ready,paired,388,3.710332908667624
20260908_133717_324605,61,ready,ready,paired,391,2.050874987617135
20260908_133717_324605,64,ready,ready,paired,390,1.2765410356223583
20260908_133717_324605,67,ready,ready,paired,390,1.699040993116796
20260908_133717_324605,69,unavailable,ready,paired,394,1.31145806517452
20260908_134855_688477,1,ready,ready,paired,379,1.4105410082265735
20260908_134855_688477,4,ready,ready,paired,379,1.388499978929758
20260908_134855_688477,7,ready,ready,paired,379,1.3956669718027115
20260908_134855_688477,10,ready,ready,paired,379,1.4974999940022826
20260908_134855_688477,13,ready,ready,paired,380,1.3754579704254866
20260908_134855_688477,16,ready,ready,paired,380,1.3050000416114926
20260908_134855_688477,19,ready,ready,paired,383,1.3533750316128135
20260908_134855_688477,22,ready,ready,paired,383,1.524207997135818
20260908_134855_688477,25,ready,ready,paired,384,1.6777500277385116
20260908_134855_688477,28,ready,ready,paired,385,1.5250419965013862
20260908_134855_688477,31,ready,ready,paired,388,1.8042080337181687
20260908_134855_688477,34,ready,ready,paired,387,1.7735000001266599
20260908_134855_688477,37,ready,ready,paired,388,1.7978750402107835
20260908_134855_688477,40,ready,ready,paired,388,1.6948330448940396
20260908_134855_688477,43,ready,ready,paired,388,1.9927079556509852
20260908_134855_688477,46,ready,ready,paired,387,1.5137080335989594
20260908_134855_688477,49,ready,ready,paired,385,1.248750020749867
20260908_134855_688477,52,ready,ready,paired,386,1.2875839602202177
20260908_134855_688477,55,ready,ready,paired,388,1.3054999290034175
20260908_134855_688477,58,ready,ready,paired,389,1.2213330483064055
20260908_134855_688477,61,ready,ready,paired,388,1.3405419886112213
20260908_134855_688477,64,ready,ready,paired,394,1.414833008311689
20260908_134855_688477,67,ready,ready,paired,394,1.4530830085277557
20260908_134855_688477,69,unavailable,ready,paired,395,1.2901660520583391
20260908_140048_382380,1,ready,ready,paired,377,1.6259161056950688
20260908_140048_382380,4,ready,ready,paired,377,1.380166970193386
20260908_140048_382380,7,ready,ready,paired,377,1.5957499854266644
20260908_140048_382380,10,ready,ready,paired,377,1.4398751081898808
20260908_140048_382380,13,ready,ready,paired,377,1.4639589935541153
20260908_140048_382380,16,ready,ready,paired,378,1.3599159428849816
20260908_140048_382380,19,ready,ready,paired,379,1.2177500175312161
20260908_140048_382380,22,ready,ready,paired,380,1.2855000095441937
20260908_140048_382380,25,ready,ready,paired,383,1.4910409227013588
20260908_140048_382380,28,ready,ready,paired,384,1.5984999481588602
20260908_140048_382380,31,ready,ready,paired,386,1.5599170001223683
20260908_140048_382380,34,ready,ready,paired,388,1.3397920411080122
20260908_140048_382380,37,ready,ready,paired,389,1.4878750080242753
20260908_140048_382380,40,ready,ready,paired,388,1.5195420710369945
20260908_140048_382380,43,ready,ready,paired,388,1.5657079638913274
20260908_140048_382380,46,ready,ready,paired,389,1.398292020894587
20260908_140048_382380,49,ready,ready,paired,388,1.4467500150203705
20260908_140048_382380,52,ready,ready,paired,385,1.2451659422367811
20260908_140048_382380,55,ready,ready,paired,385,1.255958923138678
20260908_140048_382380,58,ready,ready,paired,388,1.4466670108959079
20260908_140048_382380,61,ready,ready,paired,389,1.346917008049786
20260908_140048_382380,64,ready,ready,paired,386,1.2479580473154783
20260908_140048_382380,67,ready,ready,paired,393,1.3555409386754036
20260908_140048_382380,70,ready,ready,paired,395,1.2620830675587058
20260908_140048_382380,73,ready,ready,paired,394,1.2302499962970614
20260908_140048_382380,76,unavailable,ready,independent_estimated,393,2.00824998319149
20260908_141033_123128,1,ready,ready,paired,377,1.4552089851349592
20260908_141033_123128,3,ready,ready,paired,377,1.4014579355716705
20260908_141033_123128,6,ready,ready,paired,377,1.52133300434798
20260908_141033_123128,9,ready,ready,paired,377,1.5016250545158982
20260908_141033_123128,12,ready,ready,paired,377,1.2862920993939042
20260908_141033_123128,15,ready,ready,paired,378,1.3480829074978828
20260908_141033_123128,18,ready,ready,paired,380,1.3331669615581632
20260908_141033_123128,21,ready,ready,paired,380,1.4713749988004565
20260908_141033_123128,24,ready,ready,paired,382,1.4841670636087656
20260908_141033_123128,27,ready,ready,paired,384,1.5904160682111979
20260908_141033_123128,30,ready,ready,paired,384,1.4581660507246852
20260908_141033_123128,33,ready,ready,paired,385,1.3679590774700046
20260908_141033_123128,36,ready,ready,paired,387,1.443041954189539
20260908_141033_123128,39,ready,ready,paired,388,1.6248340252786875
20260908_141033_123128,42,ready,ready,paired,386,1.4236250426620245
20260908_141033_123128,45,ready,ready,paired,389,1.28454202786088
20260908_141033_123128,48,ready,ready,paired,385,1.583916018716991
20260908_141033_123128,51,ready,ready,paired,385,1.3669580221176147
20260908_141033_123128,54,ready,ready,paired,385,1.1546250898391008
20260908_141033_123128,57,ready,ready,paired,387,1.1918749660253525
20260908_141033_123128,60,ready,ready,paired,390,1.155667006969452
20260908_141033_123128,63,ready,ready,paired,389,1.2056659907102585
20260908_141033_123128,66,ready,ready,paired,394,1.2324589770287275
20260908_141033_123128,69,ready,ready,paired,394,1.2193330330774188
20260908_141033_123128,72,ready,ready,paired,395,1.1737500317394733
20260908_141033_123128,74,ready,unavailable,unavailable,365,1.3687079772353172
20260908_141033_123128,75,unavailable,ready,independent_estimated,392,1.7364160157740116
