run,image,old_ready,new_ready,old_pwm,new_pwm,old_near,new_near,new_far,pair_status,points
133417,000001_raw.jpg,ready,ready,349,349,85.75,85.75,83.75,consistent,"[(0.55, 83.75), (0.6, 86.25), (0.65, 85.75), (0.7, 88.25), (0.75, 89.5), (0.8, 93.5)]"
133417,000023_raw.jpg,ready,ready,349,349,85.75,85.75,83.75,consistent,"[(0.55, 83.75), (0.6, 86.25), (0.65, 85.75), (0.7, 88.25), (0.75, 89.5), (0.8, 92.5)]"
133417,000045_raw.jpg,ready,ready,349,349,85.75,85.75,83.75,consistent,"[(0.55, 83.75), (0.6, 86.25), (0.65, 85.75), (0.7, 88.25), (0.75, 89.5), (0.8, 92.75)]"
133417,000067_raw.jpg,ready,ready,348,348,85.75,85.75,84.0,consistent,"[(0.55, 84.0), (0.6, 86.25), (0.65, 85.75), (0.7, 88.25), (0.75, 89.75), (0.8, 93.0)]"
133417,000089_raw.jpg,ready,ready,348,348,86.0,86.0,84.0,consistent,"[(0.55, 84.0), (0.6, 86.25), (0.65, 86.0), (0.7, 88.5), (0.75, 89.5), (0.8, 92.75)]"
133417,000111_raw.jpg,ready,ready,349,349,85.75,85.75,83.75,consistent,"[(0.55, 83.75), (0.6, 86.25), (0.65, 85.75), (0.7, 88.5), (0.75, 89.75), (0.8, 92.75)]"
133417,000133_raw.jpg,ready,ready,349,349,85.75,85.75,83.75,consistent,"[(0.55, 83.75), (0.6, 86.25), (0.65, 85.75), (0.7, 88.5), (0.75, 89.5), (0.8, 93.0)]"
133417,000155_raw.jpg,ready,ready,348,348,86.0,86.0,84.0,consistent,"[(0.55, 84.0), (0.6, 86.25), (0.65, 86.0), (0.7, 88.5), (0.75, 89.5), (0.8, 93.0)]"
133417,000177_raw.jpg,ready,ready,349,349,85.75,85.75,83.75,consistent,"[(0.55, 83.75), (0.6, 86.25), (0.65, 85.75), (0.7, 88.25), (0.75, 89.5), (0.8, 93.0)]"
133417,000199_raw.jpg,ready,ready,349,349,86.0,86.0,83.75,consistent,"[(0.55, 83.75), (0.6, 86.25), (0.65, 86.0), (0.7, 88.25), (0.75, 89.5), (0.8, 93.0)]"
133417,000221_raw.jpg,ready,ready,349,349,86.0,86.0,83.75,consistent,"[(0.55, 83.75), (0.6, 86.25), (0.65, 86.0), (0.7, 88.5), (0.75, 89.75), (0.8, 93.25)]"
133417,000243_raw.jpg,ready,ready,349,349,86.0,86.0,83.75,consistent,"[(0.55, 83.75), (0.6, 86.25), (0.65, 86.0), (0.7, 88.5), (0.75, 89.25), (0.8, 92.75)]"
133417,000265_raw.jpg,ready,ready,348,348,85.75,85.75,84.0,consistent,"[(0.55, 84.0), (0.6, 86.25), (0.65, 85.75), (0.7, 88.25), (0.75, 89.5), (0.8, 93.5)]"
133417,000287_raw.jpg,ready,ready,349,349,85.75,85.75,83.75,consistent,"[(0.55, 83.75), (0.6, 86.25), (0.65, 85.75), (0.7, 88.25), (0.75, 89.75), (0.8, 93.75)]"
133417,000309_raw.jpg,ready,ready,349,349,86.0,86.0,83.75,consistent,"[(0.55, 83.75), (0.6, 86.25), (0.65, 86.0), (0.7, 88.5), (0.75, 89.75), (0.8, 93.0)]"
133417,000331_raw.jpg,ready,ready,349,349,86.0,86.0,83.75,consistent,"[(0.55, 83.75), (0.6, 86.25), (0.65, 86.0), (0.7, 88.0), (0.75, 89.75), (0.8, 93.0)]"
133417,000353_raw.jpg,ready,ready,349,349,86.0,86.0,83.75,consistent,"[(0.55, 83.75), (0.6, 86.25), (0.65, 86.0), (0.7, 88.5), (0.75, 89.5), (0.8, 93.0)]"
133417,000375_raw.jpg,ready,ready,349,349,86.0,86.0,83.75,consistent,"[(0.55, 83.75), (0.6, 86.25), (0.65, 86.0), (0.7, 88.25), (0.75, 89.5), (0.8, 93.0)]"
133417,000397_raw.jpg,ready,ready,349,349,86.0,86.0,83.75,consistent,"[(0.55, 83.75), (0.6, 86.25), (0.65, 86.0), (0.7, 88.5), (0.75, 89.5), (0.8, 93.0)]"
133417,000419_raw.jpg,ready,ready,349,349,86.0,86.0,83.75,consistent,"[(0.55, 83.75), (0.6, 86.25), (0.65, 86.0), (0.7, 88.5), (0.75, 89.5), (0.8, 93.25)]"
133417,000441_raw.jpg,ready,ready,349,349,86.0,86.0,83.75,consistent,"[(0.55, 83.75), (0.6, 86.25), (0.65, 86.0), (0.7, 88.0), (0.75, 89.25), (0.8, 93.0)]"
133417,000463_raw.jpg,ready,ready,349,349,86.0,86.0,83.75,consistent,"[(0.55, 83.75), (0.6, 86.25), (0.65, 86.0), (0.7, 88.5), (0.75, 89.5), (0.8, 92.75)]"
133417,000485_raw.jpg,ready,ready,349,349,85.75,85.75,83.75,consistent,"[(0.55, 83.75), (0.6, 86.25), (0.65, 85.75), (0.7, 88.25), (0.75, 89.5), (0.8, 92.75)]"
133417,000507_raw.jpg,ready,ready,349,349,85.75,85.75,83.75,consistent,"[(0.55, 83.75), (0.6, 86.25), (0.65, 85.75), (0.7, 88.5), (0.75, 89.5), (0.8, 93.0)]"
133417,000529_raw.jpg,ready,ready,349,349,86.0,86.0,83.75,consistent,"[(0.55, 83.75), (0.6, 86.25), (0.65, 86.0), (0.7, 88.25), (0.75, 89.75), (0.8, 92.75)]"
133417,000551_raw.jpg,ready,ready,349,349,85.75,85.75,83.75,consistent,"[(0.55, 83.75), (0.6, 86.25), (0.65, 85.75), (0.7, 88.5), (0.75, 89.75), (0.8, 93.0)]"
133417,000573_raw.jpg,ready,ready,349,349,85.75,85.75,83.75,consistent,"[(0.55, 83.75), (0.6, 86.25), (0.65, 85.75), (0.7, 88.25), (0.75, 89.5), (0.8, 92.75)]"
133417,000595_raw.jpg,ready,ready,349,349,86.0,86.0,83.75,consistent,"[(0.55, 83.75), (0.6, 86.25), (0.65, 86.0), (0.7, 88.25), (0.75, 89.75), (0.8, 92.75)]"
133417,000617_raw.jpg,ready,ready,349,349,86.0,86.0,83.75,consistent,"[(0.55, 83.75), (0.6, 86.25), (0.65, 86.0), (0.7, 88.5), (0.75, 89.75), (0.8, 92.75)]"
133705,000001_raw.jpg,ready,ready,347,347,92.25,92.25,87.5,consistent,"[(0.55, 87.5), (0.6, 91.0), (0.65, 92.25), (0.7, 95.75), (0.75, 98.0), (0.8, 100.5)]"
133705,000023_raw.jpg,ready,ready,347,347,92.25,92.25,87.5,consistent,"[(0.55, 87.5), (0.6, 91.0), (0.65, 92.25), (0.7, 95.5), (0.75, 97.75), (0.8, 100.5)]"
133705,000045_raw.jpg,ready,ready,348,348,92.5,92.5,87.5,consistent,"[(0.55, 87.5), (0.6, 91.0), (0.65, 92.5), (0.7, 95.5), (0.75, 98.0), (0.8, 100.5)]"
133705,000067_raw.jpg,ready,ready,348,348,92.5,92.5,87.25,consistent,"[(0.55, 87.25), (0.6, 91.0), (0.65, 92.5), (0.7, 95.75), (0.75, 97.75), (0.8, 100.5)]"
133705,000089_raw.jpg,ready,ready,348,348,92.25,92.25,87.25,consistent,"[(0.55, 87.25), (0.6, 91.0), (0.65, 92.25), (0.7, 95.75), (0.75, 97.75), (0.8, 100.5)]"
133705,000111_raw.jpg,ready,ready,348,348,92.25,92.25,87.25,consistent,"[(0.55, 87.25), (0.6, 91.0), (0.65, 92.25), (0.7, 95.75), (0.75, 97.75), (0.8, 100.5)]"
133705,000133_raw.jpg,ready,ready,348,348,92.5,92.5,87.25,consistent,"[(0.55, 87.25), (0.6, 91.0), (0.65, 92.5), (0.7, 95.75), (0.75, 97.75), (0.8, 100.5)]"
133705,000155_raw.jpg,ready,ready,348,348,92.25,92.25,87.25,consistent,"[(0.55, 87.25), (0.6, 91.0), (0.65, 92.25), (0.7, 95.75), (0.75, 97.75), (0.8, 100.5)]"
133705,000177_raw.jpg,ready,ready,348,348,92.5,92.5,87.5,consistent,"[(0.55, 87.5), (0.6, 91.0), (0.65, 92.5), (0.7, 95.5), (0.75, 97.75), (0.8, 100.5)]"
133705,000199_raw.jpg,ready,ready,347,347,92.25,92.25,87.5,consistent,"[(0.55, 87.5), (0.6, 91.0), (0.65, 92.25), (0.7, 95.75), (0.75, 97.75), (0.8, 100.5)]"
133705,000221_raw.jpg,ready,ready,348,348,92.5,92.5,87.25,consistent,"[(0.55, 87.25), (0.6, 91.0), (0.65, 92.5), (0.7, 95.75), (0.75, 98.0), (0.8, 100.5)]"
133705,000243_raw.jpg,ready,ready,347,347,92.25,92.25,87.5,consistent,"[(0.55, 87.5), (0.6, 91.0), (0.65, 92.25), (0.7, 95.75), (0.75, 97.75), (0.8, 100.5)]"
133705,000265_raw.jpg,ready,ready,348,348,92.5,92.5,87.5,consistent,"[(0.55, 87.5), (0.6, 91.0), (0.65, 92.5), (0.7, 95.75), (0.75, 98.0), (0.8, 100.5)]"
133705,000287_raw.jpg,ready,ready,347,347,92.25,92.25,87.5,consistent,"[(0.55, 87.5), (0.6, 91.0), (0.65, 92.25), (0.7, 95.75), (0.75, 98.0), (0.8, 100.25)]"
133705,000309_raw.jpg,ready,ready,348,348,92.5,92.5,87.5,consistent,"[(0.55, 87.5), (0.6, 91.0), (0.65, 92.5), (0.7, 95.5), (0.75, 97.75), (0.8, 100.5)]"
133705,000331_raw.jpg,ready,ready,347,347,92.5,92.5,87.75,consistent,"[(0.55, 87.75), (0.6, 91.0), (0.65, 92.5), (0.7, 95.75), (0.75, 98.0), (0.8, 100.5)]"
133705,000353_raw.jpg,ready,ready,348,348,92.5,92.5,87.25,consistent,"[(0.55, 87.25), (0.6, 91.0), (0.65, 92.5), (0.7, 95.75), (0.75, 97.75), (0.8, 100.5)]"
133705,000375_raw.jpg,ready,ready,348,348,92.25,92.25,87.25,consistent,"[(0.55, 87.25), (0.6, 91.0), (0.65, 92.25), (0.7, 95.75), (0.75, 97.75), (0.8, 100.5)]"
133705,000397_raw.jpg,ready,ready,348,348,92.25,92.25,87.25,consistent,"[(0.55, 87.25), (0.6, 91.0), (0.65, 92.25), (0.7, 95.75), (0.75, 98.0), (0.8, 100.5)]"
133705,000419_raw.jpg,ready,ready,348,348,92.5,92.5,87.5,consistent,"[(0.55, 87.5), (0.6, 91.0), (0.65, 92.5), (0.7, 95.75), (0.75, 97.75), (0.8, 100.5)]"
133705,000441_raw.jpg,ready,ready,348,348,92.5,92.5,87.25,consistent,"[(0.55, 87.25), (0.6, 91.0), (0.65, 92.5), (0.7, 95.75), (0.75, 98.25), (0.8, 100.5)]"
133705,000463_raw.jpg,ready,ready,347,347,92.25,92.25,87.5,consistent,"[(0.55, 87.5), (0.6, 91.0), (0.65, 92.25), (0.7, 95.75), (0.75, 97.75), (0.8, 100.5)]"
133705,000485_raw.jpg,ready,ready,348,348,92.5,92.5,87.5,consistent,"[(0.55, 87.5), (0.6, 91.0), (0.65, 92.5), (0.7, 95.75), (0.75, 98.0), (0.8, 100.5)]"
133705,000507_raw.jpg,ready,ready,348,348,92.5,92.5,87.25,consistent,"[(0.55, 87.25), (0.6, 91.0), (0.65, 92.5), (0.7, 95.75), (0.75, 98.0), (0.8, 100.5)]"
133705,000529_raw.jpg,ready,ready,347,347,92.25,92.25,87.5,consistent,"[(0.55, 87.5), (0.6, 91.0), (0.65, 92.25), (0.7, 95.75), (0.75, 97.75), (0.8, 100.5)]"
133705,000551_raw.jpg,ready,ready,348,348,92.25,92.25,87.25,consistent,"[(0.55, 87.25), (0.6, 91.0), (0.65, 92.25), (0.7, 95.75), (0.75, 98.0), (0.8, 100.5)]"
133705,000573_raw.jpg,ready,ready,348,348,92.5,92.5,87.25,consistent,"[(0.55, 87.25), (0.6, 91.0), (0.65, 92.5), (0.7, 95.75), (0.75, 98.0), (0.8, 100.5)]"
133705,000595_raw.jpg,ready,ready,348,348,92.5,92.5,87.25,consistent,"[(0.55, 87.25), (0.6, 91.0), (0.65, 92.5), (0.7, 95.75), (0.75, 97.75), (0.8, 100.5)]"
133705,000617_raw.jpg,ready,ready,348,348,92.5,92.5,87.25,consistent,"[(0.55, 87.25), (0.6, 91.0), (0.65, 92.5), (0.7, 95.75), (0.75, 97.75), (0.8, 100.5)]"
133915,000001_raw.jpg,ready,ready,358,358,66.75,66.75,70.25,consistent,"[(0.55, 70.25), (0.6, 71.0), (0.65, 66.75), (0.7, 66.25), (0.75, 67.5), (0.85, 63.0), (0.9, 64.0)]"
133915,000023_raw.jpg,ready,ready,358,358,66.75,66.75,70.25,consistent,"[(0.55, 70.25), (0.6, 70.75), (0.65, 66.75), (0.7, 66.25), (0.75, 67.25), (0.85, 63.0), (0.9, 64.25)]"
133915,000045_raw.jpg,ready,ready,358,358,66.75,66.75,70.25,consistent,"[(0.55, 70.25), (0.6, 71.0), (0.65, 66.75), (0.7, 66.0), (0.75, 67.25), (0.85, 63.0), (0.9, 64.0)]"
133915,000067_raw.jpg,ready,ready,358,358,66.75,66.75,70.25,consistent,"[(0.55, 70.25), (0.6, 70.75), (0.65, 66.75), (0.7, 66.5), (0.75, 67.5), (0.85, 63.0), (0.9, 64.0)]"
133915,000089_raw.jpg,ready,ready,358,358,66.5,66.5,70.25,consistent,"[(0.55, 70.25), (0.6, 70.75), (0.65, 66.5), (0.7, 66.5), (0.75, 67.25), (0.85, 63.0), (0.9, 64.25)]"
133915,000111_raw.jpg,ready,ready,358,358,66.75,66.75,70.25,consistent,"[(0.55, 70.25), (0.6, 71.25), (0.65, 66.75), (0.7, 66.25), (0.75, 67.25), (0.85, 63.0), (0.9, 64.25)]"
133915,000133_raw.jpg,ready,ready,358,358,66.75,66.75,70.25,consistent,"[(0.55, 70.25), (0.6, 70.75), (0.65, 66.75), (0.7, 66.0), (0.75, 67.5), (0.85, 63.0), (0.9, 64.25)]"
133915,000155_raw.jpg,ready,ready,358,358,66.75,66.75,70.25,consistent,"[(0.55, 70.25), (0.6, 71.0), (0.65, 66.75), (0.7, 66.0), (0.75, 67.5), (0.85, 63.0), (0.9, 64.0)]"
133915,000177_raw.jpg,ready,ready,358,358,66.5,66.5,70.25,consistent,"[(0.55, 70.25), (0.6, 70.5), (0.65, 66.5), (0.7, 66.0), (0.75, 67.25), (0.85, 63.0), (0.9, 64.0)]"
133915,000199_raw.jpg,ready,ready,358,358,66.75,66.75,70.25,consistent,"[(0.55, 70.25), (0.6, 70.75), (0.65, 66.75), (0.7, 66.25), (0.75, 67.5), (0.85, 63.0), (0.9, 64.0)]"
133915,000221_raw.jpg,ready,ready,358,358,66.75,66.75,70.25,consistent,"[(0.55, 70.25), (0.6, 70.75), (0.65, 66.75), (0.7, 66.25), (0.75, 67.5), (0.85, 63.0), (0.9, 64.0)]"
133915,000243_raw.jpg,ready,ready,358,358,66.75,66.75,70.25,consistent,"[(0.55, 70.25), (0.6, 70.75), (0.65, 66.75), (0.7, 66.25), (0.75, 67.5), (0.85, 63.0), (0.9, 64.0)]"
133915,000265_raw.jpg,ready,ready,358,358,66.75,66.75,70.25,consistent,"[(0.55, 70.25), (0.6, 71.0), (0.65, 66.75), (0.7, 66.0), (0.75, 67.25), (0.85, 63.0), (0.9, 64.0)]"
133915,000287_raw.jpg,ready,ready,358,358,66.5,66.5,70.25,consistent,"[(0.55, 70.25), (0.6, 71.0), (0.65, 66.5), (0.7, 66.25), (0.75, 67.25), (0.85, 63.0), (0.9, 64.0)]"
133915,000309_raw.jpg,ready,ready,358,358,66.5,66.5,70.25,consistent,"[(0.55, 70.25), (0.6, 71.0), (0.65, 66.5), (0.7, 66.0), (0.75, 67.25), (0.85, 63.0), (0.9, 64.25)]"
133915,000331_raw.jpg,ready,ready,358,358,66.75,66.75,70.25,consistent,"[(0.55, 70.25), (0.6, 71.0), (0.65, 66.75), (0.7, 66.25), (0.75, 67.25), (0.85, 63.0), (0.9, 64.0)]"
133915,000353_raw.jpg,ready,ready,358,358,66.75,66.75,70.25,consistent,"[(0.55, 70.25), (0.6, 70.75), (0.65, 66.75), (0.7, 66.0), (0.75, 67.5), (0.85, 63.0), (0.9, 64.0)]"
133915,000375_raw.jpg,ready,ready,358,358,66.75,66.75,70.25,consistent,"[(0.55, 70.25), (0.6, 70.75), (0.65, 66.75), (0.7, 66.25), (0.75, 67.5), (0.85, 63.0), (0.9, 64.25)]"
133915,000397_raw.jpg,ready,ready,358,358,66.75,66.75,70.25,consistent,"[(0.55, 70.25), (0.6, 70.75), (0.65, 66.75), (0.7, 66.0), (0.75, 67.25), (0.85, 63.0), (0.9, 64.0)]"
133915,000419_raw.jpg,ready,ready,358,358,66.75,66.75,70.25,consistent,"[(0.55, 70.25), (0.6, 71.0), (0.65, 66.75), (0.7, 66.25), (0.75, 67.5), (0.85, 63.0), (0.9, 64.0)]"
133915,000441_raw.jpg,ready,ready,358,358,66.75,66.75,70.25,consistent,"[(0.55, 70.25), (0.6, 71.0), (0.65, 66.75), (0.7, 66.0), (0.75, 67.25), (0.85, 63.0), (0.9, 64.25)]"
133915,000463_raw.jpg,ready,ready,358,358,66.5,66.5,70.25,consistent,"[(0.55, 70.25), (0.6, 70.75), (0.65, 66.5), (0.7, 66.25), (0.75, 67.25), (0.85, 63.0), (0.9, 64.0)]"
133915,000485_raw.jpg,ready,ready,358,358,66.75,66.75,70.25,consistent,"[(0.55, 70.25), (0.6, 70.75), (0.65, 66.75), (0.7, 66.25), (0.75, 67.25), (0.85, 63.0), (0.9, 64.0)]"
133915,000507_raw.jpg,ready,ready,358,358,66.5,66.5,70.25,consistent,"[(0.55, 70.25), (0.6, 70.75), (0.65, 66.5), (0.7, 66.0), (0.75, 67.25), (0.85, 63.0), (0.9, 64.0)]"
133915,000529_raw.jpg,ready,ready,358,358,66.5,66.5,70.25,consistent,"[(0.55, 70.25), (0.6, 71.0), (0.65, 66.5), (0.7, 66.5), (0.75, 67.25), (0.85, 63.0), (0.9, 64.25)]"
133915,000551_raw.jpg,ready,ready,358,358,66.75,66.75,70.25,consistent,"[(0.55, 70.25), (0.6, 70.75), (0.65, 66.75), (0.7, 66.25), (0.75, 67.25), (0.85, 63.0), (0.9, 64.0)]"
133915,000573_raw.jpg,ready,ready,358,358,66.5,66.5,70.25,consistent,"[(0.55, 70.25), (0.6, 70.75), (0.65, 66.5), (0.7, 66.25), (0.75, 67.25), (0.85, 63.0), (0.9, 64.0)]"
133915,000595_raw.jpg,ready,ready,358,358,66.5,66.5,70.25,consistent,"[(0.55, 70.25), (0.6, 71.0), (0.65, 66.5), (0.7, 66.25), (0.75, 67.5), (0.85, 63.0), (0.9, 64.0)]"
133915,000617_raw.jpg,ready,ready,358,358,66.5,66.5,70.25,consistent,"[(0.55, 70.25), (0.6, 70.75), (0.65, 66.5), (0.7, 66.25), (0.75, 67.25), (0.85, 63.0), (0.9, 64.0)]"
134112,000001_raw.jpg,ready,ready,361,361,76.875,76.875,71.75,consistent,"[(0.55, 71.75), (0.6, 74.5), (0.7, 79.25), (0.75, 81.0), (0.8, 81.75), (0.85, 83.5)]"
134112,000023_raw.jpg,ready,ready,361,361,77.125,77.125,71.5,consistent,"[(0.55, 71.5), (0.6, 75.0), (0.7, 79.25), (0.75, 81.0), (0.8, 81.75), (0.85, 83.75)]"
134112,000045_raw.jpg,ready,ready,361,361,77.0,77.0,71.75,consistent,"[(0.55, 71.75), (0.6, 74.75), (0.7, 79.25), (0.75, 81.0), (0.8, 81.75), (0.85, 83.5)]"
134112,000067_raw.jpg,ready,ready,361,361,77.0,77.0,71.75,consistent,"[(0.55, 71.75), (0.6, 74.75), (0.7, 79.25), (0.75, 80.75), (0.8, 81.75), (0.85, 83.5)]"
134112,000089_raw.jpg,ready,ready,361,361,77.0,77.0,71.75,consistent,"[(0.55, 71.75), (0.6, 74.75), (0.7, 79.25), (0.75, 81.0), (0.8, 81.5), (0.85, 83.5)]"
134112,000111_raw.jpg,ready,ready,361,361,77.0,77.0,71.75,consistent,"[(0.55, 71.75), (0.6, 74.75), (0.7, 79.25), (0.75, 80.75), (0.8, 81.75), (0.85, 83.5)]"
134112,000133_raw.jpg,ready,ready,361,361,77.0,77.0,71.75,consistent,"[(0.55, 71.75), (0.6, 74.75), (0.7, 79.25), (0.75, 81.0), (0.8, 81.5), (0.85, 83.75)]"
134112,000155_raw.jpg,ready,ready,361,361,77.0,77.0,71.75,consistent,"[(0.55, 71.75), (0.6, 74.75), (0.7, 79.25), (0.75, 80.75), (0.8, 81.5), (0.85, 83.5)]"
134112,000177_raw.jpg,ready,ready,361,361,77.0,77.0,71.75,consistent,"[(0.55, 71.75), (0.6, 74.75), (0.7, 79.25), (0.75, 81.0), (0.8, 81.75), (0.85, 83.5)]"
134112,000199_raw.jpg,ready,ready,361,361,77.0,77.0,71.5,consistent,"[(0.55, 71.5), (0.6, 74.75), (0.7, 79.25), (0.75, 80.5), (0.8, 81.75), (0.85, 83.5)]"
134112,000221_raw.jpg,ready,ready,361,361,77.0,77.0,71.75,consistent,"[(0.55, 71.75), (0.6, 74.75), (0.7, 79.25), (0.75, 80.75), (0.8, 81.75), (0.85, 83.5)]"
134112,000243_raw.jpg,ready,ready,361,361,77.0,77.0,71.75,consistent,"[(0.55, 71.75), (0.6, 74.75), (0.7, 79.25), (0.75, 80.5), (0.8, 81.75), (0.85, 83.5)]"
134112,000265_raw.jpg,ready,ready,361,361,77.0,77.0,71.75,consistent,"[(0.55, 71.75), (0.6, 74.75), (0.7, 79.25), (0.75, 80.75), (0.8, 81.75), (0.85, 83.5)]"
134112,000287_raw.jpg,ready,ready,361,361,77.0,77.0,71.75,consistent,"[(0.55, 71.75), (0.6, 74.75), (0.7, 79.25), (0.75, 81.25), (0.8, 81.75), (0.85, 83.5)]"
134112,000309_raw.jpg,ready,ready,361,361,77.0,77.0,71.75,consistent,"[(0.55, 71.75), (0.6, 74.75), (0.7, 79.25), (0.75, 80.75), (0.8, 81.5), (0.85, 83.5)]"
134112,000331_raw.jpg,ready,ready,361,361,77.0,77.0,71.75,consistent,"[(0.55, 71.75), (0.6, 74.75), (0.7, 79.25), (0.75, 80.5), (0.8, 81.75), (0.85, 83.5)]"
134112,000353_raw.jpg,ready,ready,361,361,77.0,77.0,71.75,consistent,"[(0.55, 71.75), (0.6, 74.75), (0.7, 79.25), (0.75, 81.0), (0.8, 81.75), (0.85, 83.5)]"
134112,000375_raw.jpg,ready,ready,361,361,77.0,77.0,71.75,consistent,"[(0.55, 71.75), (0.6, 74.75), (0.7, 79.25), (0.75, 80.75), (0.8, 81.75), (0.85, 83.5)]"
134112,000397_raw.jpg,ready,ready,361,361,77.0,77.0,71.75,consistent,"[(0.55, 71.75), (0.6, 74.75), (0.7, 79.25), (0.75, 80.75), (0.8, 81.75), (0.85, 83.5)]"
134112,000419_raw.jpg,ready,ready,361,361,77.0,77.0,71.75,consistent,"[(0.55, 71.75), (0.6, 74.75), (0.7, 79.25), (0.75, 80.75), (0.8, 81.75), (0.85, 83.5)]"
134112,000441_raw.jpg,ready,ready,361,361,77.0,77.0,71.75,consistent,"[(0.55, 71.75), (0.6, 74.75), (0.7, 79.25), (0.75, 81.0), (0.8, 81.75), (0.85, 83.5)]"
134112,000463_raw.jpg,ready,ready,361,361,76.875,76.875,71.75,consistent,"[(0.55, 71.75), (0.6, 74.75), (0.7, 79.0), (0.75, 81.0), (0.8, 81.75), (0.85, 83.5)]"
134112,000485_raw.jpg,ready,ready,361,361,77.0,77.0,71.75,consistent,"[(0.55, 71.75), (0.6, 74.75), (0.7, 79.25), (0.75, 80.75), (0.8, 81.5), (0.85, 83.5)]"
134112,000507_raw.jpg,ready,ready,361,361,77.125,77.125,71.75,consistent,"[(0.55, 71.75), (0.6, 75.0), (0.7, 79.25), (0.75, 81.0), (0.8, 81.75), (0.85, 83.5)]"
134112,000529_raw.jpg,ready,ready,361,361,77.0,77.0,71.75,consistent,"[(0.55, 71.75), (0.6, 74.75), (0.7, 79.25), (0.75, 80.75), (0.8, 81.75), (0.85, 83.5)]"
134112,000551_raw.jpg,ready,ready,361,361,77.0,77.0,71.75,consistent,"[(0.55, 71.75), (0.6, 74.75), (0.7, 79.25), (0.75, 81.0), (0.8, 81.75), (0.85, 83.5)]"
134112,000573_raw.jpg,ready,ready,361,361,76.875,76.875,71.75,consistent,"[(0.55, 71.75), (0.6, 74.5), (0.7, 79.25), (0.75, 81.0), (0.8, 81.75), (0.85, 83.5)]"
134112,000595_raw.jpg,ready,ready,361,361,77.125,77.125,71.75,consistent,"[(0.55, 71.75), (0.6, 75.0), (0.7, 79.25), (0.75, 81.0), (0.8, 81.75), (0.85, 83.5)]"
134112,000617_raw.jpg,ready,ready,361,361,77.0,77.0,71.75,consistent,"[(0.55, 71.75), (0.6, 74.75), (0.7, 79.25), (0.75, 80.5), (0.8, 81.75), (0.85, 83.5)]"
134442,000001_raw.jpg,ready,ready,361,361,76.25,76.25,73.75,consistent,"[(0.6, 73.75), (0.65, 76.25), (0.75, 78.25), (0.8, 79.75), (0.85, 81.0), (0.9, 84.0)]"
134442,000023_raw.jpg,ready,ready,361,361,76.25,76.25,73.75,consistent,"[(0.6, 73.75), (0.65, 76.25), (0.75, 78.25), (0.8, 79.5), (0.85, 81.0), (0.9, 83.75)]"
134442,000045_raw.jpg,ready,ready,360,360,76.25,76.25,74.0,consistent,"[(0.6, 74.0), (0.65, 76.25), (0.75, 78.25), (0.8, 80.25), (0.85, 81.0), (0.9, 83.75)]"
134442,000067_raw.jpg,ready,ready,361,361,76.25,76.25,73.75,consistent,"[(0.6, 73.75), (0.65, 76.25), (0.75, 78.5), (0.8, 79.5), (0.85, 81.0), (0.9, 84.0)]"
134442,000089_raw.jpg,ready,ready,361,361,76.25,76.25,73.75,consistent,"[(0.6, 73.75), (0.65, 76.25), (0.75, 78.25), (0.8, 80.0), (0.85, 81.0), (0.9, 84.0)]"
134442,000111_raw.jpg,ready,ready,360,360,76.25,76.25,74.25,consistent,"[(0.6, 74.25), (0.65, 76.25), (0.75, 78.25), (0.8, 80.0), (0.85, 81.0), (0.9, 83.75)]"
134442,000133_raw.jpg,ready,ready,361,361,76.25,76.25,73.75,consistent,"[(0.6, 73.75), (0.65, 76.25), (0.75, 78.25), (0.8, 80.0), (0.85, 81.0), (0.9, 84.0)]"
134442,000155_raw.jpg,ready,ready,361,361,76.25,76.25,73.75,consistent,"[(0.6, 73.75), (0.65, 76.25), (0.75, 78.25), (0.8, 79.75), (0.85, 81.0), (0.9, 84.0)]"
134442,000177_raw.jpg,ready,ready,361,361,76.25,76.25,73.75,consistent,"[(0.6, 73.75), (0.65, 76.25), (0.75, 78.25), (0.8, 80.25), (0.85, 81.0), (0.9, 84.0)]"
134442,000199_raw.jpg,ready,ready,361,361,76.25,76.25,73.75,consistent,"[(0.6, 73.75), (0.65, 76.25), (0.75, 78.25), (0.8, 80.0), (0.85, 80.75), (0.9, 83.5)]"
134442,000221_raw.jpg,ready,ready,360,360,76.25,76.25,74.0,consistent,"[(0.6, 74.0), (0.65, 76.25), (0.75, 78.5), (0.8, 79.75), (0.85, 81.0), (0.9, 83.75)]"
134442,000243_raw.jpg,ready,ready,360,360,76.25,76.25,74.0,consistent,"[(0.6, 74.0), (0.65, 76.25), (0.75, 78.25), (0.8, 80.0), (0.85, 81.0), (0.9, 84.0)]"
134442,000265_raw.jpg,ready,ready,361,361,76.25,76.25,73.75,consistent,"[(0.6, 73.75), (0.65, 76.25), (0.75, 78.25), (0.8, 79.75), (0.85, 81.0), (0.9, 84.0)]"
134442,000287_raw.jpg,ready,ready,361,361,76.25,76.25,73.75,consistent,"[(0.6, 73.75), (0.65, 76.25), (0.75, 78.5), (0.8, 79.75), (0.85, 81.0), (0.9, 83.75)]"
134442,000309_raw.jpg,ready,ready,360,360,76.25,76.25,74.0,consistent,"[(0.6, 74.0), (0.65, 76.25), (0.75, 78.25), (0.8, 80.0), (0.85, 81.0), (0.9, 84.0)]"
134442,000331_raw.jpg,ready,ready,360,360,76.25,76.25,74.0,consistent,"[(0.6, 74.0), (0.65, 76.25), (0.75, 78.25), (0.8, 79.75), (0.85, 81.25), (0.9, 84.0)]"
134442,000353_raw.jpg,ready,ready,360,360,76.25,76.25,74.0,consistent,"[(0.6, 74.0), (0.65, 76.25), (0.75, 78.25), (0.8, 79.75), (0.85, 81.0), (0.9, 84.0)]"
134442,000375_raw.jpg,ready,ready,360,360,76.25,76.25,74.0,consistent,"[(0.6, 74.0), (0.65, 76.25), (0.75, 78.25), (0.8, 80.0), (0.85, 81.0), (0.9, 84.25)]"
134442,000397_raw.jpg,ready,ready,361,361,76.25,76.25,73.75,consistent,"[(0.6, 73.75), (0.65, 76.25), (0.75, 78.5), (0.8, 80.0), (0.85, 81.0), (0.9, 84.0)]"
134442,000419_raw.jpg,ready,ready,361,361,76.25,76.25,73.75,consistent,"[(0.6, 73.75), (0.65, 76.25), (0.75, 78.25), (0.8, 79.5), (0.85, 81.25), (0.9, 83.75)]"
134442,000441_raw.jpg,ready,ready,360,360,76.25,76.25,74.0,consistent,"[(0.6, 74.0), (0.65, 76.25), (0.75, 78.25), (0.8, 80.0), (0.85, 81.25), (0.9, 83.5)]"
134442,000463_raw.jpg,ready,ready,360,360,76.25,76.25,74.0,consistent,"[(0.6, 74.0), (0.65, 76.25), (0.75, 78.25), (0.8, 80.0), (0.85, 81.0), (0.9, 83.75)]"
134442,000485_raw.jpg,ready,ready,361,361,76.25,76.25,73.75,consistent,"[(0.6, 73.75), (0.65, 76.25), (0.75, 78.5), (0.8, 80.0), (0.85, 81.0), (0.9, 84.0)]"
134442,000507_raw.jpg,ready,ready,361,361,76.25,76.25,73.75,consistent,"[(0.6, 73.75), (0.65, 76.25), (0.75, 78.25), (0.8, 79.75), (0.85, 81.0), (0.9, 83.75)]"
134442,000529_raw.jpg,ready,ready,361,361,76.25,76.25,73.75,consistent,"[(0.6, 73.75), (0.65, 76.25), (0.75, 78.25), (0.8, 79.75), (0.85, 81.0), (0.9, 84.0)]"
134442,000551_raw.jpg,ready,ready,361,361,76.25,76.25,73.75,consistent,"[(0.6, 73.75), (0.65, 76.25), (0.75, 78.25), (0.8, 80.0), (0.85, 81.0), (0.9, 84.0)]"
134442,000573_raw.jpg,ready,ready,361,361,76.25,76.25,73.75,consistent,"[(0.6, 73.75), (0.65, 76.25), (0.75, 78.5), (0.8, 79.75), (0.85, 81.0), (0.9, 84.0)]"
134442,000595_raw.jpg,ready,ready,361,361,76.25,76.25,73.75,consistent,"[(0.6, 73.75), (0.65, 76.25), (0.75, 78.25), (0.8, 79.75), (0.85, 81.0), (0.9, 84.0)]"
134442,000617_raw.jpg,ready,ready,361,361,76.25,76.25,73.75,consistent,"[(0.6, 73.75), (0.65, 76.25), (0.75, 78.25), (0.8, 80.0), (0.85, 81.0), (0.9, 84.0)]"
134704,000001_raw.jpg,unavailable,unavailable,350,350,,,,insufficient_pairs,[]
134704,000023_raw.jpg,unavailable,unavailable,350,350,,,,insufficient_pairs,[]
134704,000045_raw.jpg,unavailable,unavailable,350,350,,,,insufficient_pairs,[]
134704,000067_raw.jpg,unavailable,unavailable,350,350,,,,insufficient_pairs,[]
134704,000089_raw.jpg,unavailable,unavailable,350,350,,,,insufficient_pairs,[]
134704,000111_raw.jpg,unavailable,unavailable,350,350,,,,insufficient_pairs,[]
134704,000133_raw.jpg,unavailable,unavailable,350,350,,,,insufficient_pairs,[]
134704,000155_raw.jpg,unavailable,unavailable,350,350,,,,insufficient_pairs,[]
134704,000177_raw.jpg,unavailable,unavailable,350,350,,,,insufficient_pairs,[]
134704,000199_raw.jpg,unavailable,unavailable,350,350,,,,insufficient_pairs,[]
134704,000221_raw.jpg,unavailable,unavailable,350,350,,,,insufficient_pairs,[]
134704,000243_raw.jpg,unavailable,unavailable,350,350,,,,insufficient_pairs,[]
134704,000265_raw.jpg,unavailable,unavailable,350,350,,,,insufficient_pairs,[]
134704,000287_raw.jpg,unavailable,unavailable,350,350,,,,insufficient_pairs,[]
134704,000309_raw.jpg,unavailable,unavailable,350,350,,,,insufficient_pairs,[]
134704,000331_raw.jpg,unavailable,unavailable,350,350,,,,insufficient_pairs,[]
134704,000353_raw.jpg,unavailable,unavailable,350,350,,,,insufficient_pairs,[]
134704,000375_raw.jpg,unavailable,unavailable,350,350,,,,insufficient_pairs,[]
134704,000397_raw.jpg,unavailable,unavailable,350,350,,,,insufficient_pairs,[]
134704,000419_raw.jpg,unavailable,unavailable,350,350,,,,insufficient_pairs,[]
134704,000441_raw.jpg,unavailable,unavailable,350,350,,,,insufficient_pairs,[]
134704,000463_raw.jpg,unavailable,unavailable,350,350,,,,insufficient_pairs,[]
134704,000485_raw.jpg,unavailable,unavailable,350,350,,,,insufficient_pairs,[]
134704,000507_raw.jpg,unavailable,unavailable,350,350,,,,insufficient_pairs,[]
134704,000529_raw.jpg,unavailable,unavailable,350,350,,,,insufficient_pairs,[]
134704,000551_raw.jpg,unavailable,unavailable,350,350,,,,insufficient_pairs,[]
134704,000573_raw.jpg,unavailable,unavailable,350,350,,,,insufficient_pairs,[]
134704,000595_raw.jpg,unavailable,unavailable,350,350,,,,insufficient_pairs,[]
134704,000617_raw.jpg,unavailable,unavailable,350,350,,,,insufficient_pairs,[]
150026,000001_raw.jpg,unavailable,unavailable,350,350,,,,insufficient_pairs,[]
150026,000023_raw.jpg,unavailable,unavailable,350,350,,,,insufficient_pairs,[]
150026,000045_raw.jpg,unavailable,unavailable,350,350,,,,insufficient_pairs,[]
150026,000067_raw.jpg,unavailable,unavailable,350,350,,,,insufficient_pairs,[]
150026,000089_raw.jpg,unavailable,unavailable,350,350,,,,insufficient_pairs,[]
150026,000111_raw.jpg,ready,unavailable,355,350,63.91666666666667,,,insufficient_pairs,[]
150026,000133_raw.jpg,unavailable,unavailable,350,350,,,,insufficient_pairs,[]
150026,000155_raw.jpg,unavailable,unavailable,350,350,,,,insufficient_pairs,[]
150026,000177_raw.jpg,unavailable,unavailable,350,350,,,,insufficient_pairs,[]
150026,000199_raw.jpg,unavailable,unavailable,350,350,,,,insufficient_pairs,[]
150026,000221_raw.jpg,unavailable,unavailable,350,350,,,,insufficient_pairs,[]
150026,000243_raw.jpg,unavailable,unavailable,350,350,,,,insufficient_pairs,[]
150026,000265_raw.jpg,ready,unavailable,349,350,72.33333333333333,,,insufficient_pairs,[]
150026,000287_raw.jpg,unavailable,unavailable,350,350,,,,insufficient_pairs,[]
150026,000309_raw.jpg,unavailable,unavailable,350,350,,,,insufficient_pairs,[]
150026,000331_raw.jpg,unavailable,unavailable,350,350,,,,insufficient_pairs,[]
150026,000353_raw.jpg,unavailable,unavailable,350,350,,,,insufficient_pairs,[]
150026,000375_raw.jpg,unavailable,unavailable,350,350,,,,insufficient_pairs,[]
150026,000397_raw.jpg,unavailable,unavailable,350,350,,,,insufficient_pairs,[]
150026,000419_raw.jpg,unavailable,unavailable,350,350,,,,insufficient_pairs,[]
150026,000441_raw.jpg,unavailable,unavailable,350,350,,,,insufficient_pairs,[]
150026,000463_raw.jpg,unavailable,unavailable,350,350,,,,insufficient_pairs,[]
150026,000485_raw.jpg,unavailable,unavailable,350,350,,,,insufficient_pairs,[]
150026,000507_raw.jpg,unavailable,unavailable,350,350,,,,insufficient_pairs,[]
150026,000529_raw.jpg,unavailable,unavailable,350,350,,,,insufficient_pairs,[]
150026,000551_raw.jpg,unavailable,unavailable,350,350,,,,insufficient_pairs,[]
150026,000573_raw.jpg,unavailable,unavailable,350,350,,,,insufficient_pairs,[]
150026,000595_raw.jpg,unavailable,unavailable,350,350,,,,insufficient_pairs,[]
150026,000617_raw.jpg,unavailable,unavailable,350,350,,,,insufficient_pairs,[]
152620,000001_raw.jpg,ready,ready,348,348,88.25,88.25,86.75,consistent,"[(0.6, 86.75), (0.65, 88.25), (0.75, 85.75), (0.8, 87.5), (0.85, 87.75), (0.9, 89.25)]"
152620,000022_raw.jpg,ready,ready,351,351,82.0,82.0,80.0,consistent,"[(0.55, 80.0), (0.6, 81.75), (0.7, 82.25), (0.75, 83.25), (0.8, 84.25)]"
152620,000044_raw.jpg,ready,ready,377,377,48.5,48.5,51.25,consistent,"[(0.55, 51.25), (0.6, 51.75), (0.65, 48.5), (0.7, 48.5), (0.75, 50.25)]"
152620,000066_raw.jpg,unavailable,unavailable,350,350,,,,insufficient_pairs,[]
152620,000088_raw.jpg,unavailable,unavailable,350,350,,,,insufficient_pairs,[]
152620,000110_raw.jpg,unavailable,unavailable,350,350,,,,insufficient_pairs,[]
152620,000132_raw.jpg,unavailable,unavailable,350,350,,,,insufficient_pairs,[]
152620,000154_raw.jpg,unavailable,unavailable,350,350,,,,insufficient_pairs,[]
152620,000176_raw.jpg,unavailable,unavailable,350,350,,,,insufficient_pairs,[]
152620,000198_raw.jpg,unavailable,unavailable,350,350,,,,insufficient_pairs,[]
152620,000220_raw.jpg,unavailable,unavailable,350,350,,,,insufficient_pairs,[]
152620,000242_raw.jpg,unavailable,unavailable,350,350,,,,insufficient_pairs,[]
152620,000264_raw.jpg,unavailable,unavailable,350,350,,,,insufficient_pairs,[]
152620,000286_raw.jpg,unavailable,unavailable,350,350,,,,insufficient_pairs,[]
153324,000001_raw.jpg,ready,ready,349,349,85.0,85.0,83.5,consistent,"[(0.55, 83.5), (0.6, 82.75), (0.65, 85.0), (0.8, 87.25), (0.85, 88.25), (0.9, 88.5)]"
153324,000022_raw.jpg,ready,ready,356,356,77.0,77.0,74.75,consistent,"[(0.55, 74.75), (0.6, 76.75), (0.7, 77.25), (0.75, 79.0), (0.8, 80.25)]"
153324,000044_raw.jpg,ready,ready,385,385,48.75,48.75,46.25,consistent,"[(0.55, 46.25), (0.6, 47.25), (0.65, 48.75), (0.7, 50.75), (0.8, 52.75), (0.85, 54.75)]"
153324,000066_raw.jpg,unavailable,unavailable,350,350,,,,insufficient_pairs,[]
153324,000088_raw.jpg,unavailable,unavailable,350,350,,,,insufficient_pairs,[]
153324,000110_raw.jpg,unavailable,unavailable,350,350,,,,insufficient_pairs,[]
153324,000132_raw.jpg,unavailable,unavailable,350,350,,,,insufficient_pairs,[]
153324,000154_raw.jpg,unavailable,unavailable,350,350,,,,insufficient_pairs,[]
153324,000176_raw.jpg,unavailable,unavailable,350,350,,,,insufficient_pairs,[]
153630,000001_raw.jpg,ready,ready,359,359,82.25,82.25,74.75,consistent,"[(0.55, 74.75), (0.6, 79.0), (0.65, 82.25), (0.8, 87.25), (0.85, 89.0), (0.9, 89.0)]"
153630,000022_raw.jpg,ready,ready,359,359,82.5,82.5,74.75,consistent,"[(0.55, 74.75), (0.6, 79.25), (0.65, 82.5), (0.8, 87.5), (0.85, 89.25), (0.9, 89.0)]"
153630,000044_raw.jpg,ready,ready,359,359,82.25,82.25,75.0,consistent,"[(0.55, 75.0), (0.6, 79.0), (0.65, 82.25), (0.8, 87.5), (0.85, 89.0), (0.9, 89.0)]"
153630,000066_raw.jpg,ready,ready,359,359,82.5,82.5,75.0,consistent,"[(0.55, 75.0), (0.6, 79.0), (0.65, 82.5), (0.8, 87.5), (0.85, 89.25), (0.9, 89.0)]"
153630,000088_raw.jpg,ready,ready,358,358,82.25,82.25,75.25,consistent,"[(0.55, 75.25), (0.6, 79.0), (0.65, 82.25), (0.8, 87.5), (0.85, 89.25), (0.9, 88.75)]"
153630,000110_raw.jpg,ready,ready,359,359,82.5,82.5,74.75,consistent,"[(0.55, 74.75), (0.6, 79.0), (0.65, 82.5), (0.8, 87.5), (0.85, 89.0), (0.9, 89.0)]"
153630,000132_raw.jpg,ready,ready,359,359,82.5,82.5,74.75,consistent,"[(0.55, 74.75), (0.6, 79.0), (0.65, 82.5), (0.8, 87.5), (0.85, 89.0), (0.9, 89.0)]"
154634_461086,000001_raw.jpg,ready,ready,354,354,77.0,77.0,76.5,consistent,"[(0.55, 76.5), (0.6, 78.5), (0.65, 77.0), (0.7, 79.25), (0.75, 80.5)]"
154634_461086,000005_raw.jpg,ready,ready,354,354,76.75,76.75,76.5,consistent,"[(0.55, 76.5), (0.6, 78.5), (0.65, 76.75), (0.7, 79.25), (0.75, 80.5)]"
154634_461086,000010_raw.jpg,ready,ready,354,354,77.0,77.0,76.5,consistent,"[(0.55, 76.5), (0.6, 78.5), (0.65, 77.0), (0.7, 79.5), (0.75, 80.5)]"
154634_461086,000015_raw.jpg,ready,ready,354,354,76.75,76.75,76.5,consistent,"[(0.55, 76.5), (0.6, 78.5), (0.65, 76.75), (0.7, 79.25), (0.75, 80.5)]"
154634_461086,000020_raw.jpg,ready,ready,354,354,77.0,77.0,76.5,consistent,"[(0.55, 76.5), (0.6, 78.5), (0.65, 77.0), (0.7, 79.25), (0.75, 80.5)]"
154634_461086,000025_raw.jpg,ready,ready,354,354,76.75,76.75,76.5,consistent,"[(0.55, 76.5), (0.6, 78.5), (0.65, 76.75), (0.7, 79.25), (0.75, 80.5)]"
154634_461086,000030_raw.jpg,ready,ready,354,354,76.75,76.75,76.5,consistent,"[(0.55, 76.5), (0.6, 78.5), (0.65, 76.75), (0.7, 79.5), (0.75, 80.5)]"
154634_461086,000035_raw.jpg,ready,ready,354,354,76.75,76.75,76.5,consistent,"[(0.55, 76.5), (0.6, 78.5), (0.65, 76.75), (0.7, 79.5), (0.75, 80.5)]"
154634_461086,000040_raw.jpg,ready,ready,354,354,77.0,77.0,76.5,consistent,"[(0.55, 76.5), (0.6, 78.5), (0.65, 77.0), (0.7, 79.25), (0.75, 80.5)]"
154634_461086,000045_raw.jpg,ready,ready,354,354,76.75,76.75,76.5,consistent,"[(0.55, 76.5), (0.6, 78.5), (0.65, 76.75), (0.7, 79.25), (0.75, 80.5)]"
154634_461086,000050_raw.jpg,ready,ready,354,354,76.75,76.75,76.5,consistent,"[(0.55, 76.5), (0.6, 78.5), (0.65, 76.75), (0.7, 79.25), (0.75, 80.5)]"
154634_461086,000055_raw.jpg,ready,ready,354,354,77.0,77.0,76.5,consistent,"[(0.55, 76.5), (0.6, 78.5), (0.65, 77.0), (0.7, 79.25), (0.75, 80.5)]"
154634_461086,000060_raw.jpg,ready,ready,354,354,76.75,76.75,76.5,consistent,"[(0.55, 76.5), (0.6, 78.5), (0.65, 76.75), (0.7, 79.5), (0.75, 80.5)]"
154634_461086,000065_raw.jpg,ready,ready,354,354,77.0,77.0,76.5,consistent,"[(0.55, 76.5), (0.6, 78.5), (0.65, 77.0), (0.7, 79.25), (0.75, 80.5)]"
154634_461086,000070_raw.jpg,ready,ready,354,354,77.0,77.0,76.5,consistent,"[(0.55, 76.5), (0.6, 78.5), (0.65, 77.0), (0.7, 79.25), (0.75, 80.75)]"
154634_461086,000075_raw.jpg,ready,ready,354,354,76.75,76.75,76.5,consistent,"[(0.55, 76.5), (0.6, 78.5), (0.65, 76.75), (0.7, 79.5), (0.75, 80.5)]"
154634_461086,000080_raw.jpg,ready,ready,354,354,77.0,77.0,76.5,consistent,"[(0.55, 76.5), (0.6, 78.5), (0.65, 77.0), (0.7, 79.5), (0.75, 80.75)]"
154634_461086,000085_raw.jpg,ready,ready,354,354,77.0,77.0,76.5,consistent,"[(0.55, 76.5), (0.6, 78.5), (0.65, 77.0), (0.7, 79.25), (0.75, 80.5)]"
154634_461086,000090_raw.jpg,ready,ready,354,354,76.75,76.75,76.5,consistent,"[(0.55, 76.5), (0.6, 78.5), (0.65, 76.75), (0.7, 79.25), (0.75, 80.5)]"
154634_461086,000095_raw.jpg,ready,ready,354,354,77.0,77.0,76.5,consistent,"[(0.55, 76.5), (0.6, 78.5), (0.65, 77.0), (0.7, 79.25), (0.75, 80.75)]"
154634_461086,000100_raw.jpg,ready,ready,354,354,76.75,76.75,76.5,consistent,"[(0.55, 76.5), (0.6, 78.5), (0.65, 76.75), (0.7, 79.25), (0.75, 80.5)]"
154634_461086,000105_raw.jpg,ready,ready,354,354,77.0,77.0,76.5,consistent,"[(0.55, 76.5), (0.6, 78.5), (0.65, 77.0), (0.7, 79.25), (0.75, 80.5)]"
154634_461086,000110_raw.jpg,ready,ready,354,354,77.0,77.0,76.5,consistent,"[(0.55, 76.5), (0.6, 78.5), (0.65, 77.0), (0.7, 79.25), (0.75, 80.5)]"
154634_461086,000115_raw.jpg,ready,ready,354,354,77.0,77.0,76.5,consistent,"[(0.55, 76.5), (0.6, 78.5), (0.65, 77.0), (0.7, 79.25), (0.75, 80.5)]"
154634_461086,000120_raw.jpg,ready,ready,354,354,77.0,77.0,76.5,consistent,"[(0.55, 76.5), (0.6, 78.5), (0.65, 77.0), (0.7, 79.25), (0.75, 80.5)]"
154634_461086,000125_raw.jpg,ready,ready,354,354,76.75,76.75,76.5,consistent,"[(0.55, 76.5), (0.6, 78.5), (0.65, 76.75), (0.7, 79.5), (0.75, 80.5)]"
154634_461086,000130_raw.jpg,ready,ready,354,354,76.75,76.75,76.5,consistent,"[(0.55, 76.5), (0.6, 78.5), (0.65, 76.75), (0.7, 79.5), (0.75, 80.25)]"
154634_461086,000135_raw.jpg,ready,ready,354,354,77.0,77.0,76.5,consistent,"[(0.55, 76.5), (0.6, 78.5), (0.65, 77.0), (0.7, 79.25), (0.75, 80.5)]"
154634_461086,000140_raw.jpg,ready,ready,354,354,76.75,76.75,76.5,consistent,"[(0.55, 76.5), (0.6, 78.5), (0.65, 76.75), (0.7, 79.25), (0.75, 80.5)]"
154634_461086,000145_raw.jpg,ready,ready,354,354,77.0,77.0,76.5,consistent,"[(0.55, 76.5), (0.6, 78.5), (0.65, 77.0), (0.7, 79.25), (0.75, 80.5)]"
154634_461086,000150_raw.jpg,ready,ready,354,354,77.0,77.0,76.5,consistent,"[(0.55, 76.5), (0.6, 78.5), (0.65, 77.0), (0.7, 79.5), (0.75, 80.5)]"
154634_461086,000155_raw.jpg,ready,ready,354,354,77.0,77.0,76.5,consistent,"[(0.55, 76.5), (0.6, 78.5), (0.65, 77.0), (0.7, 79.25), (0.75, 80.75)]"
154634_461086,000160_raw.jpg,ready,ready,354,354,77.0,77.0,76.5,consistent,"[(0.55, 76.5), (0.6, 78.5), (0.65, 77.0), (0.7, 79.25), (0.75, 80.5)]"
154634_461086,000165_raw.jpg,ready,ready,354,354,76.75,76.75,76.5,consistent,"[(0.55, 76.5), (0.6, 78.5), (0.65, 76.75), (0.7, 79.25), (0.75, 80.5)]"
154634_461086,000170_raw.jpg,ready,ready,354,354,77.0,77.0,76.5,consistent,"[(0.55, 76.5), (0.6, 78.5), (0.65, 77.0), (0.7, 79.25), (0.75, 80.5)]"
154634_461086,000175_raw.jpg,ready,ready,354,354,77.0,77.0,76.5,consistent,"[(0.55, 76.5), (0.6, 78.5), (0.65, 77.0), (0.7, 79.25), (0.75, 80.5)]"
154634_461086,000180_raw.jpg,ready,ready,354,354,76.75,76.75,76.5,consistent,"[(0.55, 76.5), (0.6, 78.5), (0.65, 76.75), (0.7, 79.25), (0.75, 80.75)]"
154634_461086,000185_raw.jpg,ready,ready,354,354,77.0,77.0,76.5,consistent,"[(0.55, 76.5), (0.6, 78.5), (0.65, 77.0), (0.7, 79.5), (0.75, 80.25)]"
154634_461086,000190_raw.jpg,ready,ready,354,354,77.0,77.0,76.5,consistent,"[(0.55, 76.5), (0.6, 78.5), (0.65, 77.0), (0.7, 79.25), (0.75, 80.5)]"
154634_461086,000195_raw.jpg,ready,ready,354,354,77.0,77.0,76.5,consistent,"[(0.55, 76.5), (0.6, 78.5), (0.65, 77.0), (0.7, 79.25), (0.75, 80.5)]"
154634_461086,000200_raw.jpg,ready,ready,354,354,76.75,76.75,76.5,consistent,"[(0.55, 76.5), (0.6, 79.0), (0.65, 76.75), (0.7, 79.5), (0.75, 80.75)]"
154634_461086,000205_raw.jpg,ready,ready,354,354,78.25,78.25,77.0,consistent,"[(0.55, 77.0), (0.6, 79.0), (0.65, 78.25), (0.7, 79.75), (0.75, 80.75)]"
154634_461086,000210_raw.jpg,ready,ready,352,352,81.375,81.375,79.0,consistent,"[(0.55, 79.0), (0.6, 81.0), (0.7, 81.75), (0.75, 82.75), (0.8, 85.0)]"
154634_461086,000215_raw.jpg,ready,ready,351,351,81.25,81.25,80.0,consistent,"[(0.55, 80.0), (0.6, 82.25), (0.65, 81.25), (0.7, 82.5), (0.8, 82.5), (0.85, 83.25), (0.9, 83.75)]"
154634_461086,000220_raw.jpg,ready,ready,361,361,76.0,76.0,71.5,consistent,"[(0.55, 71.5), (0.6, 74.75), (0.65, 76.0), (0.75, 76.75), (0.8, 78.0), (0.85, 79.25)]"
154634_461086,000225_raw.jpg,unavailable,unavailable,350,350,,70.5,,consistent,"[(0.65, 70.5), (0.7, 74.25), (0.75, 77.0), (0.8, 79.5), (0.85, 81.25)]"
154634_461086,000230_raw.jpg,unavailable,unavailable,350,350,65.0,,,consistent,"[(0.7, 62.0), (0.8, 69.25), (0.85, 72.5)]"
154634_461086,000235_raw.jpg,unavailable,unavailable,350,350,,,,consistent,"[(0.75, 58.5), (0.8, 63.0), (0.9, 70.75)]"
154634_461086,000240_raw.jpg,unavailable,unavailable,350,350,,,,insufficient_pairs,[]
154634_461086,000245_raw.jpg,ready,ready,390,390,52.75,52.75,45.25,consistent,"[(0.6, 45.25), (0.65, 52.75), (0.7, 58.25), (0.75, 62.5), (0.85, 69.5), (0.9, 73.25)]"
154634_461086,000250_raw.jpg,ready,ready,390,390,57.25,57.25,51.25,consistent,"[(0.6, 51.25), (0.65, 57.25), (0.7, 62.25), (0.75, 66.5), (0.85, 72.0), (0.9, 75.0)]"
154634_461086,000255_raw.jpg,ready,ready,381,381,63.25,63.25,54.0,consistent,"[(0.55, 54.0), (0.6, 59.0), (0.65, 63.25), (0.7, 67.75), (0.8, 72.5), (0.85, 75.25), (0.9, 78.0)]"
154634_461086,000260_raw.jpg,ready,ready,377,377,66.25,66.25,61.75,consistent,"[(0.6, 61.75), (0.65, 66.25), (0.75, 70.25), (0.8, 73.0), (0.85, 75.0), (0.9, 77.5)]"
154634_461086,000265_raw.jpg,ready,ready,376,376,66.25,66.25,62.0,consistent,"[(0.6, 62.0), (0.65, 66.25), (0.75, 70.5), (0.8, 73.25), (0.85, 75.25)]"
154634_461086,000270_raw.jpg,ready,ready,377,377,64.5,64.5,60.75,consistent,"[(0.6, 60.75), (0.65, 64.5), (0.75, 69.0), (0.8, 72.0), (0.85, 74.5)]"
154634_461086,000275_raw.jpg,ready,ready,378,378,64.0,64.0,60.0,consistent,"[(0.6, 60.0), (0.65, 64.0), (0.75, 68.25), (0.8, 71.75), (0.85, 74.0)]"
154634_461086,000280_raw.jpg,ready,ready,379,379,64.0,64.0,59.75,consistent,"[(0.6, 59.75), (0.65, 64.0), (0.75, 68.5), (0.8, 71.75), (0.85, 74.0)]"
154634_461086,000285_raw.jpg,ready,ready,379,379,64.0,64.0,59.75,consistent,"[(0.6, 59.75), (0.65, 64.0), (0.75, 68.25), (0.8, 71.5), (0.85, 74.25)]"
154634_461086,000290_raw.jpg,ready,ready,379,379,64.0,64.0,59.75,consistent,"[(0.6, 59.75), (0.65, 64.0), (0.75, 68.25), (0.8, 71.5), (0.85, 74.0)]"
154634_461086,000295_raw.jpg,ready,ready,379,379,64.0,64.0,55.25,consistent,"[(0.55, 55.25), (0.6, 59.75), (0.65, 64.0), (0.75, 68.5), (0.8, 71.75), (0.85, 74.0)]"
154634_461086,000300_raw.jpg,ready,ready,379,379,64.0,64.0,55.5,consistent,"[(0.55, 55.5), (0.6, 59.75), (0.65, 64.0), (0.75, 68.25), (0.8, 71.75), (0.85, 74.25)]"
154634_461086,000305_raw.jpg,ready,ready,379,379,64.0,64.0,55.5,consistent,"[(0.55, 55.5), (0.6, 59.75), (0.65, 64.0), (0.75, 68.25), (0.8, 71.75), (0.85, 74.0)]"
154634_461086,000310_raw.jpg,ready,ready,379,379,64.0,64.0,55.5,consistent,"[(0.55, 55.5), (0.6, 59.75), (0.65, 64.0), (0.75, 68.25), (0.8, 71.75), (0.85, 74.0)]"
154634_461086,000315_raw.jpg,ready,ready,379,379,64.0,64.0,59.75,consistent,"[(0.6, 59.75), (0.65, 64.0), (0.75, 68.25), (0.8, 71.75), (0.85, 74.0)]"
154634_461086,000320_raw.jpg,ready,ready,379,379,64.0,64.0,55.5,consistent,"[(0.55, 55.5), (0.6, 59.75), (0.65, 64.0), (0.75, 68.5), (0.8, 71.75), (0.85, 74.0)]"
154634_461086,000325_raw.jpg,ready,ready,379,379,64.0,64.0,55.25,consistent,"[(0.55, 55.25), (0.6, 59.5), (0.65, 64.0), (0.75, 68.5), (0.8, 71.75), (0.85, 74.0)]"
154634_461086,000330_raw.jpg,ready,ready,378,378,64.0,64.0,55.75,consistent,"[(0.55, 55.75), (0.6, 59.75), (0.65, 64.0), (0.75, 68.5), (0.8, 71.75), (0.85, 74.25)]"
154634_461086,000335_raw.jpg,ready,ready,379,379,64.0,64.0,55.5,consistent,"[(0.55, 55.5), (0.6, 59.75), (0.65, 64.0), (0.75, 68.5), (0.8, 71.75), (0.85, 74.0)]"
154634_461086,000340_raw.jpg,ready,ready,379,379,64.0,64.0,55.25,consistent,"[(0.55, 55.25), (0.6, 59.75), (0.65, 64.0), (0.75, 68.5), (0.8, 72.0), (0.85, 74.0)]"
154634_461086,000345_raw.jpg,ready,ready,379,379,64.0,64.0,55.5,consistent,"[(0.55, 55.5), (0.6, 59.75), (0.65, 64.0), (0.75, 68.5), (0.8, 71.75), (0.85, 74.0)]"
154634_461086,000350_raw.jpg,ready,ready,378,378,64.0,64.0,55.75,consistent,"[(0.55, 55.75), (0.6, 59.75), (0.65, 64.0), (0.75, 68.5), (0.8, 71.75), (0.85, 74.0)]"
154634_461086,000355_raw.jpg,ready,ready,379,379,64.0,64.0,59.75,consistent,"[(0.6, 59.75), (0.65, 64.0), (0.75, 68.25), (0.8, 71.75), (0.85, 74.0)]"
154634_461086,000360_raw.jpg,ready,ready,378,378,64.5,64.5,56.25,consistent,"[(0.55, 56.25), (0.6, 60.5), (0.65, 64.5), (0.75, 69.5), (0.8, 73.0), (0.85, 75.25)]"
154634_461086,000365_raw.jpg,ready,ready,390,390,55.25,55.25,49.0,consistent,"[(0.6, 49.0), (0.65, 55.25), (0.7, 59.75), (0.75, 64.0), (0.85, 69.5), (0.9, 73.0)]"
154634_461086,000370_raw.jpg,unavailable,unavailable,350,350,,,,consistent,"[(0.7, 46.0), (0.75, 53.25), (0.8, 59.25), (0.85, 64.0)]"
154634_461086,000375_raw.jpg,unavailable,unavailable,350,350,,,,consistent,"[(0.7, 56.25), (0.75, 62.0), (0.85, 69.25), (0.9, 72.25)]"
154634_461086,000380_raw.jpg,ready,unavailable,354,350,65.25,65.25,,consistent,"[(0.65, 65.25), (0.7, 68.5), (0.75, 71.25), (0.8, 73.75), (0.85, 75.25), (0.9, 76.0)]"
154634_461086,000385_raw.jpg,ready,ready,359,368,69.125,69.125,66.75,consistent,"[(0.6, 66.75), (0.7, 71.5), (0.75, 72.5), (0.85, 72.0), (0.9, 73.0)]"
154634_461086,000390_raw.jpg,ready,ready,349,363,72.0,72.0,70.25,consistent,"[(0.6, 70.25), (0.65, 72.0), (0.75, 72.25), (0.8, 73.0), (0.85, 74.25)]"
154634_461086,000395_raw.jpg,ready,ready,348,360,76.5,76.5,74.5,consistent,"[(0.6, 74.5), (0.65, 76.5), (0.75, 76.75), (0.8, 78.0), (0.9, 77.75)]"
154634_461086,000400_raw.jpg,ready,ready,360,367,70.0,70.0,67.75,consistent,"[(0.6, 67.75), (0.65, 70.0), (0.7, 69.25), (0.75, 70.25), (0.85, 71.25), (0.9, 72.0)]"
154634_461086,000405_raw.jpg,ready,ready,360,360,72.0,72.0,70.5,consistent,"[(0.55, 70.5), (0.6, 70.0), (0.65, 72.0), (0.75, 72.75), (0.8, 73.75), (0.85, 75.0)]"
154634_461086,000410_raw.jpg,ready,ready,353,353,79.125,79.125,78.5,consistent,"[(0.6, 78.5), (0.7, 79.75), (0.75, 80.75)]"
154634_461086,000415_raw.jpg,ready,ready,353,353,80.0,80.0,77.75,consistent,"[(0.55, 77.75), (0.6, 80.0), (0.65, 80.0), (0.7, 81.75), (0.75, 83.75), (0.9, 86.25)]"
154634_461086,000420_raw.jpg,ready,ready,349,349,85.5,85.5,83.25,consistent,"[(0.55, 83.25), (0.65, 85.5), (0.7, 87.0), (0.85, 87.25), (0.9, 90.5)]"
154634_461086,000425_raw.jpg,ready,ready,349,349,85.25,85.25,83.25,consistent,"[(0.55, 83.25), (0.6, 83.5), (0.65, 85.25), (0.7, 87.25), (0.85, 89.0), (0.9, 89.75)]"
154634_461086,000430_raw.jpg,ready,ready,350,350,84.75,84.75,82.25,consistent,"[(0.55, 82.25), (0.65, 84.75), (0.7, 86.5), (0.85, 88.0), (0.9, 89.5)]"
154634_461086,000435_raw.jpg,ready,ready,350,350,84.75,84.75,82.25,consistent,"[(0.55, 82.25), (0.65, 84.75), (0.7, 86.25), (0.85, 88.0), (0.9, 89.5)]"
154634_461086,000440_raw.jpg,ready,ready,350,350,84.75,84.75,82.25,consistent,"[(0.55, 82.25), (0.65, 84.75), (0.7, 86.25), (0.85, 88.25), (0.9, 89.5)]"
154634_461086,000445_raw.jpg,ready,ready,350,350,84.75,84.75,82.25,consistent,"[(0.55, 82.25), (0.65, 84.75), (0.7, 86.25), (0.85, 88.25), (0.9, 89.5)]"
154634_461086,000450_raw.jpg,ready,ready,350,350,84.75,84.75,82.25,consistent,"[(0.55, 82.25), (0.65, 84.75), (0.7, 86.25), (0.85, 88.25), (0.9, 89.25)]"
154634_461086,000455_raw.jpg,ready,ready,350,350,84.75,84.75,82.0,consistent,"[(0.55, 82.0), (0.65, 84.75), (0.7, 86.25), (0.85, 88.25), (0.9, 89.25)]"
154634_461086,000460_raw.jpg,ready,ready,350,350,84.75,84.75,82.25,consistent,"[(0.55, 82.25), (0.65, 84.75), (0.7, 86.25), (0.85, 88.25), (0.9, 89.5)]"
154634_461086,000465_raw.jpg,ready,ready,350,350,84.75,84.75,82.25,consistent,"[(0.55, 82.25), (0.65, 84.75), (0.7, 86.25), (0.85, 88.25), (0.9, 89.25)]"
154634_461086,000470_raw.jpg,ready,ready,350,350,84.75,84.75,82.0,consistent,"[(0.55, 82.0), (0.65, 84.75), (0.7, 86.25), (0.85, 88.25), (0.9, 89.25)]"
154634_461086,000475_raw.jpg,ready,ready,350,350,84.75,84.75,82.25,consistent,"[(0.55, 82.25), (0.65, 84.75), (0.7, 86.25), (0.85, 88.25), (0.9, 89.25)]"
154634_461086,000480_raw.jpg,ready,ready,350,350,84.75,84.75,82.0,consistent,"[(0.55, 82.0), (0.65, 84.75), (0.7, 86.25), (0.85, 88.25), (0.9, 89.25)]"
154634_461086,000485_raw.jpg,ready,ready,350,350,84.75,84.75,82.0,consistent,"[(0.55, 82.0), (0.65, 84.75), (0.7, 86.25), (0.85, 88.25), (0.9, 89.25)]"
154634_461086,000490_raw.jpg,ready,ready,350,350,84.75,84.75,82.25,consistent,"[(0.55, 82.25), (0.65, 84.75), (0.7, 86.5), (0.85, 88.25), (0.9, 89.25)]"
154634_461086,000495_raw.jpg,ready,ready,350,350,84.75,84.75,82.0,consistent,"[(0.55, 82.0), (0.65, 84.75), (0.7, 86.25), (0.85, 88.25), (0.9, 89.25)]"
154634_461086,000500_raw.jpg,ready,ready,350,350,84.75,84.75,82.25,consistent,"[(0.55, 82.25), (0.65, 84.75), (0.7, 86.25), (0.85, 88.25), (0.9, 89.25)]"
154634_461086,000505_raw.jpg,ready,ready,350,350,84.75,84.75,82.25,consistent,"[(0.55, 82.25), (0.65, 84.75), (0.7, 86.25), (0.85, 88.25), (0.9, 89.25)]"
154634_461086,000510_raw.jpg,ready,ready,350,350,84.75,84.75,82.25,consistent,"[(0.55, 82.25), (0.65, 84.75), (0.7, 86.25), (0.85, 88.25), (0.9, 89.25)]"
154634_461086,000515_raw.jpg,ready,ready,350,350,84.75,84.75,82.0,consistent,"[(0.55, 82.0), (0.65, 84.75), (0.7, 86.25), (0.85, 88.25), (0.9, 89.25)]"
154634_461086,000520_raw.jpg,ready,ready,350,350,84.75,84.75,82.0,consistent,"[(0.55, 82.0), (0.65, 84.75), (0.7, 86.25), (0.85, 88.25), (0.9, 89.25)]"
154634_461086,000525_raw.jpg,ready,ready,350,350,84.75,84.75,82.25,consistent,"[(0.55, 82.25), (0.65, 84.75), (0.7, 86.25), (0.85, 88.25), (0.9, 89.25)]"
154634_461086,000530_raw.jpg,ready,ready,350,350,84.75,84.75,82.25,consistent,"[(0.55, 82.25), (0.65, 84.75), (0.7, 86.25), (0.85, 88.25), (0.9, 89.25)]"
154634_461086,000535_raw.jpg,ready,ready,350,350,84.75,84.75,82.25,consistent,"[(0.55, 82.25), (0.65, 84.75), (0.7, 86.25), (0.85, 88.25), (0.9, 89.25)]"
154634_461086,000540_raw.jpg,ready,ready,350,350,84.75,84.75,82.25,consistent,"[(0.55, 82.25), (0.65, 84.75), (0.7, 86.25), (0.85, 88.25), (0.9, 89.25)]"
154634_461086,000545_raw.jpg,ready,ready,350,350,84.75,84.75,82.25,consistent,"[(0.55, 82.25), (0.65, 84.75), (0.7, 86.5), (0.85, 88.25), (0.9, 89.25)]"
154634_461086,000550_raw.jpg,ready,ready,350,350,84.75,84.75,82.25,consistent,"[(0.55, 82.25), (0.65, 84.75), (0.7, 86.5), (0.85, 88.0), (0.9, 89.25)]"
154634_461086,000555_raw.jpg,ready,ready,349,349,84.75,84.75,82.5,consistent,"[(0.55, 82.5), (0.65, 84.75), (0.7, 86.5), (0.85, 88.25), (0.9, 89.25)]"
154634_461086,000560_raw.jpg,ready,ready,349,349,84.5,84.5,82.25,consistent,"[(0.55, 82.25), (0.65, 84.5), (0.7, 86.5), (0.85, 88.0), (0.9, 89.25)]"
154634_461086,000565_raw.jpg,ready,ready,349,349,84.5,84.5,82.25,consistent,"[(0.55, 82.25), (0.65, 84.5), (0.7, 86.5), (0.85, 88.25), (0.9, 89.25)]"
154634_461086,000570_raw.jpg,ready,ready,350,350,84.5,84.5,82.0,consistent,"[(0.55, 82.0), (0.65, 84.5), (0.7, 86.5), (0.85, 88.25), (0.9, 89.5)]"
154634_461086,000575_raw.jpg,ready,ready,349,349,84.75,84.75,82.5,consistent,"[(0.55, 82.5), (0.65, 84.75), (0.7, 86.5), (0.85, 88.0), (0.9, 89.25)]"
154634_461086,000580_raw.jpg,ready,ready,350,350,84.75,84.75,82.0,consistent,"[(0.55, 82.0), (0.65, 84.75), (0.7, 86.5), (0.85, 88.5), (0.9, 89.25)]"
154634_461086,000585_raw.jpg,ready,ready,350,350,84.75,84.75,82.0,consistent,"[(0.55, 82.0), (0.65, 84.75), (0.7, 86.5), (0.85, 88.25), (0.9, 89.5)]"
154634_461086,000590_raw.jpg,ready,ready,350,350,84.75,84.75,82.0,consistent,"[(0.55, 82.0), (0.65, 84.75), (0.7, 86.5), (0.85, 88.25), (0.9, 89.25)]"
154634_461086,000595_raw.jpg,ready,ready,350,350,84.75,84.75,82.25,consistent,"[(0.55, 82.25), (0.65, 84.75), (0.7, 86.5), (0.85, 88.0), (0.9, 89.25)]"
154634_461086,000600_raw.jpg,ready,ready,350,350,84.75,84.75,82.25,consistent,"[(0.55, 82.25), (0.65, 84.75), (0.7, 86.25), (0.85, 88.0), (0.9, 89.25)]"
154634_461086,000605_raw.jpg,ready,ready,350,350,84.75,84.75,82.25,consistent,"[(0.55, 82.25), (0.65, 84.75), (0.7, 86.5), (0.85, 88.25), (0.9, 89.5)]"
154634_461086,000610_raw.jpg,ready,ready,350,350,84.5,84.5,82.0,consistent,"[(0.55, 82.0), (0.65, 84.5), (0.7, 86.5), (0.85, 88.0), (0.9, 89.25)]"
154634_461086,000615_raw.jpg,ready,ready,350,350,84.5,84.5,82.0,consistent,"[(0.55, 82.0), (0.65, 84.5), (0.7, 86.5), (0.85, 88.25), (0.9, 89.5)]"
154634_461086,000620_raw.jpg,ready,ready,349,349,84.75,84.75,82.5,consistent,"[(0.55, 82.5), (0.65, 84.75), (0.7, 86.25), (0.85, 88.0), (0.9, 89.5)]"
154634_461086,000625_raw.jpg,ready,ready,350,350,84.75,84.75,82.25,consistent,"[(0.55, 82.25), (0.65, 84.75), (0.7, 86.5), (0.85, 88.25), (0.9, 89.25)]"
154634_461086,000630_raw.jpg,ready,ready,350,350,84.75,84.75,82.25,consistent,"[(0.55, 82.25), (0.65, 84.75), (0.7, 86.5), (0.85, 88.0), (0.9, 89.25)]"
154634_461086,000635_raw.jpg,ready,ready,350,350,84.75,84.75,82.0,consistent,"[(0.55, 82.0), (0.65, 84.75), (0.7, 86.5), (0.85, 88.25), (0.9, 89.5)]"
