run,image,roi,status,points,offset0.65,status0.65,offset0.6,status0.6,offset0.55,status0.55,offset0.5,status0.5,offset0.45,status0.45
133417,000001_raw.jpg,0.55,selected,"[[0.55, 83.75], [0.6, 86.25], [0.65, 85.75], [0.7, 88.25], [0.75, 89.5], [0.8, 93.5]]",0.071875,direct,0.078125,direct,0.046875,direct,,unavailable,,unavailable
133417,000001_raw.jpg,0.4,selected,"[[0.45, 90.0], [0.5, 87.25], [0.55, 83.5], [0.6, 86.25], [0.65, 85.75], [0.7, 88.25], [0.75, 89.5], [0.8, 93.5]]",0.071875,direct,0.078125,direct,0.04375,direct,0.090625,direct,0.125,direct
133417,000023_raw.jpg,0.55,selected,"[[0.55, 83.75], [0.6, 86.25], [0.65, 85.75], [0.7, 88.25], [0.75, 89.5], [0.8, 92.5]]",0.071875,direct,0.078125,direct,0.046875,direct,,unavailable,,unavailable
133417,000023_raw.jpg,0.4,selected,"[[0.45, 89.75], [0.5, 87.25], [0.55, 83.5], [0.6, 86.25], [0.65, 85.75], [0.7, 88.25], [0.75, 89.5], [0.8, 92.5]]",0.071875,direct,0.078125,direct,0.04375,direct,0.090625,direct,0.121875,direct
133417,000045_raw.jpg,0.55,selected,"[[0.55, 83.75], [0.6, 86.25], [0.65, 85.75], [0.7, 88.25], [0.75, 89.5], [0.8, 92.75]]",0.071875,direct,0.078125,direct,0.046875,direct,,unavailable,,unavailable
133417,000045_raw.jpg,0.4,selected,"[[0.45, 86.75], [0.5, 82.75], [0.55, 83.5], [0.6, 86.25], [0.65, 85.75], [0.7, 88.25], [0.75, 89.5], [0.8, 92.75]]",0.071875,direct,0.078125,direct,0.04375,direct,0.034375,direct,0.084375,direct
133417,000067_raw.jpg,0.55,selected,"[[0.55, 84.0], [0.6, 86.25], [0.65, 85.75], [0.7, 88.25], [0.75, 89.75], [0.8, 93.0]]",0.071875,direct,0.078125,direct,0.05,direct,,unavailable,,unavailable
133417,000067_raw.jpg,0.4,selected,"[[0.45, 89.75], [0.5, 87.25], [0.55, 83.5], [0.6, 86.25], [0.65, 85.75], [0.7, 88.25], [0.75, 89.75], [0.8, 93.0]]",0.071875,direct,0.078125,direct,0.04375,direct,0.090625,direct,0.121875,direct
133417,000089_raw.jpg,0.55,selected,"[[0.55, 84.0], [0.6, 86.25], [0.65, 86.0], [0.7, 88.5], [0.75, 89.5], [0.8, 92.75]]",0.075,direct,0.078125,direct,0.05,direct,,unavailable,,unavailable
133417,000089_raw.jpg,0.4,selected,"[[0.45, 89.75], [0.5, 87.0], [0.55, 83.5], [0.6, 86.25], [0.65, 86.0], [0.7, 88.5], [0.75, 89.5], [0.8, 92.75]]",0.075,direct,0.078125,direct,0.04375,direct,0.0875,direct,0.121875,direct
133417,000111_raw.jpg,0.55,selected,"[[0.55, 83.75], [0.6, 86.25], [0.65, 85.75], [0.7, 88.5], [0.75, 89.75], [0.8, 92.75]]",0.071875,direct,0.078125,direct,0.046875,direct,,unavailable,,unavailable
133417,000111_raw.jpg,0.4,selected,"[[0.45, 89.5], [0.5, 87.25], [0.55, 83.5], [0.6, 86.25], [0.65, 85.75], [0.7, 88.5], [0.75, 89.75], [0.8, 92.75]]",0.071875,direct,0.078125,direct,0.04375,direct,0.090625,direct,0.11875,direct
133417,000133_raw.jpg,0.55,selected,"[[0.55, 83.75], [0.6, 86.25], [0.65, 85.75], [0.7, 88.5], [0.75, 89.5], [0.8, 93.0]]",0.071875,direct,0.078125,direct,0.046875,direct,,unavailable,,unavailable
133417,000133_raw.jpg,0.4,selected,"[[0.45, 89.75], [0.5, 87.25], [0.55, 83.5], [0.6, 86.25], [0.65, 85.75], [0.7, 88.5], [0.75, 89.5], [0.8, 93.0]]",0.071875,direct,0.078125,direct,0.04375,direct,0.090625,direct,0.121875,direct
133417,000155_raw.jpg,0.55,selected,"[[0.55, 84.0], [0.6, 86.25], [0.65, 86.0], [0.7, 88.5], [0.75, 89.5], [0.8, 93.0]]",0.075,direct,0.078125,direct,0.05,direct,,unavailable,,unavailable
133417,000155_raw.jpg,0.4,selected,"[[0.45, 90.0], [0.5, 87.25], [0.55, 83.5], [0.6, 86.25], [0.65, 86.0], [0.7, 88.5], [0.75, 89.5], [0.8, 93.0]]",0.075,direct,0.078125,direct,0.04375,direct,0.090625,direct,0.125,direct
133417,000177_raw.jpg,0.55,selected,"[[0.55, 83.75], [0.6, 86.25], [0.65, 85.75], [0.7, 88.25], [0.75, 89.5], [0.8, 93.0]]",0.071875,direct,0.078125,direct,0.046875,direct,,unavailable,,unavailable
133417,000177_raw.jpg,0.4,selected,"[[0.45, 89.75], [0.5, 87.25], [0.55, 83.5], [0.6, 86.25], [0.65, 85.75], [0.7, 88.25], [0.75, 89.5], [0.8, 93.0]]",0.071875,direct,0.078125,direct,0.04375,direct,0.090625,direct,0.121875,direct
133417,000199_raw.jpg,0.55,selected,"[[0.55, 83.75], [0.6, 86.25], [0.65, 86.0], [0.7, 88.25], [0.75, 89.5], [0.8, 93.0]]",0.075,direct,0.078125,direct,0.046875,direct,,unavailable,,unavailable
133417,000199_raw.jpg,0.4,selected,"[[0.45, 86.75], [0.5, 82.75], [0.55, 83.5], [0.6, 86.25], [0.65, 86.0], [0.7, 88.25], [0.75, 89.5], [0.8, 93.0]]",0.075,direct,0.078125,direct,0.04375,direct,0.034375,direct,0.084375,direct
133417,000221_raw.jpg,0.55,selected,"[[0.55, 83.75], [0.6, 86.25], [0.65, 86.0], [0.7, 88.5], [0.75, 89.75], [0.8, 93.25]]",0.075,direct,0.078125,direct,0.046875,direct,,unavailable,,unavailable
133417,000221_raw.jpg,0.4,selected,"[[0.45, 90.0], [0.5, 87.25], [0.55, 83.5], [0.6, 86.25], [0.65, 86.0], [0.7, 88.5], [0.75, 89.75], [0.8, 93.25]]",0.075,direct,0.078125,direct,0.04375,direct,0.090625,direct,0.125,direct
133417,000243_raw.jpg,0.55,selected,"[[0.55, 83.75], [0.6, 86.25], [0.65, 86.0], [0.7, 88.5], [0.75, 89.25], [0.8, 92.75]]",0.075,direct,0.078125,direct,0.046875,direct,,unavailable,,unavailable
133417,000243_raw.jpg,0.4,selected,"[[0.45, 89.75], [0.5, 87.25], [0.55, 83.5], [0.6, 86.25], [0.65, 86.0], [0.7, 88.5], [0.75, 89.25], [0.8, 92.75]]",0.075,direct,0.078125,direct,0.04375,direct,0.090625,direct,0.121875,direct
133417,000265_raw.jpg,0.55,selected,"[[0.55, 84.0], [0.6, 86.25], [0.65, 85.75], [0.7, 88.25], [0.75, 89.5], [0.8, 93.5]]",0.071875,direct,0.078125,direct,0.05,direct,,unavailable,,unavailable
133417,000265_raw.jpg,0.4,selected,"[[0.45, 86.5], [0.5, 82.5], [0.55, 83.5], [0.6, 86.25], [0.65, 85.75], [0.7, 88.25], [0.75, 89.5], [0.8, 93.5]]",0.071875,direct,0.078125,direct,0.04375,direct,0.03125,direct,0.08125,direct
133417,000287_raw.jpg,0.55,selected,"[[0.55, 83.75], [0.6, 86.25], [0.65, 85.75], [0.7, 88.25], [0.75, 89.75], [0.8, 93.75]]",0.071875,direct,0.078125,direct,0.046875,direct,,unavailable,,unavailable
133417,000287_raw.jpg,0.4,selected,"[[0.45, 89.75], [0.5, 87.25], [0.55, 83.5], [0.6, 86.25], [0.65, 85.75], [0.7, 88.25], [0.75, 89.75], [0.8, 93.75]]",0.071875,direct,0.078125,direct,0.04375,direct,0.090625,direct,0.121875,direct
133417,000309_raw.jpg,0.55,selected,"[[0.55, 83.75], [0.6, 86.25], [0.65, 86.0], [0.7, 88.5], [0.75, 89.75], [0.8, 93.0]]",0.075,direct,0.078125,direct,0.046875,direct,,unavailable,,unavailable
133417,000309_raw.jpg,0.4,selected,"[[0.45, 89.75], [0.5, 87.25], [0.55, 83.5], [0.6, 86.25], [0.65, 86.0], [0.7, 88.5], [0.75, 89.75], [0.8, 93.0]]",0.075,direct,0.078125,direct,0.04375,direct,0.090625,direct,0.121875,direct
133417,000331_raw.jpg,0.55,selected,"[[0.55, 83.75], [0.6, 86.25], [0.65, 86.0], [0.7, 88.0], [0.75, 89.75], [0.8, 93.0]]",0.075,direct,0.078125,direct,0.046875,direct,,unavailable,,unavailable
133417,000331_raw.jpg,0.4,selected,"[[0.45, 89.75], [0.5, 87.0], [0.55, 83.5], [0.6, 86.25], [0.65, 86.0], [0.7, 88.0], [0.75, 89.75], [0.8, 93.0]]",0.075,direct,0.078125,direct,0.04375,direct,0.0875,direct,0.121875,direct
133417,000353_raw.jpg,0.55,selected,"[[0.55, 83.75], [0.6, 86.25], [0.65, 86.0], [0.7, 88.5], [0.75, 89.5], [0.8, 93.0]]",0.075,direct,0.078125,direct,0.046875,direct,,unavailable,,unavailable
133417,000353_raw.jpg,0.4,selected,"[[0.45, 89.75], [0.5, 87.25], [0.55, 83.5], [0.6, 86.25], [0.65, 86.0], [0.7, 88.5], [0.75, 89.5], [0.8, 93.0]]",0.075,direct,0.078125,direct,0.04375,direct,0.090625,direct,0.121875,direct
133417,000375_raw.jpg,0.55,selected,"[[0.55, 83.75], [0.6, 86.25], [0.65, 86.0], [0.7, 88.25], [0.75, 89.5], [0.8, 93.0]]",0.075,direct,0.078125,direct,0.046875,direct,,unavailable,,unavailable
133417,000375_raw.jpg,0.4,selected,"[[0.45, 89.75], [0.5, 87.25], [0.55, 83.5], [0.6, 86.25], [0.65, 86.0], [0.7, 88.25], [0.75, 89.5], [0.8, 93.0]]",0.075,direct,0.078125,direct,0.04375,direct,0.090625,direct,0.121875,direct
133417,000397_raw.jpg,0.55,selected,"[[0.55, 83.75], [0.6, 86.25], [0.65, 86.0], [0.7, 88.5], [0.75, 89.5], [0.8, 93.0]]",0.075,direct,0.078125,direct,0.046875,direct,,unavailable,,unavailable
133417,000397_raw.jpg,0.4,selected,"[[0.45, 90.0], [0.5, 87.25], [0.55, 83.5], [0.6, 86.25], [0.65, 86.0], [0.7, 88.5], [0.75, 89.5], [0.8, 93.0]]",0.075,direct,0.078125,direct,0.04375,direct,0.090625,direct,0.125,direct
133417,000419_raw.jpg,0.55,selected,"[[0.55, 83.75], [0.6, 86.25], [0.65, 86.0], [0.7, 88.5], [0.75, 89.5], [0.8, 93.25]]",0.075,direct,0.078125,direct,0.046875,direct,,unavailable,,unavailable
133417,000419_raw.jpg,0.4,selected,"[[0.45, 89.75], [0.5, 87.25], [0.55, 83.5], [0.6, 86.25], [0.65, 86.0], [0.7, 88.5], [0.75, 89.5], [0.8, 93.25]]",0.075,direct,0.078125,direct,0.04375,direct,0.090625,direct,0.121875,direct
133417,000441_raw.jpg,0.55,selected,"[[0.55, 83.75], [0.6, 86.25], [0.65, 86.0], [0.7, 88.0], [0.75, 89.25], [0.8, 93.0]]",0.075,direct,0.078125,direct,0.046875,direct,,unavailable,,unavailable
133417,000441_raw.jpg,0.4,selected,"[[0.45, 89.5], [0.5, 87.25], [0.55, 83.5], [0.6, 86.25], [0.65, 86.0], [0.7, 88.0], [0.75, 89.25], [0.8, 93.0]]",0.075,direct,0.078125,direct,0.04375,direct,0.090625,direct,0.11875,direct
133417,000463_raw.jpg,0.55,selected,"[[0.55, 83.75], [0.6, 86.25], [0.65, 86.0], [0.7, 88.5], [0.75, 89.5], [0.8, 92.75]]",0.075,direct,0.078125,direct,0.046875,direct,,unavailable,,unavailable
133417,000463_raw.jpg,0.4,selected,"[[0.45, 90.0], [0.5, 87.25], [0.55, 83.5], [0.6, 86.25], [0.65, 86.0], [0.7, 88.5], [0.75, 89.5], [0.8, 92.75]]",0.075,direct,0.078125,direct,0.04375,direct,0.090625,direct,0.125,direct
133417,000485_raw.jpg,0.55,selected,"[[0.55, 83.75], [0.6, 86.25], [0.65, 85.75], [0.7, 88.25], [0.75, 89.5], [0.8, 92.75]]",0.071875,direct,0.078125,direct,0.046875,direct,,unavailable,,unavailable
133417,000485_raw.jpg,0.4,selected,"[[0.45, 87.0], [0.5, 82.5], [0.55, 83.5], [0.6, 86.25], [0.65, 85.75], [0.7, 88.25], [0.75, 89.5], [0.8, 92.75]]",0.071875,direct,0.078125,direct,0.04375,direct,0.03125,direct,0.0875,direct
133417,000507_raw.jpg,0.55,selected,"[[0.55, 83.75], [0.6, 86.25], [0.65, 85.75], [0.7, 88.5], [0.75, 89.5], [0.8, 93.0]]",0.071875,direct,0.078125,direct,0.046875,direct,,unavailable,,unavailable
133417,000507_raw.jpg,0.4,selected,"[[0.45, 90.0], [0.5, 87.0], [0.55, 83.5], [0.6, 86.25], [0.65, 85.75], [0.7, 88.5], [0.75, 89.5], [0.8, 93.0]]",0.071875,direct,0.078125,direct,0.04375,direct,0.0875,direct,0.125,direct
133417,000529_raw.jpg,0.55,selected,"[[0.55, 83.75], [0.6, 86.25], [0.65, 86.0], [0.7, 88.25], [0.75, 89.75], [0.8, 92.75]]",0.075,direct,0.078125,direct,0.046875,direct,,unavailable,,unavailable
133417,000529_raw.jpg,0.4,selected,"[[0.45, 89.75], [0.5, 87.0], [0.55, 83.5], [0.6, 86.25], [0.65, 86.0], [0.7, 88.25], [0.75, 89.75], [0.8, 92.75]]",0.075,direct,0.078125,direct,0.04375,direct,0.0875,direct,0.121875,direct
133417,000551_raw.jpg,0.55,selected,"[[0.55, 83.75], [0.6, 86.25], [0.65, 85.75], [0.7, 88.5], [0.75, 89.75], [0.8, 93.0]]",0.071875,direct,0.078125,direct,0.046875,direct,,unavailable,,unavailable
133417,000551_raw.jpg,0.4,selected,"[[0.45, 89.75], [0.5, 87.25], [0.55, 83.5], [0.6, 86.25], [0.65, 85.75], [0.7, 88.5], [0.75, 89.75], [0.8, 93.0]]",0.071875,direct,0.078125,direct,0.04375,direct,0.090625,direct,0.121875,direct
133417,000573_raw.jpg,0.55,selected,"[[0.55, 83.75], [0.6, 86.25], [0.65, 85.75], [0.7, 88.25], [0.75, 89.5], [0.8, 92.75]]",0.071875,direct,0.078125,direct,0.046875,direct,,unavailable,,unavailable
133417,000573_raw.jpg,0.4,selected,"[[0.45, 89.75], [0.5, 87.0], [0.55, 83.5], [0.6, 86.25], [0.65, 85.75], [0.7, 88.25], [0.75, 89.5], [0.8, 92.75]]",0.071875,direct,0.078125,direct,0.04375,direct,0.0875,direct,0.121875,direct
133417,000595_raw.jpg,0.55,selected,"[[0.55, 83.75], [0.6, 86.25], [0.65, 86.0], [0.7, 88.25], [0.75, 89.75], [0.8, 92.75]]",0.075,direct,0.078125,direct,0.046875,direct,,unavailable,,unavailable
133417,000595_raw.jpg,0.4,selected,"[[0.45, 90.0], [0.5, 87.0], [0.55, 83.5], [0.6, 86.25], [0.65, 86.0], [0.7, 88.25], [0.75, 89.75], [0.8, 92.75]]",0.075,direct,0.078125,direct,0.04375,direct,0.0875,direct,0.125,direct
133417,000617_raw.jpg,0.55,selected,"[[0.55, 83.75], [0.6, 86.25], [0.65, 86.0], [0.7, 88.5], [0.75, 89.75], [0.8, 92.75]]",0.075,direct,0.078125,direct,0.046875,direct,,unavailable,,unavailable
133417,000617_raw.jpg,0.4,selected,"[[0.45, 89.75], [0.5, 87.25], [0.55, 83.5], [0.6, 86.25], [0.65, 86.0], [0.7, 88.5], [0.75, 89.75], [0.8, 92.75]]",0.075,direct,0.078125,direct,0.04375,direct,0.090625,direct,0.121875,direct
133705,000001_raw.jpg,0.55,selected,"[[0.55, 87.5], [0.6, 91.0], [0.65, 92.25], [0.7, 95.75], [0.75, 98.0], [0.8, 100.5]]",0.153125,direct,0.1375,direct,0.09375,direct,,unavailable,,unavailable
133705,000001_raw.jpg,0.4,selected,"[[0.45, 87.5], [0.5, 85.5], [0.55, 87.0], [0.6, 91.0], [0.65, 92.25], [0.7, 95.75], [0.75, 98.0], [0.8, 100.5]]",0.153125,direct,0.1375,direct,0.0875,direct,0.06875,direct,0.09375,direct
133705,000023_raw.jpg,0.55,selected,"[[0.55, 87.5], [0.6, 91.0], [0.65, 92.25], [0.7, 95.5], [0.75, 97.75], [0.8, 100.5]]",0.153125,direct,0.1375,direct,0.09375,direct,,unavailable,,unavailable
133705,000023_raw.jpg,0.4,selected,"[[0.45, 87.25], [0.5, 85.5], [0.55, 87.0], [0.6, 91.0], [0.65, 92.25], [0.7, 95.5], [0.75, 97.75], [0.8, 100.5]]",0.153125,direct,0.1375,direct,0.0875,direct,0.06875,direct,0.090625,direct
133705,000045_raw.jpg,0.55,selected,"[[0.55, 87.5], [0.6, 91.0], [0.65, 92.5], [0.7, 95.5], [0.75, 98.0], [0.8, 100.5]]",0.15625,direct,0.1375,direct,0.09375,direct,,unavailable,,unavailable
133705,000045_raw.jpg,0.4,selected,"[[0.45, 87.5], [0.5, 85.5], [0.55, 87.0], [0.6, 91.0], [0.65, 92.5], [0.7, 95.5], [0.75, 98.0], [0.8, 100.5]]",0.15625,direct,0.1375,direct,0.0875,direct,0.06875,direct,0.09375,direct
133705,000067_raw.jpg,0.55,selected,"[[0.55, 87.25], [0.6, 91.0], [0.65, 92.5], [0.7, 95.75], [0.75, 97.75], [0.8, 100.5]]",0.15625,direct,0.1375,direct,0.090625,direct,,unavailable,,unavailable
133705,000067_raw.jpg,0.4,selected,"[[0.45, 87.5], [0.5, 85.5], [0.55, 87.0], [0.6, 91.0], [0.65, 92.5], [0.7, 95.75], [0.75, 97.75], [0.8, 100.5]]",0.15625,direct,0.1375,direct,0.0875,direct,0.06875,direct,0.09375,direct
133705,000089_raw.jpg,0.55,selected,"[[0.55, 87.25], [0.6, 91.0], [0.65, 92.25], [0.7, 95.75], [0.75, 97.75], [0.8, 100.5]]",0.153125,direct,0.1375,direct,0.090625,direct,,unavailable,,unavailable
133705,000089_raw.jpg,0.4,selected,"[[0.45, 87.25], [0.5, 85.5], [0.55, 87.0], [0.6, 91.0], [0.65, 92.25], [0.7, 95.75], [0.75, 97.75], [0.8, 100.5]]",0.153125,direct,0.1375,direct,0.0875,direct,0.06875,direct,0.090625,direct
133705,000111_raw.jpg,0.55,selected,"[[0.55, 87.25], [0.6, 91.0], [0.65, 92.25], [0.7, 95.75], [0.75, 97.75], [0.8, 100.5]]",0.153125,direct,0.1375,direct,0.090625,direct,,unavailable,,unavailable
133705,000111_raw.jpg,0.4,selected,"[[0.45, 87.5], [0.5, 85.5], [0.55, 87.0], [0.6, 91.0], [0.65, 92.25], [0.7, 95.75], [0.75, 97.75], [0.8, 100.5]]",0.153125,direct,0.1375,direct,0.0875,direct,0.06875,direct,0.09375,direct
133705,000133_raw.jpg,0.55,selected,"[[0.55, 87.25], [0.6, 91.0], [0.65, 92.5], [0.7, 95.75], [0.75, 97.75], [0.8, 100.5]]",0.15625,direct,0.1375,direct,0.090625,direct,,unavailable,,unavailable
133705,000133_raw.jpg,0.4,selected,"[[0.45, 87.25], [0.5, 85.5], [0.55, 87.0], [0.6, 91.0], [0.65, 92.5], [0.7, 95.75], [0.75, 97.75], [0.8, 100.5]]",0.15625,direct,0.1375,direct,0.0875,direct,0.06875,direct,0.090625,direct
133705,000155_raw.jpg,0.55,selected,"[[0.55, 87.25], [0.6, 91.0], [0.65, 92.25], [0.7, 95.75], [0.75, 97.75], [0.8, 100.5]]",0.153125,direct,0.1375,direct,0.090625,direct,,unavailable,,unavailable
133705,000155_raw.jpg,0.4,selected,"[[0.45, 87.25], [0.5, 85.5], [0.55, 87.0], [0.6, 91.0], [0.65, 92.25], [0.7, 95.75], [0.75, 97.75], [0.8, 100.5]]",0.153125,direct,0.1375,direct,0.0875,direct,0.06875,direct,0.090625,direct
133705,000177_raw.jpg,0.55,selected,"[[0.55, 87.5], [0.6, 91.0], [0.65, 92.5], [0.7, 95.5], [0.75, 97.75], [0.8, 100.5]]",0.15625,direct,0.1375,direct,0.09375,direct,,unavailable,,unavailable
133705,000177_raw.jpg,0.4,selected,"[[0.45, 87.5], [0.5, 85.5], [0.55, 87.0], [0.6, 91.0], [0.65, 92.5], [0.7, 95.5], [0.75, 97.75], [0.8, 100.5]]",0.15625,direct,0.1375,direct,0.0875,direct,0.06875,direct,0.09375,direct
133705,000199_raw.jpg,0.55,selected,"[[0.55, 87.5], [0.6, 91.0], [0.65, 92.25], [0.7, 95.75], [0.75, 97.75], [0.8, 100.5]]",0.153125,direct,0.1375,direct,0.09375,direct,,unavailable,,unavailable
133705,000199_raw.jpg,0.4,selected,"[[0.45, 87.25], [0.5, 85.5], [0.55, 87.0], [0.6, 91.0], [0.65, 92.25], [0.7, 95.75], [0.75, 97.75], [0.8, 100.5]]",0.153125,direct,0.1375,direct,0.0875,direct,0.06875,direct,0.090625,direct
133705,000221_raw.jpg,0.55,selected,"[[0.55, 87.25], [0.6, 91.0], [0.65, 92.5], [0.7, 95.75], [0.75, 98.0], [0.8, 100.5]]",0.15625,direct,0.1375,direct,0.090625,direct,,unavailable,,unavailable
133705,000221_raw.jpg,0.4,selected,"[[0.45, 87.5], [0.5, 85.5], [0.55, 87.0], [0.6, 91.0], [0.65, 92.5], [0.7, 95.75], [0.75, 98.0], [0.8, 100.5]]",0.15625,direct,0.1375,direct,0.0875,direct,0.06875,direct,0.09375,direct
133705,000243_raw.jpg,0.55,selected,"[[0.55, 87.5], [0.6, 91.0], [0.65, 92.25], [0.7, 95.75], [0.75, 97.75], [0.8, 100.5]]",0.153125,direct,0.1375,direct,0.09375,direct,,unavailable,,unavailable
133705,000243_raw.jpg,0.4,selected,"[[0.45, 87.5], [0.5, 85.5], [0.55, 87.0], [0.6, 91.0], [0.65, 92.25], [0.7, 95.75], [0.75, 97.75], [0.8, 100.5]]",0.153125,direct,0.1375,direct,0.0875,direct,0.06875,direct,0.09375,direct
133705,000265_raw.jpg,0.55,selected,"[[0.55, 87.5], [0.6, 91.0], [0.65, 92.5], [0.7, 95.75], [0.75, 98.0], [0.8, 100.5]]",0.15625,direct,0.1375,direct,0.09375,direct,,unavailable,,unavailable
133705,000265_raw.jpg,0.4,selected,"[[0.45, 87.5], [0.5, 85.5], [0.55, 87.25], [0.6, 91.0], [0.65, 92.5], [0.7, 95.75], [0.75, 98.0], [0.8, 100.5]]",0.15625,direct,0.1375,direct,0.090625,direct,0.06875,direct,0.09375,direct
133705,000287_raw.jpg,0.55,selected,"[[0.55, 87.5], [0.6, 91.0], [0.65, 92.25], [0.7, 95.75], [0.75, 98.0], [0.8, 100.25]]",0.153125,direct,0.1375,direct,0.09375,direct,,unavailable,,unavailable
133705,000287_raw.jpg,0.4,selected,"[[0.45, 87.5], [0.5, 85.5], [0.55, 87.0], [0.6, 91.0], [0.65, 92.25], [0.7, 95.75], [0.75, 98.0], [0.8, 100.25]]",0.153125,direct,0.1375,direct,0.0875,direct,0.06875,direct,0.09375,direct
133705,000309_raw.jpg,0.55,selected,"[[0.55, 87.5], [0.6, 91.0], [0.65, 92.5], [0.7, 95.5], [0.75, 97.75], [0.8, 100.5]]",0.15625,direct,0.1375,direct,0.09375,direct,,unavailable,,unavailable
133705,000309_raw.jpg,0.4,selected,"[[0.45, 87.25], [0.5, 85.5], [0.55, 87.25], [0.6, 91.0], [0.65, 92.5], [0.7, 95.5], [0.75, 97.75], [0.8, 100.5]]",0.15625,direct,0.1375,direct,0.090625,direct,0.06875,direct,0.090625,direct
133705,000331_raw.jpg,0.55,selected,"[[0.55, 87.75], [0.6, 91.0], [0.65, 92.5], [0.7, 95.75], [0.75, 98.0], [0.8, 100.5]]",0.15625,direct,0.1375,direct,0.096875,direct,,unavailable,,unavailable
133705,000331_raw.jpg,0.4,selected,"[[0.45, 87.5], [0.5, 85.5], [0.55, 87.5], [0.6, 91.0], [0.65, 92.5], [0.7, 95.75], [0.75, 98.0], [0.8, 100.5]]",0.15625,direct,0.1375,direct,0.09375,direct,0.06875,direct,0.09375,direct
133705,000353_raw.jpg,0.55,selected,"[[0.55, 87.25], [0.6, 91.0], [0.65, 92.5], [0.7, 95.75], [0.75, 97.75], [0.8, 100.5]]",0.15625,direct,0.1375,direct,0.090625,direct,,unavailable,,unavailable
133705,000353_raw.jpg,0.4,selected,"[[0.45, 87.25], [0.5, 85.5], [0.55, 87.0], [0.6, 91.0], [0.65, 92.5], [0.7, 95.75], [0.75, 97.75], [0.8, 100.5]]",0.15625,direct,0.1375,direct,0.0875,direct,0.06875,direct,0.090625,direct
133705,000375_raw.jpg,0.55,selected,"[[0.55, 87.25], [0.6, 91.0], [0.65, 92.25], [0.7, 95.75], [0.75, 97.75], [0.8, 100.5]]",0.153125,direct,0.1375,direct,0.090625,direct,,unavailable,,unavailable
133705,000375_raw.jpg,0.4,selected,"[[0.45, 87.25], [0.5, 85.5], [0.55, 87.0], [0.6, 91.0], [0.65, 92.25], [0.7, 95.75], [0.75, 97.75], [0.8, 100.5]]",0.153125,direct,0.1375,direct,0.0875,direct,0.06875,direct,0.090625,direct
133705,000397_raw.jpg,0.55,selected,"[[0.55, 87.25], [0.6, 91.0], [0.65, 92.25], [0.7, 95.75], [0.75, 98.0], [0.8, 100.5]]",0.153125,direct,0.1375,direct,0.090625,direct,,unavailable,,unavailable
133705,000397_raw.jpg,0.4,selected,"[[0.45, 87.25], [0.5, 85.5], [0.55, 87.0], [0.6, 91.0], [0.65, 92.25], [0.7, 95.75], [0.75, 98.0], [0.8, 100.5]]",0.153125,direct,0.1375,direct,0.0875,direct,0.06875,direct,0.090625,direct
133705,000419_raw.jpg,0.55,selected,"[[0.55, 87.5], [0.6, 91.0], [0.65, 92.5], [0.7, 95.75], [0.75, 97.75], [0.8, 100.5]]",0.15625,direct,0.1375,direct,0.09375,direct,,unavailable,,unavailable
133705,000419_raw.jpg,0.4,selected,"[[0.45, 87.25], [0.5, 85.5], [0.55, 87.25], [0.6, 91.0], [0.65, 92.5], [0.7, 95.75], [0.75, 97.75], [0.8, 100.5]]",0.15625,direct,0.1375,direct,0.090625,direct,0.06875,direct,0.090625,direct
133705,000441_raw.jpg,0.55,selected,"[[0.55, 87.25], [0.6, 91.0], [0.65, 92.5], [0.7, 95.75], [0.75, 98.25], [0.8, 100.5]]",0.15625,direct,0.1375,direct,0.090625,direct,,unavailable,,unavailable
133705,000441_raw.jpg,0.4,selected,"[[0.45, 87.5], [0.5, 85.5], [0.55, 87.0], [0.6, 91.0], [0.65, 92.5], [0.7, 95.75], [0.75, 98.25], [0.8, 100.5]]",0.15625,direct,0.1375,direct,0.0875,direct,0.06875,direct,0.09375,direct
133705,000463_raw.jpg,0.55,selected,"[[0.55, 87.5], [0.6, 91.0], [0.65, 92.25], [0.7, 95.75], [0.75, 97.75], [0.8, 100.5]]",0.153125,direct,0.1375,direct,0.09375,direct,,unavailable,,unavailable
133705,000463_raw.jpg,0.4,selected,"[[0.45, 87.5], [0.5, 85.5], [0.55, 87.25], [0.6, 91.0], [0.65, 92.25], [0.7, 95.75], [0.75, 97.75], [0.8, 100.5]]",0.153125,direct,0.1375,direct,0.090625,direct,0.06875,direct,0.09375,direct
133705,000485_raw.jpg,0.55,selected,"[[0.55, 87.5], [0.6, 91.0], [0.65, 92.5], [0.7, 95.75], [0.75, 98.0], [0.8, 100.5]]",0.15625,direct,0.1375,direct,0.09375,direct,,unavailable,,unavailable
133705,000485_raw.jpg,0.4,selected,"[[0.45, 87.25], [0.5, 85.5], [0.55, 87.0], [0.6, 91.0], [0.65, 92.5], [0.7, 95.75], [0.75, 98.0], [0.8, 100.5]]",0.15625,direct,0.1375,direct,0.0875,direct,0.06875,direct,0.090625,direct
133705,000507_raw.jpg,0.55,selected,"[[0.55, 87.25], [0.6, 91.0], [0.65, 92.5], [0.7, 95.75], [0.75, 98.0], [0.8, 100.5]]",0.15625,direct,0.1375,direct,0.090625,direct,,unavailable,,unavailable
133705,000507_raw.jpg,0.4,selected,"[[0.45, 87.5], [0.5, 85.5], [0.55, 87.0], [0.6, 91.0], [0.65, 92.5], [0.7, 95.75], [0.75, 98.0], [0.8, 100.5]]",0.15625,direct,0.1375,direct,0.0875,direct,0.06875,direct,0.09375,direct
133705,000529_raw.jpg,0.55,selected,"[[0.55, 87.5], [0.6, 91.0], [0.65, 92.25], [0.7, 95.75], [0.75, 97.75], [0.8, 100.5]]",0.153125,direct,0.1375,direct,0.09375,direct,,unavailable,,unavailable
133705,000529_raw.jpg,0.4,selected,"[[0.45, 87.5], [0.5, 85.5], [0.55, 87.25], [0.6, 91.0], [0.65, 92.25], [0.7, 95.75], [0.75, 97.75], [0.8, 100.5]]",0.153125,direct,0.1375,direct,0.090625,direct,0.06875,direct,0.09375,direct
133705,000551_raw.jpg,0.55,selected,"[[0.55, 87.25], [0.6, 91.0], [0.65, 92.25], [0.7, 95.75], [0.75, 98.0], [0.8, 100.5]]",0.153125,direct,0.1375,direct,0.090625,direct,,unavailable,,unavailable
133705,000551_raw.jpg,0.4,selected,"[[0.45, 87.5], [0.5, 85.5], [0.55, 87.0], [0.6, 91.0], [0.65, 92.25], [0.7, 95.75], [0.75, 98.0], [0.8, 100.5]]",0.153125,direct,0.1375,direct,0.0875,direct,0.06875,direct,0.09375,direct
133705,000573_raw.jpg,0.55,selected,"[[0.55, 87.25], [0.6, 91.0], [0.65, 92.5], [0.7, 95.75], [0.75, 98.0], [0.8, 100.5]]",0.15625,direct,0.1375,direct,0.090625,direct,,unavailable,,unavailable
133705,000573_raw.jpg,0.4,selected,"[[0.45, 87.25], [0.5, 85.5], [0.55, 87.0], [0.6, 91.0], [0.65, 92.5], [0.7, 95.75], [0.75, 98.0], [0.8, 100.5]]",0.15625,direct,0.1375,direct,0.0875,direct,0.06875,direct,0.090625,direct
133705,000595_raw.jpg,0.55,selected,"[[0.55, 87.25], [0.6, 91.0], [0.65, 92.5], [0.7, 95.75], [0.75, 97.75], [0.8, 100.5]]",0.15625,direct,0.1375,direct,0.090625,direct,,unavailable,,unavailable
133705,000595_raw.jpg,0.4,selected,"[[0.45, 87.5], [0.5, 85.5], [0.55, 87.0], [0.6, 91.0], [0.65, 92.5], [0.7, 95.75], [0.75, 97.75], [0.8, 100.5]]",0.15625,direct,0.1375,direct,0.0875,direct,0.06875,direct,0.09375,direct
133705,000617_raw.jpg,0.55,selected,"[[0.55, 87.25], [0.6, 91.0], [0.65, 92.5], [0.7, 95.75], [0.75, 97.75], [0.8, 100.5]]",0.15625,direct,0.1375,direct,0.090625,direct,,unavailable,,unavailable
133705,000617_raw.jpg,0.4,selected,"[[0.45, 87.5], [0.5, 85.5], [0.55, 87.0], [0.6, 91.0], [0.65, 92.5], [0.7, 95.75], [0.75, 97.75], [0.8, 100.5]]",0.15625,direct,0.1375,direct,0.0875,direct,0.06875,direct,0.09375,direct
133915,000001_raw.jpg,0.55,selected,"[[0.55, 70.25], [0.6, 71.0], [0.65, 66.75], [0.7, 66.25], [0.75, 67.5], [0.85, 63.0], [0.9, 64.0]]",-0.165625,direct,-0.1125,direct,-0.121875,direct,,unavailable,,unavailable
133915,000001_raw.jpg,0.4,selected,"[[0.45, 82.25], [0.5, 78.75], [0.55, 70.0], [0.6, 71.0], [0.65, 66.75], [0.7, 66.25], [0.75, 67.5], [0.85, 63.0], [0.9, 64.0]]",-0.165625,direct,-0.1125,direct,-0.125,direct,-0.015625,direct,0.028125,direct
133915,000023_raw.jpg,0.55,selected,"[[0.55, 70.25], [0.6, 70.75], [0.65, 66.75], [0.7, 66.25], [0.75, 67.25], [0.85, 63.0], [0.9, 64.25]]",-0.165625,direct,-0.115625,direct,-0.121875,direct,,unavailable,,unavailable
133915,000023_raw.jpg,0.4,selected,"[[0.45, 74.0], [0.5, 72.5], [0.55, 69.75], [0.6, 70.75], [0.65, 66.75], [0.7, 66.25], [0.75, 67.25], [0.85, 63.0], [0.9, 64.25]]",-0.165625,direct,-0.115625,direct,-0.128125,direct,-0.09375,direct,-0.075,direct
133915,000045_raw.jpg,0.55,selected,"[[0.55, 70.25], [0.6, 71.0], [0.65, 66.75], [0.7, 66.0], [0.75, 67.25], [0.85, 63.0], [0.9, 64.0]]",-0.165625,direct,-0.1125,direct,-0.121875,direct,,unavailable,,unavailable
133915,000045_raw.jpg,0.4,selected,"[[0.45, 74.0], [0.5, 72.25], [0.55, 70.0], [0.6, 71.0], [0.65, 66.75], [0.7, 66.0], [0.75, 67.25], [0.85, 63.0], [0.9, 64.0]]",-0.165625,direct,-0.1125,direct,-0.125,direct,-0.096875,direct,-0.075,direct
133915,000067_raw.jpg,0.55,selected,"[[0.55, 70.25], [0.6, 70.75], [0.65, 66.75], [0.7, 66.5], [0.75, 67.5], [0.85, 63.0], [0.9, 64.0]]",-0.165625,direct,-0.115625,direct,-0.121875,direct,,unavailable,,unavailable
133915,000067_raw.jpg,0.4,selected,"[[0.45, 81.75], [0.5, 78.5], [0.55, 70.0], [0.6, 70.75], [0.65, 66.75], [0.7, 66.5], [0.75, 67.5], [0.85, 63.0], [0.9, 64.0]]",-0.165625,direct,-0.115625,direct,-0.125,direct,-0.01875,direct,0.021875,direct
133915,000089_raw.jpg,0.55,selected,"[[0.55, 70.25], [0.6, 70.75], [0.65, 66.5], [0.7, 66.5], [0.75, 67.25], [0.85, 63.0], [0.9, 64.25]]",-0.16875,direct,-0.115625,direct,-0.121875,direct,,unavailable,,unavailable
133915,000089_raw.jpg,0.4,selected,"[[0.45, 74.0], [0.5, 72.25], [0.55, 70.0], [0.6, 70.75], [0.65, 66.5], [0.7, 66.5], [0.75, 67.25], [0.85, 63.0], [0.9, 64.25]]",-0.16875,direct,-0.115625,direct,-0.125,direct,-0.096875,direct,-0.075,direct
133915,000111_raw.jpg,0.55,selected,"[[0.55, 70.25], [0.6, 71.25], [0.65, 66.75], [0.7, 66.25], [0.75, 67.25], [0.85, 63.0], [0.9, 64.25]]",-0.165625,direct,-0.109375,direct,-0.121875,direct,,unavailable,,unavailable
133915,000111_raw.jpg,0.4,selected,"[[0.45, 74.0], [0.5, 72.5], [0.55, 70.0], [0.6, 71.25], [0.65, 66.75], [0.7, 66.25], [0.75, 67.25], [0.85, 63.0], [0.9, 64.25]]",-0.165625,direct,-0.109375,direct,-0.125,direct,-0.09375,direct,-0.075,direct
133915,000133_raw.jpg,0.55,selected,"[[0.55, 70.25], [0.6, 70.75], [0.65, 66.75], [0.7, 66.0], [0.75, 67.5], [0.85, 63.0], [0.9, 64.25]]",-0.165625,direct,-0.115625,direct,-0.121875,direct,,unavailable,,unavailable
133915,000133_raw.jpg,0.4,selected,"[[0.45, 82.0], [0.5, 78.75], [0.55, 69.75], [0.6, 70.75], [0.65, 66.75], [0.7, 66.0], [0.75, 67.5], [0.85, 63.0], [0.9, 64.25]]",-0.165625,direct,-0.115625,direct,-0.128125,direct,-0.015625,direct,0.025,direct
133915,000155_raw.jpg,0.55,selected,"[[0.55, 70.25], [0.6, 71.0], [0.65, 66.75], [0.7, 66.0], [0.75, 67.5], [0.85, 63.0], [0.9, 64.0]]",-0.165625,direct,-0.1125,direct,-0.121875,direct,,unavailable,,unavailable
133915,000155_raw.jpg,0.4,selected,"[[0.45, 74.25], [0.5, 72.25], [0.55, 70.0], [0.6, 71.0], [0.65, 66.75], [0.7, 66.0], [0.75, 67.5], [0.85, 63.0], [0.9, 64.0]]",-0.165625,direct,-0.1125,direct,-0.125,direct,-0.096875,direct,-0.071875,direct
133915,000177_raw.jpg,0.55,selected,"[[0.55, 70.25], [0.6, 70.5], [0.65, 66.5], [0.7, 66.0], [0.75, 67.25], [0.85, 63.0], [0.9, 64.0]]",-0.16875,direct,-0.11875,direct,-0.121875,direct,,unavailable,,unavailable
133915,000177_raw.jpg,0.4,selected,"[[0.45, 81.75], [0.5, 78.75], [0.55, 70.0], [0.6, 70.5], [0.65, 66.5], [0.7, 66.0], [0.75, 67.25], [0.85, 63.0], [0.9, 64.0]]",-0.16875,direct,-0.11875,direct,-0.125,direct,-0.015625,direct,0.021875,direct
133915,000199_raw.jpg,0.55,selected,"[[0.55, 70.25], [0.6, 70.75], [0.65, 66.75], [0.7, 66.25], [0.75, 67.5], [0.85, 63.0], [0.9, 64.0]]",-0.165625,direct,-0.115625,direct,-0.121875,direct,,unavailable,,unavailable
133915,000199_raw.jpg,0.4,selected,"[[0.45, 81.5], [0.5, 78.75], [0.55, 70.0], [0.6, 70.75], [0.65, 66.75], [0.7, 66.25], [0.75, 67.5], [0.85, 63.0], [0.9, 64.0]]",-0.165625,direct,-0.115625,direct,-0.125,direct,-0.015625,direct,0.01875,direct
133915,000221_raw.jpg,0.55,selected,"[[0.55, 70.25], [0.6, 70.75], [0.65, 66.75], [0.7, 66.25], [0.75, 67.5], [0.85, 63.0], [0.9, 64.0]]",-0.165625,direct,-0.115625,direct,-0.121875,direct,,unavailable,,unavailable
133915,000221_raw.jpg,0.4,selected,"[[0.45, 81.75], [0.5, 78.75], [0.55, 70.0], [0.6, 70.75], [0.65, 66.75], [0.7, 66.25], [0.75, 67.5], [0.85, 63.0], [0.9, 64.0]]",-0.165625,direct,-0.115625,direct,-0.125,direct,-0.015625,direct,0.021875,direct
133915,000243_raw.jpg,0.55,selected,"[[0.55, 70.25], [0.6, 70.75], [0.65, 66.75], [0.7, 66.25], [0.75, 67.5], [0.85, 63.0], [0.9, 64.0]]",-0.165625,direct,-0.115625,direct,-0.121875,direct,,unavailable,,unavailable
133915,000243_raw.jpg,0.4,selected,"[[0.45, 81.75], [0.5, 78.75], [0.55, 70.0], [0.6, 70.75], [0.65, 66.75], [0.7, 66.25], [0.75, 67.5], [0.85, 63.0], [0.9, 64.0]]",-0.165625,direct,-0.115625,direct,-0.125,direct,-0.015625,direct,0.021875,direct
133915,000265_raw.jpg,0.55,selected,"[[0.55, 70.25], [0.6, 71.0], [0.65, 66.75], [0.7, 66.0], [0.75, 67.25], [0.85, 63.0], [0.9, 64.0]]",-0.165625,direct,-0.1125,direct,-0.121875,direct,,unavailable,,unavailable
133915,000265_raw.jpg,0.4,selected,"[[0.45, 82.0], [0.5, 78.5], [0.55, 70.0], [0.6, 71.0], [0.65, 66.75], [0.7, 66.0], [0.75, 67.25], [0.85, 63.0], [0.9, 64.0]]",-0.165625,direct,-0.1125,direct,-0.125,direct,-0.01875,direct,0.025,direct
133915,000287_raw.jpg,0.55,selected,"[[0.55, 70.25], [0.6, 71.0], [0.65, 66.5], [0.7, 66.25], [0.75, 67.25], [0.85, 63.0], [0.9, 64.0]]",-0.16875,direct,-0.1125,direct,-0.121875,direct,,unavailable,,unavailable
133915,000287_raw.jpg,0.4,selected,"[[0.45, 82.0], [0.5, 78.75], [0.55, 70.0], [0.6, 71.0], [0.65, 66.5], [0.7, 66.25], [0.75, 67.25], [0.85, 63.0], [0.9, 64.0]]",-0.16875,direct,-0.1125,direct,-0.125,direct,-0.015625,direct,0.025,direct
133915,000309_raw.jpg,0.55,selected,"[[0.55, 70.25], [0.6, 71.0], [0.65, 66.5], [0.7, 66.0], [0.75, 67.25], [0.85, 63.0], [0.9, 64.25]]",-0.16875,direct,-0.1125,direct,-0.121875,direct,,unavailable,,unavailable
133915,000309_raw.jpg,0.4,selected,"[[0.45, 81.75], [0.5, 78.75], [0.55, 70.0], [0.6, 71.0], [0.65, 66.5], [0.7, 66.0], [0.75, 67.25], [0.85, 63.0], [0.9, 64.25]]",-0.16875,direct,-0.1125,direct,-0.125,direct,-0.015625,direct,0.021875,direct
133915,000331_raw.jpg,0.55,selected,"[[0.55, 70.25], [0.6, 71.0], [0.65, 66.75], [0.7, 66.25], [0.75, 67.25], [0.85, 63.0], [0.9, 64.0]]",-0.165625,direct,-0.1125,direct,-0.121875,direct,,unavailable,,unavailable
133915,000331_raw.jpg,0.4,selected,"[[0.45, 82.0], [0.5, 78.75], [0.55, 70.0], [0.6, 71.0], [0.65, 66.75], [0.7, 66.25], [0.75, 67.25], [0.85, 63.0], [0.9, 64.0]]",-0.165625,direct,-0.1125,direct,-0.125,direct,-0.015625,direct,0.025,direct
133915,000353_raw.jpg,0.55,selected,"[[0.55, 70.25], [0.6, 70.75], [0.65, 66.75], [0.7, 66.0], [0.75, 67.5], [0.85, 63.0], [0.9, 64.0]]",-0.165625,direct,-0.115625,direct,-0.121875,direct,,unavailable,,unavailable
133915,000353_raw.jpg,0.4,selected,"[[0.45, 74.0], [0.5, 72.25], [0.55, 70.0], [0.6, 70.75], [0.65, 66.75], [0.7, 66.0], [0.75, 67.5], [0.85, 63.0], [0.9, 64.0]]",-0.165625,direct,-0.115625,direct,-0.125,direct,-0.096875,direct,-0.075,direct
133915,000375_raw.jpg,0.55,selected,"[[0.55, 70.25], [0.6, 70.75], [0.65, 66.75], [0.7, 66.25], [0.75, 67.5], [0.85, 63.0], [0.9, 64.25]]",-0.165625,direct,-0.115625,direct,-0.121875,direct,,unavailable,,unavailable
133915,000375_raw.jpg,0.4,selected,"[[0.45, 82.0], [0.5, 78.5], [0.55, 70.0], [0.6, 70.75], [0.65, 66.75], [0.7, 66.25], [0.75, 67.5], [0.85, 63.0], [0.9, 64.25]]",-0.165625,direct,-0.115625,direct,-0.125,direct,-0.01875,direct,0.025,direct
133915,000397_raw.jpg,0.55,selected,"[[0.55, 70.25], [0.6, 70.75], [0.65, 66.75], [0.7, 66.0], [0.75, 67.25], [0.85, 63.0], [0.9, 64.0]]",-0.165625,direct,-0.115625,direct,-0.121875,direct,,unavailable,,unavailable
133915,000397_raw.jpg,0.4,selected,"[[0.45, 82.25], [0.5, 78.75], [0.55, 70.0], [0.6, 70.75], [0.65, 66.75], [0.7, 66.0], [0.75, 67.25], [0.85, 63.0], [0.9, 64.0]]",-0.165625,direct,-0.115625,direct,-0.125,direct,-0.015625,direct,0.028125,direct
133915,000419_raw.jpg,0.55,selected,"[[0.55, 70.25], [0.6, 71.0], [0.65, 66.75], [0.7, 66.25], [0.75, 67.5], [0.85, 63.0], [0.9, 64.0]]",-0.165625,direct,-0.1125,direct,-0.121875,direct,,unavailable,,unavailable
133915,000419_raw.jpg,0.4,selected,"[[0.45, 73.75], [0.5, 72.25], [0.55, 70.0], [0.6, 71.0], [0.65, 66.75], [0.7, 66.25], [0.75, 67.5], [0.85, 63.0], [0.9, 64.0]]",-0.165625,direct,-0.1125,direct,-0.125,direct,-0.096875,direct,-0.078125,direct
133915,000441_raw.jpg,0.55,selected,"[[0.55, 70.25], [0.6, 71.0], [0.65, 66.75], [0.7, 66.0], [0.75, 67.25], [0.85, 63.0], [0.9, 64.25]]",-0.165625,direct,-0.1125,direct,-0.121875,direct,,unavailable,,unavailable
133915,000441_raw.jpg,0.4,selected,"[[0.45, 74.0], [0.5, 72.5], [0.55, 70.0], [0.6, 71.0], [0.65, 66.75], [0.7, 66.0], [0.75, 67.25], [0.85, 63.0], [0.9, 64.25]]",-0.165625,direct,-0.1125,direct,-0.125,direct,-0.09375,direct,-0.075,direct
133915,000463_raw.jpg,0.55,selected,"[[0.55, 70.25], [0.6, 70.75], [0.65, 66.5], [0.7, 66.25], [0.75, 67.25], [0.85, 63.0], [0.9, 64.0]]",-0.16875,direct,-0.115625,direct,-0.121875,direct,,unavailable,,unavailable
133915,000463_raw.jpg,0.4,selected,"[[0.45, 82.25], [0.5, 78.5], [0.55, 70.0], [0.6, 70.75], [0.65, 66.5], [0.7, 66.25], [0.75, 67.25], [0.85, 63.0], [0.9, 64.0]]",-0.16875,direct,-0.115625,direct,-0.125,direct,-0.01875,direct,0.028125,direct
133915,000485_raw.jpg,0.55,selected,"[[0.55, 70.25], [0.6, 70.75], [0.65, 66.75], [0.7, 66.25], [0.75, 67.25], [0.85, 63.0], [0.9, 64.0]]",-0.165625,direct,-0.115625,direct,-0.121875,direct,,unavailable,,unavailable
133915,000485_raw.jpg,0.4,selected,"[[0.45, 82.25], [0.5, 78.75], [0.55, 70.0], [0.6, 70.75], [0.65, 66.75], [0.7, 66.25], [0.75, 67.25], [0.85, 63.0], [0.9, 64.0]]",-0.165625,direct,-0.115625,direct,-0.125,direct,-0.015625,direct,0.028125,direct
133915,000507_raw.jpg,0.55,selected,"[[0.55, 70.25], [0.6, 70.75], [0.65, 66.5], [0.7, 66.0], [0.75, 67.25], [0.85, 63.0], [0.9, 64.0]]",-0.16875,direct,-0.115625,direct,-0.121875,direct,,unavailable,,unavailable
133915,000507_raw.jpg,0.4,selected,"[[0.45, 81.75], [0.5, 78.5], [0.55, 70.0], [0.6, 70.75], [0.65, 66.5], [0.7, 66.0], [0.75, 67.25], [0.85, 63.0], [0.9, 64.0]]",-0.16875,direct,-0.115625,direct,-0.125,direct,-0.01875,direct,0.021875,direct
133915,000529_raw.jpg,0.55,selected,"[[0.55, 70.25], [0.6, 71.0], [0.65, 66.5], [0.7, 66.5], [0.75, 67.25], [0.85, 63.0], [0.9, 64.25]]",-0.16875,direct,-0.1125,direct,-0.121875,direct,,unavailable,,unavailable
133915,000529_raw.jpg,0.4,selected,"[[0.45, 81.5], [0.5, 78.75], [0.55, 70.0], [0.6, 71.0], [0.65, 66.5], [0.7, 66.5], [0.75, 67.25], [0.85, 63.0], [0.9, 64.25]]",-0.16875,direct,-0.1125,direct,-0.125,direct,-0.015625,direct,0.01875,direct
133915,000551_raw.jpg,0.55,selected,"[[0.55, 70.25], [0.6, 70.75], [0.65, 66.75], [0.7, 66.25], [0.75, 67.25], [0.85, 63.0], [0.9, 64.0]]",-0.165625,direct,-0.115625,direct,-0.121875,direct,,unavailable,,unavailable
133915,000551_raw.jpg,0.4,selected,"[[0.45, 74.25], [0.5, 72.25], [0.55, 70.0], [0.6, 70.75], [0.65, 66.75], [0.7, 66.25], [0.75, 67.25], [0.85, 63.0], [0.9, 64.0]]",-0.165625,direct,-0.115625,direct,-0.125,direct,-0.096875,direct,-0.071875,direct
133915,000573_raw.jpg,0.55,selected,"[[0.55, 70.25], [0.6, 70.75], [0.65, 66.5], [0.7, 66.25], [0.75, 67.25], [0.85, 63.0], [0.9, 64.0]]",-0.16875,direct,-0.115625,direct,-0.121875,direct,,unavailable,,unavailable
133915,000573_raw.jpg,0.4,selected,"[[0.45, 74.25], [0.5, 72.5], [0.55, 70.0], [0.6, 70.75], [0.65, 66.5], [0.7, 66.25], [0.75, 67.25], [0.85, 63.0], [0.9, 64.0]]",-0.16875,direct,-0.115625,direct,-0.125,direct,-0.09375,direct,-0.071875,direct
133915,000595_raw.jpg,0.55,selected,"[[0.55, 70.25], [0.6, 71.0], [0.65, 66.5], [0.7, 66.25], [0.75, 67.5], [0.85, 63.0], [0.9, 64.0]]",-0.16875,direct,-0.1125,direct,-0.121875,direct,,unavailable,,unavailable
133915,000595_raw.jpg,0.4,selected,"[[0.45, 74.0], [0.5, 72.5], [0.55, 69.75], [0.6, 71.0], [0.65, 66.5], [0.7, 66.25], [0.75, 67.5], [0.85, 63.0], [0.9, 64.0]]",-0.16875,direct,-0.1125,direct,-0.128125,direct,-0.09375,direct,-0.075,direct
133915,000617_raw.jpg,0.55,selected,"[[0.55, 70.25], [0.6, 70.75], [0.65, 66.5], [0.7, 66.25], [0.75, 67.25], [0.85, 63.0], [0.9, 64.0]]",-0.16875,direct,-0.115625,direct,-0.121875,direct,,unavailable,,unavailable
133915,000617_raw.jpg,0.4,selected,"[[0.45, 81.75], [0.5, 78.75], [0.55, 69.75], [0.6, 70.75], [0.65, 66.5], [0.7, 66.25], [0.75, 67.25], [0.85, 63.0], [0.9, 64.0]]",-0.16875,direct,-0.115625,direct,-0.128125,direct,-0.015625,direct,0.021875,direct
134112,000001_raw.jpg,0.55,selected,"[[0.55, 71.75], [0.6, 74.5], [0.7, 79.25], [0.75, 81.0], [0.8, 81.75], [0.85, 83.5]]",-0.0390625,interpolated,-0.06875,direct,-0.103125,direct,,unavailable,,unavailable
134112,000001_raw.jpg,0.4,selected,"[[0.5, 67.25], [0.55, 71.5], [0.6, 74.5], [0.7, 79.25], [0.75, 81.0], [0.8, 81.75], [0.85, 83.5]]",-0.0390625,interpolated,-0.06875,direct,-0.10625,direct,-0.159375,direct,,unavailable
134112,000023_raw.jpg,0.55,selected,"[[0.55, 71.5], [0.6, 75.0], [0.7, 79.25], [0.75, 81.0], [0.8, 81.75], [0.85, 83.75]]",-0.0359375,interpolated,-0.0625,direct,-0.10625,direct,,unavailable,,unavailable
134112,000023_raw.jpg,0.4,selected,"[[0.55, 71.25], [0.6, 75.0], [0.7, 79.25], [0.75, 81.0], [0.8, 81.75], [0.85, 83.75]]",-0.0359375,interpolated,-0.0625,direct,-0.109375,direct,,unavailable,,unavailable
134112,000045_raw.jpg,0.55,selected,"[[0.55, 71.75], [0.6, 74.75], [0.7, 79.25], [0.75, 81.0], [0.8, 81.75], [0.85, 83.5]]",-0.0375,interpolated,-0.065625,direct,-0.103125,direct,,unavailable,,unavailable
134112,000045_raw.jpg,0.4,selected,"[[0.5, 67.25], [0.55, 71.5], [0.6, 74.75], [0.7, 79.25], [0.75, 81.0], [0.8, 81.75], [0.85, 83.5]]",-0.0375,interpolated,-0.065625,direct,-0.10625,direct,-0.159375,direct,,unavailable
134112,000067_raw.jpg,0.55,selected,"[[0.55, 71.75], [0.6, 74.75], [0.7, 79.25], [0.75, 80.75], [0.8, 81.75], [0.85, 83.5]]",-0.0375,interpolated,-0.065625,direct,-0.103125,direct,,unavailable,,unavailable
134112,000067_raw.jpg,0.4,selected,"[[0.5, 67.25], [0.55, 71.5], [0.6, 74.75], [0.7, 79.25], [0.75, 80.75], [0.8, 81.75], [0.85, 83.5]]",-0.0375,interpolated,-0.065625,direct,-0.10625,direct,-0.159375,direct,,unavailable
134112,000089_raw.jpg,0.55,selected,"[[0.55, 71.75], [0.6, 74.75], [0.7, 79.25], [0.75, 81.0], [0.8, 81.5], [0.85, 83.5]]",-0.0375,interpolated,-0.065625,direct,-0.103125,direct,,unavailable,,unavailable
134112,000089_raw.jpg,0.4,selected,"[[0.5, 67.25], [0.55, 71.5], [0.6, 74.75], [0.7, 79.25], [0.75, 81.0], [0.8, 81.5], [0.85, 83.5]]",-0.0375,interpolated,-0.065625,direct,-0.10625,direct,-0.159375,direct,,unavailable
134112,000111_raw.jpg,0.55,selected,"[[0.55, 71.75], [0.6, 74.75], [0.7, 79.25], [0.75, 80.75], [0.8, 81.75], [0.85, 83.5]]",-0.0375,interpolated,-0.065625,direct,-0.103125,direct,,unavailable,,unavailable
134112,000111_raw.jpg,0.4,selected,"[[0.5, 67.25], [0.55, 71.5], [0.6, 74.75], [0.7, 79.25], [0.75, 80.75], [0.8, 81.75], [0.85, 83.5]]",-0.0375,interpolated,-0.065625,direct,-0.10625,direct,-0.159375,direct,,unavailable
134112,000133_raw.jpg,0.55,selected,"[[0.55, 71.75], [0.6, 74.75], [0.7, 79.25], [0.75, 81.0], [0.8, 81.5], [0.85, 83.75]]",-0.0375,interpolated,-0.065625,direct,-0.103125,direct,,unavailable,,unavailable
134112,000133_raw.jpg,0.4,selected,"[[0.5, 67.25], [0.55, 71.5], [0.6, 74.75], [0.7, 79.25], [0.75, 81.0], [0.8, 81.5], [0.85, 83.75]]",-0.0375,interpolated,-0.065625,direct,-0.10625,direct,-0.159375,direct,,unavailable
134112,000155_raw.jpg,0.55,selected,"[[0.55, 71.75], [0.6, 74.75], [0.7, 79.25], [0.75, 80.75], [0.8, 81.5], [0.85, 83.5]]",-0.0375,interpolated,-0.065625,direct,-0.103125,direct,,unavailable,,unavailable
134112,000155_raw.jpg,0.4,selected,"[[0.55, 71.5], [0.6, 74.75], [0.7, 79.25], [0.75, 80.75], [0.8, 81.5], [0.85, 83.5]]",-0.0375,interpolated,-0.065625,direct,-0.10625,direct,,unavailable,,unavailable
134112,000177_raw.jpg,0.55,selected,"[[0.55, 71.75], [0.6, 74.75], [0.7, 79.25], [0.75, 81.0], [0.8, 81.75], [0.85, 83.5]]",-0.0375,interpolated,-0.065625,direct,-0.103125,direct,,unavailable,,unavailable
134112,000177_raw.jpg,0.4,selected,"[[0.5, 67.25], [0.55, 71.5], [0.6, 74.75], [0.7, 79.25], [0.75, 81.0], [0.8, 81.75], [0.85, 83.5]]",-0.0375,interpolated,-0.065625,direct,-0.10625,direct,-0.159375,direct,,unavailable
134112,000199_raw.jpg,0.55,selected,"[[0.55, 71.5], [0.6, 74.75], [0.7, 79.25], [0.75, 80.5], [0.8, 81.75], [0.85, 83.5]]",-0.0375,interpolated,-0.065625,direct,-0.10625,direct,,unavailable,,unavailable
134112,000199_raw.jpg,0.4,selected,"[[0.5, 67.25], [0.55, 71.25], [0.6, 74.75], [0.7, 79.25], [0.75, 80.5], [0.8, 81.75], [0.85, 83.5]]",-0.0375,interpolated,-0.065625,direct,-0.109375,direct,-0.159375,direct,,unavailable
134112,000221_raw.jpg,0.55,selected,"[[0.55, 71.75], [0.6, 74.75], [0.7, 79.25], [0.75, 80.75], [0.8, 81.75], [0.85, 83.5]]",-0.0375,interpolated,-0.065625,direct,-0.103125,direct,,unavailable,,unavailable
134112,000221_raw.jpg,0.4,selected,"[[0.5, 67.25], [0.55, 71.5], [0.6, 74.75], [0.7, 79.25], [0.75, 80.75], [0.8, 81.75], [0.85, 83.5]]",-0.0375,interpolated,-0.065625,direct,-0.10625,direct,-0.159375,direct,,unavailable
134112,000243_raw.jpg,0.55,selected,"[[0.55, 71.75], [0.6, 74.75], [0.7, 79.25], [0.75, 80.5], [0.8, 81.75], [0.85, 83.5]]",-0.0375,interpolated,-0.065625,direct,-0.103125,direct,,unavailable,,unavailable
134112,000243_raw.jpg,0.4,selected,"[[0.5, 67.25], [0.55, 71.5], [0.6, 74.75], [0.7, 79.25], [0.75, 80.5], [0.8, 81.75], [0.85, 83.5]]",-0.0375,interpolated,-0.065625,direct,-0.10625,direct,-0.159375,direct,,unavailable
134112,000265_raw.jpg,0.55,selected,"[[0.55, 71.75], [0.6, 74.75], [0.7, 79.25], [0.75, 80.75], [0.8, 81.75], [0.85, 83.5]]",-0.0375,interpolated,-0.065625,direct,-0.103125,direct,,unavailable,,unavailable
134112,000265_raw.jpg,0.4,selected,"[[0.55, 71.5], [0.6, 74.75], [0.7, 79.25], [0.75, 80.75], [0.8, 81.75], [0.85, 83.5]]",-0.0375,interpolated,-0.065625,direct,-0.10625,direct,,unavailable,,unavailable
134112,000287_raw.jpg,0.55,selected,"[[0.55, 71.75], [0.6, 74.75], [0.7, 79.25], [0.75, 81.25], [0.8, 81.75], [0.85, 83.5]]",-0.0375,interpolated,-0.065625,direct,-0.103125,direct,,unavailable,,unavailable
134112,000287_raw.jpg,0.4,selected,"[[0.5, 67.25], [0.55, 71.5], [0.6, 74.75], [0.7, 79.25], [0.75, 81.25], [0.8, 81.75], [0.85, 83.5]]",-0.0375,interpolated,-0.065625,direct,-0.10625,direct,-0.159375,direct,,unavailable
134112,000309_raw.jpg,0.55,selected,"[[0.55, 71.75], [0.6, 74.75], [0.7, 79.25], [0.75, 80.75], [0.8, 81.5], [0.85, 83.5]]",-0.0375,interpolated,-0.065625,direct,-0.103125,direct,,unavailable,,unavailable
134112,000309_raw.jpg,0.4,selected,"[[0.5, 67.25], [0.55, 71.5], [0.6, 74.75], [0.7, 79.25], [0.75, 80.75], [0.8, 81.5], [0.85, 83.5]]",-0.0375,interpolated,-0.065625,direct,-0.10625,direct,-0.159375,direct,,unavailable
134112,000331_raw.jpg,0.55,selected,"[[0.55, 71.75], [0.6, 74.75], [0.7, 79.25], [0.75, 80.5], [0.8, 81.75], [0.85, 83.5]]",-0.0375,interpolated,-0.065625,direct,-0.103125,direct,,unavailable,,unavailable
134112,000331_raw.jpg,0.4,selected,"[[0.55, 71.5], [0.6, 74.75], [0.7, 79.25], [0.75, 80.5], [0.8, 81.75], [0.85, 83.5]]",-0.0375,interpolated,-0.065625,direct,-0.10625,direct,,unavailable,,unavailable
134112,000353_raw.jpg,0.55,selected,"[[0.55, 71.75], [0.6, 74.75], [0.7, 79.25], [0.75, 81.0], [0.8, 81.75], [0.85, 83.5]]",-0.0375,interpolated,-0.065625,direct,-0.103125,direct,,unavailable,,unavailable
134112,000353_raw.jpg,0.4,selected,"[[0.5, 67.25], [0.55, 71.5], [0.6, 74.75], [0.7, 79.25], [0.75, 81.0], [0.8, 81.75], [0.85, 83.5]]",-0.0375,interpolated,-0.065625,direct,-0.10625,direct,-0.159375,direct,,unavailable
134112,000375_raw.jpg,0.55,selected,"[[0.55, 71.75], [0.6, 74.75], [0.7, 79.25], [0.75, 80.75], [0.8, 81.75], [0.85, 83.5]]",-0.0375,interpolated,-0.065625,direct,-0.103125,direct,,unavailable,,unavailable
134112,000375_raw.jpg,0.4,selected,"[[0.55, 71.5], [0.6, 74.75], [0.7, 79.25], [0.75, 80.75], [0.8, 81.75], [0.85, 83.5]]",-0.0375,interpolated,-0.065625,direct,-0.10625,direct,,unavailable,,unavailable
134112,000397_raw.jpg,0.55,selected,"[[0.55, 71.75], [0.6, 74.75], [0.7, 79.25], [0.75, 80.75], [0.8, 81.75], [0.85, 83.5]]",-0.0375,interpolated,-0.065625,direct,-0.103125,direct,,unavailable,,unavailable
134112,000397_raw.jpg,0.4,selected,"[[0.5, 67.25], [0.55, 71.25], [0.6, 74.75], [0.7, 79.25], [0.75, 80.75], [0.8, 81.75], [0.85, 83.5]]",-0.0375,interpolated,-0.065625,direct,-0.109375,direct,-0.159375,direct,,unavailable
134112,000419_raw.jpg,0.55,selected,"[[0.55, 71.75], [0.6, 74.75], [0.7, 79.25], [0.75, 80.75], [0.8, 81.75], [0.85, 83.5]]",-0.0375,interpolated,-0.065625,direct,-0.103125,direct,,unavailable,,unavailable
134112,000419_raw.jpg,0.4,selected,"[[0.5, 67.25], [0.55, 71.5], [0.6, 74.75], [0.7, 79.25], [0.75, 80.75], [0.8, 81.75], [0.85, 83.5]]",-0.0375,interpolated,-0.065625,direct,-0.10625,direct,-0.159375,direct,,unavailable
134112,000441_raw.jpg,0.55,selected,"[[0.55, 71.75], [0.6, 74.75], [0.7, 79.25], [0.75, 81.0], [0.8, 81.75], [0.85, 83.5]]",-0.0375,interpolated,-0.065625,direct,-0.103125,direct,,unavailable,,unavailable
134112,000441_raw.jpg,0.4,selected,"[[0.5, 67.25], [0.55, 71.5], [0.6, 74.75], [0.7, 79.25], [0.75, 81.0], [0.8, 81.75], [0.85, 83.5]]",-0.0375,interpolated,-0.065625,direct,-0.10625,direct,-0.159375,direct,,unavailable
134112,000463_raw.jpg,0.55,selected,"[[0.55, 71.75], [0.6, 74.75], [0.7, 79.0], [0.75, 81.0], [0.8, 81.75], [0.85, 83.5]]",-0.0390625,interpolated,-0.065625,direct,-0.103125,direct,,unavailable,,unavailable
134112,000463_raw.jpg,0.4,selected,"[[0.5, 67.25], [0.55, 71.5], [0.6, 74.75], [0.7, 79.0], [0.75, 81.0], [0.8, 81.75], [0.85, 83.5]]",-0.0390625,interpolated,-0.065625,direct,-0.10625,direct,-0.159375,direct,,unavailable
134112,000485_raw.jpg,0.55,selected,"[[0.55, 71.75], [0.6, 74.75], [0.7, 79.25], [0.75, 80.75], [0.8, 81.5], [0.85, 83.5]]",-0.0375,interpolated,-0.065625,direct,-0.103125,direct,,unavailable,,unavailable
134112,000485_raw.jpg,0.4,selected,"[[0.5, 67.25], [0.55, 71.5], [0.6, 74.75], [0.7, 79.25], [0.75, 80.75], [0.8, 81.5], [0.85, 83.5]]",-0.0375,interpolated,-0.065625,direct,-0.10625,direct,-0.159375,direct,,unavailable
134112,000507_raw.jpg,0.55,selected,"[[0.55, 71.75], [0.6, 75.0], [0.7, 79.25], [0.75, 81.0], [0.8, 81.75], [0.85, 83.5]]",-0.0359375,interpolated,-0.0625,direct,-0.103125,direct,,unavailable,,unavailable
134112,000507_raw.jpg,0.4,selected,"[[0.55, 71.5], [0.6, 75.0], [0.7, 79.25], [0.75, 81.0], [0.8, 81.75], [0.85, 83.5]]",-0.0359375,interpolated,-0.0625,direct,-0.10625,direct,,unavailable,,unavailable
134112,000529_raw.jpg,0.55,selected,"[[0.55, 71.75], [0.6, 74.75], [0.7, 79.25], [0.75, 80.75], [0.8, 81.75], [0.85, 83.5]]",-0.0375,interpolated,-0.065625,direct,-0.103125,direct,,unavailable,,unavailable
134112,000529_raw.jpg,0.4,selected,"[[0.5, 67.25], [0.55, 71.5], [0.6, 74.75], [0.7, 79.25], [0.75, 80.75], [0.8, 81.75], [0.85, 83.5]]",-0.0375,interpolated,-0.065625,direct,-0.10625,direct,-0.159375,direct,,unavailable
134112,000551_raw.jpg,0.55,selected,"[[0.55, 71.75], [0.6, 74.75], [0.7, 79.25], [0.75, 81.0], [0.8, 81.75], [0.85, 83.5]]",-0.0375,interpolated,-0.065625,direct,-0.103125,direct,,unavailable,,unavailable
134112,000551_raw.jpg,0.4,selected,"[[0.5, 67.25], [0.55, 71.5], [0.6, 74.75], [0.7, 79.25], [0.75, 81.0], [0.8, 81.75], [0.85, 83.5]]",-0.0375,interpolated,-0.065625,direct,-0.10625,direct,-0.159375,direct,,unavailable
134112,000573_raw.jpg,0.55,selected,"[[0.55, 71.75], [0.6, 74.5], [0.7, 79.25], [0.75, 81.0], [0.8, 81.75], [0.85, 83.5]]",-0.0390625,interpolated,-0.06875,direct,-0.103125,direct,,unavailable,,unavailable
134112,000573_raw.jpg,0.4,selected,"[[0.5, 67.25], [0.55, 71.5], [0.6, 74.5], [0.7, 79.25], [0.75, 81.0], [0.8, 81.75], [0.85, 83.5]]",-0.0390625,interpolated,-0.06875,direct,-0.10625,direct,-0.159375,direct,,unavailable
134112,000595_raw.jpg,0.55,selected,"[[0.55, 71.75], [0.6, 75.0], [0.7, 79.25], [0.75, 81.0], [0.8, 81.75], [0.85, 83.5]]",-0.0359375,interpolated,-0.0625,direct,-0.103125,direct,,unavailable,,unavailable
134112,000595_raw.jpg,0.4,selected,"[[0.5, 67.25], [0.55, 71.5], [0.6, 75.0], [0.7, 79.25], [0.75, 81.0], [0.8, 81.75], [0.85, 83.5]]",-0.0359375,interpolated,-0.0625,direct,-0.10625,direct,-0.159375,direct,,unavailable
134112,000617_raw.jpg,0.55,selected,"[[0.55, 71.75], [0.6, 74.75], [0.7, 79.25], [0.75, 80.5], [0.8, 81.75], [0.85, 83.5]]",-0.0375,interpolated,-0.065625,direct,-0.103125,direct,,unavailable,,unavailable
134112,000617_raw.jpg,0.4,selected,"[[0.5, 67.25], [0.55, 71.25], [0.6, 74.75], [0.7, 79.25], [0.75, 80.5], [0.8, 81.75], [0.85, 83.5]]",-0.0375,interpolated,-0.065625,direct,-0.109375,direct,-0.159375,direct,,unavailable
134442,000001_raw.jpg,0.55,selected,"[[0.6, 73.75], [0.65, 76.25], [0.75, 78.25], [0.8, 79.75], [0.85, 81.0], [0.9, 84.0]]",-0.046875,direct,-0.078125,direct,,unavailable,,unavailable,,unavailable
134442,000001_raw.jpg,0.4,selected,"[[0.5, 98.5], [0.55, 92.0], [0.65, 76.25], [0.75, 78.25], [0.8, 79.75], [0.85, 81.0], [0.9, 84.0]]",-0.046875,direct,0.05156250000000018,interpolated,0.15,direct,0.23125,direct,,unavailable
134442,000023_raw.jpg,0.55,selected,"[[0.6, 73.75], [0.65, 76.25], [0.75, 78.25], [0.8, 79.5], [0.85, 81.0], [0.9, 83.75]]",-0.046875,direct,-0.078125,direct,,unavailable,,unavailable,,unavailable
134442,000023_raw.jpg,0.4,selected,"[[0.5, 65.25], [0.55, 70.75], [0.6, 73.75], [0.65, 76.25], [0.75, 78.25], [0.8, 79.5], [0.85, 81.0], [0.9, 83.75]]",-0.046875,direct,-0.078125,direct,-0.115625,direct,-0.184375,direct,,unavailable
134442,000045_raw.jpg,0.55,selected,"[[0.6, 74.0], [0.65, 76.25], [0.75, 78.25], [0.8, 80.25], [0.85, 81.0], [0.9, 83.75]]",-0.046875,direct,-0.075,direct,,unavailable,,unavailable,,unavailable
134442,000045_raw.jpg,0.4,selected,"[[0.5, 99.25], [0.55, 92.0], [0.65, 76.25], [0.75, 78.25], [0.8, 80.25], [0.85, 81.0], [0.9, 83.75]]",-0.046875,direct,0.05156250000000018,interpolated,0.15,direct,0.240625,direct,,unavailable
134442,000067_raw.jpg,0.55,selected,"[[0.6, 73.75], [0.65, 76.25], [0.75, 78.5], [0.8, 79.5], [0.85, 81.0], [0.9, 84.0]]",-0.046875,direct,-0.078125,direct,,unavailable,,unavailable,,unavailable
134442,000067_raw.jpg,0.4,selected,"[[0.5, 99.25], [0.55, 92.0], [0.65, 76.25], [0.75, 78.5], [0.8, 79.5], [0.85, 81.0], [0.9, 84.0]]",-0.046875,direct,0.05156250000000018,interpolated,0.15,direct,0.240625,direct,,unavailable
134442,000089_raw.jpg,0.55,selected,"[[0.6, 73.75], [0.65, 76.25], [0.75, 78.25], [0.8, 80.0], [0.85, 81.0], [0.9, 84.0]]",-0.046875,direct,-0.078125,direct,,unavailable,,unavailable,,unavailable
134442,000089_raw.jpg,0.4,selected,"[[0.5, 99.0], [0.55, 92.0], [0.65, 76.25], [0.75, 78.25], [0.8, 80.0], [0.85, 81.0], [0.9, 84.0]]",-0.046875,direct,0.05156250000000018,interpolated,0.15,direct,0.2375,direct,,unavailable
134442,000111_raw.jpg,0.55,selected,"[[0.6, 74.25], [0.65, 76.25], [0.75, 78.25], [0.8, 80.0], [0.85, 81.0], [0.9, 83.75]]",-0.046875,direct,-0.071875,direct,,unavailable,,unavailable,,unavailable
134442,000111_raw.jpg,0.4,selected,"[[0.5, 99.0], [0.55, 92.0], [0.65, 76.25], [0.75, 78.25], [0.8, 80.0], [0.85, 81.0], [0.9, 83.75]]",-0.046875,direct,0.05156250000000018,interpolated,0.15,direct,0.2375,direct,,unavailable
134442,000133_raw.jpg,0.55,selected,"[[0.6, 73.75], [0.65, 76.25], [0.75, 78.25], [0.8, 80.0], [0.85, 81.0], [0.9, 84.0]]",-0.046875,direct,-0.078125,direct,,unavailable,,unavailable,,unavailable
134442,000133_raw.jpg,0.4,selected,"[[0.5, 65.25], [0.55, 70.75], [0.6, 73.75], [0.65, 76.25], [0.75, 78.25], [0.8, 80.0], [0.85, 81.0], [0.9, 84.0]]",-0.046875,direct,-0.078125,direct,-0.115625,direct,-0.184375,direct,,unavailable
134442,000155_raw.jpg,0.55,selected,"[[0.6, 73.75], [0.65, 76.25], [0.75, 78.25], [0.8, 79.75], [0.85, 81.0], [0.9, 84.0]]",-0.046875,direct,-0.078125,direct,,unavailable,,unavailable,,unavailable
134442,000155_raw.jpg,0.4,selected,"[[0.5, 99.5], [0.55, 92.0], [0.65, 76.25], [0.75, 78.25], [0.8, 79.75], [0.85, 81.0], [0.9, 84.0]]",-0.046875,direct,0.05156250000000018,interpolated,0.15,direct,0.24375,direct,,unavailable
134442,000177_raw.jpg,0.55,selected,"[[0.6, 73.75], [0.65, 76.25], [0.75, 78.25], [0.8, 80.25], [0.85, 81.0], [0.9, 84.0]]",-0.046875,direct,-0.078125,direct,,unavailable,,unavailable,,unavailable
134442,000177_raw.jpg,0.4,selected,"[[0.5, 65.25], [0.55, 70.75], [0.6, 73.75], [0.65, 76.25], [0.75, 78.25], [0.8, 80.25], [0.85, 81.0], [0.9, 84.0]]",-0.046875,direct,-0.078125,direct,-0.115625,direct,-0.184375,direct,,unavailable
134442,000199_raw.jpg,0.55,selected,"[[0.6, 73.75], [0.65, 76.25], [0.75, 78.25], [0.8, 80.0], [0.85, 80.75], [0.9, 83.5]]",-0.046875,direct,-0.078125,direct,,unavailable,,unavailable,,unavailable
134442,000199_raw.jpg,0.4,selected,"[[0.5, 98.5], [0.55, 92.0], [0.65, 76.25], [0.75, 78.25], [0.8, 80.0], [0.85, 80.75], [0.9, 83.5]]",-0.046875,direct,0.05156250000000018,interpolated,0.15,direct,0.23125,direct,,unavailable
134442,000221_raw.jpg,0.55,selected,"[[0.6, 74.0], [0.65, 76.25], [0.75, 78.5], [0.8, 79.75], [0.85, 81.0], [0.9, 83.75]]",-0.046875,direct,-0.075,direct,,unavailable,,unavailable,,unavailable
134442,000221_raw.jpg,0.4,selected,"[[0.5, 65.25], [0.55, 70.75], [0.6, 74.0], [0.65, 76.25], [0.75, 78.5], [0.8, 79.75], [0.85, 81.0], [0.9, 83.75]]",-0.046875,direct,-0.075,direct,-0.115625,direct,-0.184375,direct,,unavailable
134442,000243_raw.jpg,0.55,selected,"[[0.6, 74.0], [0.65, 76.25], [0.75, 78.25], [0.8, 80.0], [0.85, 81.0], [0.9, 84.0]]",-0.046875,direct,-0.075,direct,,unavailable,,unavailable,,unavailable
134442,000243_raw.jpg,0.4,selected,"[[0.5, 99.25], [0.55, 92.0], [0.65, 76.25], [0.75, 78.25], [0.8, 80.0], [0.85, 81.0], [0.9, 84.0]]",-0.046875,direct,0.05156250000000018,interpolated,0.15,direct,0.240625,direct,,unavailable
134442,000265_raw.jpg,0.55,selected,"[[0.6, 73.75], [0.65, 76.25], [0.75, 78.25], [0.8, 79.75], [0.85, 81.0], [0.9, 84.0]]",-0.046875,direct,-0.078125,direct,,unavailable,,unavailable,,unavailable
134442,000265_raw.jpg,0.4,selected,"[[0.5, 99.0], [0.55, 92.0], [0.65, 76.25], [0.75, 78.25], [0.8, 79.75], [0.85, 81.0], [0.9, 84.0]]",-0.046875,direct,0.05156250000000018,interpolated,0.15,direct,0.2375,direct,,unavailable
134442,000287_raw.jpg,0.55,selected,"[[0.6, 73.75], [0.65, 76.25], [0.75, 78.5], [0.8, 79.75], [0.85, 81.0], [0.9, 83.75]]",-0.046875,direct,-0.078125,direct,,unavailable,,unavailable,,unavailable
134442,000287_raw.jpg,0.4,selected,"[[0.5, 98.75], [0.55, 92.0], [0.65, 76.25], [0.75, 78.5], [0.8, 79.75], [0.85, 81.0], [0.9, 83.75]]",-0.046875,direct,0.05156250000000018,interpolated,0.15,direct,0.234375,direct,,unavailable
134442,000309_raw.jpg,0.55,selected,"[[0.6, 74.0], [0.65, 76.25], [0.75, 78.25], [0.8, 80.0], [0.85, 81.0], [0.9, 84.0]]",-0.046875,direct,-0.075,direct,,unavailable,,unavailable,,unavailable
134442,000309_raw.jpg,0.4,selected,"[[0.5, 65.25], [0.55, 70.75], [0.6, 74.0], [0.65, 76.25], [0.75, 78.25], [0.8, 80.0], [0.85, 81.0], [0.9, 84.0]]",-0.046875,direct,-0.075,direct,-0.115625,direct,-0.184375,direct,,unavailable
134442,000331_raw.jpg,0.55,selected,"[[0.6, 74.0], [0.65, 76.25], [0.75, 78.25], [0.8, 79.75], [0.85, 81.25], [0.9, 84.0]]",-0.046875,direct,-0.075,direct,,unavailable,,unavailable,,unavailable
134442,000331_raw.jpg,0.4,selected,"[[0.5, 99.25], [0.55, 92.0], [0.65, 76.25], [0.75, 78.25], [0.8, 79.75], [0.85, 81.25], [0.9, 84.0]]",-0.046875,direct,0.05156250000000018,interpolated,0.15,direct,0.240625,direct,,unavailable
134442,000353_raw.jpg,0.55,selected,"[[0.6, 74.0], [0.65, 76.25], [0.75, 78.25], [0.8, 79.75], [0.85, 81.0], [0.9, 84.0]]",-0.046875,direct,-0.075,direct,,unavailable,,unavailable,,unavailable
134442,000353_raw.jpg,0.4,selected,"[[0.5, 98.75], [0.55, 92.0], [0.65, 76.25], [0.75, 78.25], [0.8, 79.75], [0.85, 81.0], [0.9, 84.0]]",-0.046875,direct,0.05156250000000018,interpolated,0.15,direct,0.234375,direct,,unavailable
134442,000375_raw.jpg,0.55,selected,"[[0.6, 74.0], [0.65, 76.25], [0.75, 78.25], [0.8, 80.0], [0.85, 81.0], [0.9, 84.25]]",-0.046875,direct,-0.075,direct,,unavailable,,unavailable,,unavailable
134442,000375_raw.jpg,0.4,selected,"[[0.5, 65.25], [0.55, 70.75], [0.6, 74.0], [0.65, 76.25], [0.75, 78.25], [0.8, 80.0], [0.85, 81.0], [0.9, 84.25]]",-0.046875,direct,-0.075,direct,-0.115625,direct,-0.184375,direct,,unavailable
134442,000397_raw.jpg,0.55,selected,"[[0.6, 73.75], [0.65, 76.25], [0.75, 78.5], [0.8, 80.0], [0.85, 81.0], [0.9, 84.0]]",-0.046875,direct,-0.078125,direct,,unavailable,,unavailable,,unavailable
134442,000397_raw.jpg,0.4,selected,"[[0.5, 65.25], [0.55, 70.75], [0.6, 73.75], [0.65, 76.25], [0.75, 78.5], [0.8, 80.0], [0.85, 81.0], [0.9, 84.0]]",-0.046875,direct,-0.078125,direct,-0.115625,direct,-0.184375,direct,,unavailable
134442,000419_raw.jpg,0.55,selected,"[[0.6, 73.75], [0.65, 76.25], [0.75, 78.25], [0.8, 79.5], [0.85, 81.25], [0.9, 83.75]]",-0.046875,direct,-0.078125,direct,,unavailable,,unavailable,,unavailable
134442,000419_raw.jpg,0.4,selected,"[[0.5, 98.5], [0.55, 92.0], [0.65, 76.25], [0.75, 78.25], [0.8, 79.5], [0.85, 81.25], [0.9, 83.75]]",-0.046875,direct,0.05156250000000018,interpolated,0.15,direct,0.23125,direct,,unavailable
134442,000441_raw.jpg,0.55,selected,"[[0.6, 74.0], [0.65, 76.25], [0.75, 78.25], [0.8, 80.0], [0.85, 81.25], [0.9, 83.5]]",-0.046875,direct,-0.075,direct,,unavailable,,unavailable,,unavailable
134442,000441_raw.jpg,0.4,selected,"[[0.5, 65.25], [0.55, 70.75], [0.6, 74.0], [0.65, 76.25], [0.75, 78.25], [0.8, 80.0], [0.85, 81.25], [0.9, 83.5]]",-0.046875,direct,-0.075,direct,-0.115625,direct,-0.184375,direct,,unavailable
134442,000463_raw.jpg,0.55,selected,"[[0.6, 74.0], [0.65, 76.25], [0.75, 78.25], [0.8, 80.0], [0.85, 81.0], [0.9, 83.75]]",-0.046875,direct,-0.075,direct,,unavailable,,unavailable,,unavailable
134442,000463_raw.jpg,0.4,selected,"[[0.5, 65.25], [0.55, 70.75], [0.6, 74.0], [0.65, 76.25], [0.75, 78.25], [0.8, 80.0], [0.85, 81.0], [0.9, 83.75]]",-0.046875,direct,-0.075,direct,-0.115625,direct,-0.184375,direct,,unavailable
134442,000485_raw.jpg,0.55,selected,"[[0.6, 73.75], [0.65, 76.25], [0.75, 78.5], [0.8, 80.0], [0.85, 81.0], [0.9, 84.0]]",-0.046875,direct,-0.078125,direct,,unavailable,,unavailable,,unavailable
134442,000485_raw.jpg,0.4,selected,"[[0.5, 99.25], [0.55, 92.0], [0.65, 76.25], [0.75, 78.5], [0.8, 80.0], [0.85, 81.0], [0.9, 84.0]]",-0.046875,direct,0.05156250000000018,interpolated,0.15,direct,0.240625,direct,,unavailable
134442,000507_raw.jpg,0.55,selected,"[[0.6, 73.75], [0.65, 76.25], [0.75, 78.25], [0.8, 79.75], [0.85, 81.0], [0.9, 83.75]]",-0.046875,direct,-0.078125,direct,,unavailable,,unavailable,,unavailable
134442,000507_raw.jpg,0.4,selected,"[[0.5, 98.5], [0.55, 92.0], [0.65, 76.25], [0.75, 78.25], [0.8, 79.75], [0.85, 81.0], [0.9, 83.75]]",-0.046875,direct,0.05156250000000018,interpolated,0.15,direct,0.23125,direct,,unavailable
134442,000529_raw.jpg,0.55,selected,"[[0.6, 73.75], [0.65, 76.25], [0.75, 78.25], [0.8, 79.75], [0.85, 81.0], [0.9, 84.0]]",-0.046875,direct,-0.078125,direct,,unavailable,,unavailable,,unavailable
134442,000529_raw.jpg,0.4,selected,"[[0.5, 65.25], [0.55, 70.75], [0.6, 73.75], [0.65, 76.25], [0.75, 78.25], [0.8, 79.75], [0.85, 81.0], [0.9, 84.0]]",-0.046875,direct,-0.078125,direct,-0.115625,direct,-0.184375,direct,,unavailable
134442,000551_raw.jpg,0.55,selected,"[[0.6, 73.75], [0.65, 76.25], [0.75, 78.25], [0.8, 80.0], [0.85, 81.0], [0.9, 84.0]]",-0.046875,direct,-0.078125,direct,,unavailable,,unavailable,,unavailable
134442,000551_raw.jpg,0.4,selected,"[[0.5, 99.25], [0.55, 92.0], [0.65, 76.25], [0.75, 78.25], [0.8, 80.0], [0.85, 81.0], [0.9, 84.0]]",-0.046875,direct,0.05156250000000018,interpolated,0.15,direct,0.240625,direct,,unavailable
134442,000573_raw.jpg,0.55,selected,"[[0.6, 73.75], [0.65, 76.25], [0.75, 78.5], [0.8, 79.75], [0.85, 81.0], [0.9, 84.0]]",-0.046875,direct,-0.078125,direct,,unavailable,,unavailable,,unavailable
134442,000573_raw.jpg,0.4,selected,"[[0.5, 99.0], [0.55, 92.0], [0.65, 76.25], [0.75, 78.5], [0.8, 79.75], [0.85, 81.0], [0.9, 84.0]]",-0.046875,direct,0.05156250000000018,interpolated,0.15,direct,0.2375,direct,,unavailable
134442,000595_raw.jpg,0.55,selected,"[[0.6, 73.75], [0.65, 76.25], [0.75, 78.25], [0.8, 79.75], [0.85, 81.0], [0.9, 84.0]]",-0.046875,direct,-0.078125,direct,,unavailable,,unavailable,,unavailable
134442,000595_raw.jpg,0.4,selected,"[[0.5, 65.25], [0.55, 70.75], [0.6, 73.75], [0.65, 76.25], [0.75, 78.25], [0.8, 79.75], [0.85, 81.0], [0.9, 84.0]]",-0.046875,direct,-0.078125,direct,-0.115625,direct,-0.184375,direct,,unavailable
134442,000617_raw.jpg,0.55,selected,"[[0.6, 73.75], [0.65, 76.25], [0.75, 78.25], [0.8, 80.0], [0.85, 81.0], [0.9, 84.0]]",-0.046875,direct,-0.078125,direct,,unavailable,,unavailable,,unavailable
134442,000617_raw.jpg,0.4,selected,"[[0.5, 99.0], [0.55, 92.0], [0.65, 76.25], [0.75, 78.25], [0.8, 80.0], [0.85, 81.0], [0.9, 84.0]]",-0.046875,direct,0.05156250000000018,interpolated,0.15,direct,0.2375,direct,,unavailable
134704,000001_raw.jpg,0.55,no_track,[],,unavailable,,unavailable,,unavailable,,unavailable,,unavailable
134704,000001_raw.jpg,0.4,no_track,[],,unavailable,,unavailable,,unavailable,,unavailable,,unavailable
134704,000023_raw.jpg,0.55,no_track,[],,unavailable,,unavailable,,unavailable,,unavailable,,unavailable
134704,000023_raw.jpg,0.4,no_track,[],,unavailable,,unavailable,,unavailable,,unavailable,,unavailable
134704,000045_raw.jpg,0.55,no_track,[],,unavailable,,unavailable,,unavailable,,unavailable,,unavailable
134704,000045_raw.jpg,0.4,no_track,[],,unavailable,,unavailable,,unavailable,,unavailable,,unavailable
134704,000067_raw.jpg,0.55,no_track,[],,unavailable,,unavailable,,unavailable,,unavailable,,unavailable
134704,000067_raw.jpg,0.4,no_track,[],,unavailable,,unavailable,,unavailable,,unavailable,,unavailable
134704,000089_raw.jpg,0.55,no_track,[],,unavailable,,unavailable,,unavailable,,unavailable,,unavailable
134704,000089_raw.jpg,0.4,no_track,[],,unavailable,,unavailable,,unavailable,,unavailable,,unavailable
134704,000111_raw.jpg,0.55,no_track,[],,unavailable,,unavailable,,unavailable,,unavailable,,unavailable
134704,000111_raw.jpg,0.4,no_track,[],,unavailable,,unavailable,,unavailable,,unavailable,,unavailable
134704,000133_raw.jpg,0.55,no_track,[],,unavailable,,unavailable,,unavailable,,unavailable,,unavailable
134704,000133_raw.jpg,0.4,no_track,[],,unavailable,,unavailable,,unavailable,,unavailable,,unavailable
134704,000155_raw.jpg,0.55,no_track,[],,unavailable,,unavailable,,unavailable,,unavailable,,unavailable
134704,000155_raw.jpg,0.4,no_track,[],,unavailable,,unavailable,,unavailable,,unavailable,,unavailable
134704,000177_raw.jpg,0.55,no_track,[],,unavailable,,unavailable,,unavailable,,unavailable,,unavailable
134704,000177_raw.jpg,0.4,no_track,[],,unavailable,,unavailable,,unavailable,,unavailable,,unavailable
134704,000199_raw.jpg,0.55,no_track,[],,unavailable,,unavailable,,unavailable,,unavailable,,unavailable
134704,000199_raw.jpg,0.4,no_track,[],,unavailable,,unavailable,,unavailable,,unavailable,,unavailable
134704,000221_raw.jpg,0.55,no_track,[],,unavailable,,unavailable,,unavailable,,unavailable,,unavailable
134704,000221_raw.jpg,0.4,no_track,[],,unavailable,,unavailable,,unavailable,,unavailable,,unavailable
134704,000243_raw.jpg,0.55,no_track,[],,unavailable,,unavailable,,unavailable,,unavailable,,unavailable
134704,000243_raw.jpg,0.4,no_track,[],,unavailable,,unavailable,,unavailable,,unavailable,,unavailable
134704,000265_raw.jpg,0.55,no_track,[],,unavailable,,unavailable,,unavailable,,unavailable,,unavailable
134704,000265_raw.jpg,0.4,no_track,[],,unavailable,,unavailable,,unavailable,,unavailable,,unavailable
134704,000287_raw.jpg,0.55,no_track,[],,unavailable,,unavailable,,unavailable,,unavailable,,unavailable
134704,000287_raw.jpg,0.4,no_track,[],,unavailable,,unavailable,,unavailable,,unavailable,,unavailable
134704,000309_raw.jpg,0.55,no_track,[],,unavailable,,unavailable,,unavailable,,unavailable,,unavailable
134704,000309_raw.jpg,0.4,no_track,[],,unavailable,,unavailable,,unavailable,,unavailable,,unavailable
134704,000331_raw.jpg,0.55,no_track,[],,unavailable,,unavailable,,unavailable,,unavailable,,unavailable
134704,000331_raw.jpg,0.4,no_track,[],,unavailable,,unavailable,,unavailable,,unavailable,,unavailable
134704,000353_raw.jpg,0.55,no_track,[],,unavailable,,unavailable,,unavailable,,unavailable,,unavailable
134704,000353_raw.jpg,0.4,no_track,[],,unavailable,,unavailable,,unavailable,,unavailable,,unavailable
134704,000375_raw.jpg,0.55,no_track,[],,unavailable,,unavailable,,unavailable,,unavailable,,unavailable
134704,000375_raw.jpg,0.4,no_track,[],,unavailable,,unavailable,,unavailable,,unavailable,,unavailable
134704,000397_raw.jpg,0.55,no_track,[],,unavailable,,unavailable,,unavailable,,unavailable,,unavailable
134704,000397_raw.jpg,0.4,no_track,[],,unavailable,,unavailable,,unavailable,,unavailable,,unavailable
134704,000419_raw.jpg,0.55,no_track,[],,unavailable,,unavailable,,unavailable,,unavailable,,unavailable
134704,000419_raw.jpg,0.4,no_track,[],,unavailable,,unavailable,,unavailable,,unavailable,,unavailable
134704,000441_raw.jpg,0.55,no_track,[],,unavailable,,unavailable,,unavailable,,unavailable,,unavailable
134704,000441_raw.jpg,0.4,no_track,[],,unavailable,,unavailable,,unavailable,,unavailable,,unavailable
134704,000463_raw.jpg,0.55,no_track,[],,unavailable,,unavailable,,unavailable,,unavailable,,unavailable
134704,000463_raw.jpg,0.4,no_track,[],,unavailable,,unavailable,,unavailable,,unavailable,,unavailable
134704,000485_raw.jpg,0.55,no_track,[],,unavailable,,unavailable,,unavailable,,unavailable,,unavailable
134704,000485_raw.jpg,0.4,no_track,[],,unavailable,,unavailable,,unavailable,,unavailable,,unavailable
134704,000507_raw.jpg,0.55,no_track,[],,unavailable,,unavailable,,unavailable,,unavailable,,unavailable
134704,000507_raw.jpg,0.4,no_track,[],,unavailable,,unavailable,,unavailable,,unavailable,,unavailable
134704,000529_raw.jpg,0.55,no_track,[],,unavailable,,unavailable,,unavailable,,unavailable,,unavailable
134704,000529_raw.jpg,0.4,no_track,[],,unavailable,,unavailable,,unavailable,,unavailable,,unavailable
134704,000551_raw.jpg,0.55,no_track,[],,unavailable,,unavailable,,unavailable,,unavailable,,unavailable
134704,000551_raw.jpg,0.4,no_track,[],,unavailable,,unavailable,,unavailable,,unavailable,,unavailable
134704,000573_raw.jpg,0.55,no_track,[],,unavailable,,unavailable,,unavailable,,unavailable,,unavailable
134704,000573_raw.jpg,0.4,no_track,[],,unavailable,,unavailable,,unavailable,,unavailable,,unavailable
134704,000595_raw.jpg,0.55,no_track,[],,unavailable,,unavailable,,unavailable,,unavailable,,unavailable
134704,000595_raw.jpg,0.4,no_track,[],,unavailable,,unavailable,,unavailable,,unavailable,,unavailable
134704,000617_raw.jpg,0.55,no_track,[],,unavailable,,unavailable,,unavailable,,unavailable,,unavailable
134704,000617_raw.jpg,0.4,no_track,[],,unavailable,,unavailable,,unavailable,,unavailable,,unavailable
150026,000001_raw.jpg,0.55,selected,[],,unavailable,,unavailable,,unavailable,,unavailable,,unavailable
150026,000001_raw.jpg,0.4,selected,"[[0.55, 77.75]]",,unavailable,,unavailable,-0.028125,direct,,unavailable,,unavailable
150026,000023_raw.jpg,0.55,selected,"[[0.55, 71.5], [0.75, 69.0]]",,unavailable,,unavailable,-0.10625,direct,,unavailable,,unavailable
150026,000023_raw.jpg,0.4,selected,"[[0.4, 95.75], [0.75, 69.0]]",,unavailable,,unavailable,,unavailable,,unavailable,,unavailable
150026,000045_raw.jpg,0.55,selected,"[[0.55, 71.25]]",,unavailable,,unavailable,-0.109375,direct,,unavailable,,unavailable
150026,000045_raw.jpg,0.4,selected,[],,unavailable,,unavailable,,unavailable,,unavailable,,unavailable
150026,000067_raw.jpg,0.55,selected,"[[0.7, 79.5], [0.75, 76.75]]",,unavailable,,unavailable,,unavailable,,unavailable,,unavailable
150026,000067_raw.jpg,0.4,selected,"[[0.55, 78.0], [0.75, 69.0]]",,unavailable,,unavailable,-0.025,direct,,unavailable,,unavailable
150026,000089_raw.jpg,0.55,selected,[],,unavailable,,unavailable,,unavailable,,unavailable,,unavailable
150026,000089_raw.jpg,0.4,selected,[],,unavailable,,unavailable,,unavailable,,unavailable,,unavailable
150026,000111_raw.jpg,0.55,selected,"[[0.55, 71.5], [0.6, 61.75], [0.75, 68.25]]",-0.20104166666666662,interpolated,-0.228125,direct,-0.10625,direct,,unavailable,,unavailable
150026,000111_raw.jpg,0.4,selected,"[[0.6, 61.75], [0.75, 68.25]]",-0.20104166666666662,interpolated,-0.228125,direct,,unavailable,,unavailable,,unavailable
150026,000133_raw.jpg,0.55,selected,"[[0.75, 69.0]]",,unavailable,,unavailable,,unavailable,,unavailable,,unavailable
150026,000133_raw.jpg,0.4,selected,"[[0.4, 94.75], [0.75, 69.0]]",,unavailable,,unavailable,,unavailable,,unavailable,,unavailable
150026,000155_raw.jpg,0.55,selected,"[[0.55, 71.75], [0.75, 69.0]]",,unavailable,,unavailable,-0.103125,direct,,unavailable,,unavailable
150026,000155_raw.jpg,0.4,selected,"[[0.75, 69.0]]",,unavailable,,unavailable,,unavailable,,unavailable,,unavailable
150026,000177_raw.jpg,0.55,selected,"[[0.7, 79.5]]",,unavailable,,unavailable,,unavailable,,unavailable,,unavailable
150026,000177_raw.jpg,0.4,selected,"[[0.4, 95.5], [0.55, 79.5]]",,unavailable,,unavailable,-0.00625,direct,0.060416666666666785,interpolated,0.12708333333333338,interpolated
150026,000199_raw.jpg,0.55,selected,"[[0.75, 68.75]]",,unavailable,,unavailable,,unavailable,,unavailable,,unavailable
150026,000199_raw.jpg,0.4,selected,"[[0.75, 68.75]]",,unavailable,,unavailable,,unavailable,,unavailable,,unavailable
150026,000221_raw.jpg,0.55,selected,"[[0.75, 68.75]]",,unavailable,,unavailable,,unavailable,,unavailable,,unavailable
150026,000221_raw.jpg,0.4,selected,"[[0.75, 68.75]]",,unavailable,,unavailable,,unavailable,,unavailable,,unavailable
150026,000243_raw.jpg,0.55,selected,[],,unavailable,,unavailable,,unavailable,,unavailable,,unavailable
150026,000243_raw.jpg,0.4,selected,[],,unavailable,,unavailable,,unavailable,,unavailable,,unavailable
150026,000265_raw.jpg,0.55,selected,"[[0.55, 79.0], [0.7, 69.0], [0.75, 68.25]]",-0.0958333333333334,interpolated,-0.054166666666666606,interpolated,-0.0125,direct,,unavailable,,unavailable
150026,000265_raw.jpg,0.4,selected,"[[0.55, 77.75], [0.7, 69.0], [0.75, 68.25]]",-0.10104166666666678,interpolated,-0.0645833333333334,interpolated,-0.028125,direct,,unavailable,,unavailable
150026,000287_raw.jpg,0.55,selected,"[[0.7, 79.5]]",,unavailable,,unavailable,,unavailable,,unavailable,,unavailable
150026,000287_raw.jpg,0.4,selected,"[[0.7, 79.5]]",,unavailable,,unavailable,,unavailable,,unavailable,,unavailable
150026,000309_raw.jpg,0.55,selected,"[[0.55, 71.75]]",,unavailable,,unavailable,-0.103125,direct,,unavailable,,unavailable
150026,000309_raw.jpg,0.4,selected,[],,unavailable,,unavailable,,unavailable,,unavailable,,unavailable
150026,000331_raw.jpg,0.55,selected,"[[0.55, 72.0]]",,unavailable,,unavailable,-0.1,direct,,unavailable,,unavailable
150026,000331_raw.jpg,0.4,selected,"[[0.4, 92.5], [0.55, 79.25]]",,unavailable,,unavailable,-0.009375,direct,0.04583333333333339,interpolated,0.10104166666666661,interpolated
150026,000353_raw.jpg,0.55,selected,"[[0.7, 79.25], [0.75, 76.0]]",,unavailable,,unavailable,,unavailable,,unavailable,,unavailable
150026,000353_raw.jpg,0.4,selected,"[[0.4, 95.75], [0.75, 68.5]]",,unavailable,,unavailable,,unavailable,,unavailable,,unavailable
150026,000375_raw.jpg,0.55,selected,"[[0.7, 79.0], [0.75, 76.75]]",,unavailable,,unavailable,,unavailable,,unavailable,,unavailable
150026,000375_raw.jpg,0.4,selected,"[[0.55, 76.75], [0.75, 69.0]]",,unavailable,,unavailable,-0.040625,direct,,unavailable,,unavailable
150026,000397_raw.jpg,0.55,selected,"[[0.7, 79.5], [0.75, 76.5]]",,unavailable,,unavailable,,unavailable,,unavailable,,unavailable
150026,000397_raw.jpg,0.4,selected,"[[0.7, 79.5], [0.75, 76.5]]",,unavailable,,unavailable,,unavailable,,unavailable,,unavailable
150026,000419_raw.jpg,0.55,selected,"[[0.7, 60.5], [0.85, 60.5]]",,unavailable,,unavailable,,unavailable,,unavailable,,unavailable
150026,000419_raw.jpg,0.4,selected,"[[0.4, 97.5], [0.55, 79.0], [0.7, 60.5], [0.85, 60.5]]",-0.1666666666666668,interpolated,-0.08958333333333321,interpolated,-0.0125,direct,0.0645833333333334,interpolated,0.14166666666666677,interpolated
150026,000441_raw.jpg,0.55,selected,[],,unavailable,,unavailable,,unavailable,,unavailable,,unavailable
150026,000441_raw.jpg,0.4,selected,"[[0.4, 91.75], [0.55, 79.25]]",,unavailable,,unavailable,-0.009375,direct,0.04270833333333339,interpolated,0.09479166666666661,interpolated
150026,000463_raw.jpg,0.55,selected,[],,unavailable,,unavailable,,unavailable,,unavailable,,unavailable
150026,000463_raw.jpg,0.4,selected,"[[0.4, 92.25], [0.45, 121.0]]",,unavailable,,unavailable,,unavailable,,unavailable,0.5125,direct
150026,000485_raw.jpg,0.55,selected,"[[0.7, 69.5]]",,unavailable,,unavailable,,unavailable,,unavailable,,unavailable
150026,000485_raw.jpg,0.4,selected,"[[0.4, 95.25], [0.7, 69.5]]",,unavailable,,unavailable,,unavailable,,unavailable,,unavailable
150026,000507_raw.jpg,0.55,selected,"[[0.7, 79.0], [0.75, 76.25]]",,unavailable,,unavailable,,unavailable,,unavailable,,unavailable
150026,000507_raw.jpg,0.4,selected,"[[0.7, 79.0], [0.75, 76.25]]",,unavailable,,unavailable,,unavailable,,unavailable,,unavailable
150026,000529_raw.jpg,0.55,selected,"[[0.55, 71.0]]",,unavailable,,unavailable,-0.1125,direct,,unavailable,,unavailable
150026,000529_raw.jpg,0.4,selected,"[[0.55, 79.0]]",,unavailable,,unavailable,-0.0125,direct,,unavailable,,unavailable
150026,000551_raw.jpg,0.55,selected,"[[0.7, 79.5]]",,unavailable,,unavailable,,unavailable,,unavailable,,unavailable
150026,000551_raw.jpg,0.4,selected,"[[0.7, 79.5]]",,unavailable,,unavailable,,unavailable,,unavailable,,unavailable
150026,000573_raw.jpg,0.55,selected,"[[0.75, 76.25]]",,unavailable,,unavailable,,unavailable,,unavailable,,unavailable
150026,000573_raw.jpg,0.4,selected,"[[0.75, 76.25]]",,unavailable,,unavailable,,unavailable,,unavailable,,unavailable
150026,000595_raw.jpg,0.55,selected,"[[0.7, 79.0], [0.75, 76.75]]",,unavailable,,unavailable,,unavailable,,unavailable,,unavailable
150026,000595_raw.jpg,0.4,selected,"[[0.4, 91.0], [0.55, 76.25], [0.75, 69.0]]",,unavailable,,unavailable,-0.046875,direct,0.014583333333333393,interpolated,0.0760416666666666,interpolated
150026,000617_raw.jpg,0.55,selected,"[[0.55, 79.0]]",,unavailable,,unavailable,-0.0125,direct,,unavailable,,unavailable
150026,000617_raw.jpg,0.4,selected,"[[0.4, 92.0], [0.55, 79.25]]",,unavailable,,unavailable,-0.009375,direct,0.04375,interpolated,0.096875,interpolated
152620,000001_raw.jpg,0.55,selected,"[[0.6, 86.75], [0.65, 88.25], [0.75, 85.75], [0.8, 87.5], [0.85, 87.75], [0.9, 89.25]]",0.103125,direct,0.084375,direct,,unavailable,,unavailable,,unavailable
152620,000001_raw.jpg,0.4,selected,"[[0.5, 86.0], [0.55, 87.25], [0.6, 86.75], [0.65, 88.25], [0.75, 85.75], [0.8, 87.5], [0.85, 87.75], [0.9, 89.25]]",0.103125,direct,0.084375,direct,0.090625,direct,0.075,direct,,unavailable
152620,000022_raw.jpg,0.55,selected,"[[0.55, 80.0], [0.6, 81.75], [0.7, 82.25], [0.75, 83.25], [0.8, 84.25]]",0.025,interpolated,0.021875,direct,0.0,direct,,unavailable,,unavailable
152620,000022_raw.jpg,0.4,selected,"[[0.5, 79.0], [0.55, 79.5], [0.6, 81.75], [0.7, 82.25], [0.75, 83.25], [0.8, 84.25]]",0.025,interpolated,0.021875,direct,-0.00625,direct,-0.0125,direct,,unavailable
152620,000044_raw.jpg,0.55,selected,"[[0.55, 51.25], [0.6, 51.75], [0.65, 48.5], [0.7, 48.5], [0.75, 50.25]]",-0.39375,direct,-0.353125,direct,-0.359375,direct,,unavailable,,unavailable
152620,000044_raw.jpg,0.4,selected,"[[0.5, 53.25], [0.55, 51.0], [0.6, 51.75], [0.65, 48.5], [0.7, 48.5], [0.75, 50.25]]",-0.39375,direct,-0.353125,direct,-0.3625,direct,-0.334375,direct,,unavailable
152620,000066_raw.jpg,0.55,selected,[],,unavailable,,unavailable,,unavailable,,unavailable,,unavailable
152620,000066_raw.jpg,0.4,selected,"[[0.55, 30.75]]",,unavailable,,unavailable,-0.615625,direct,,unavailable,,unavailable
152620,000088_raw.jpg,0.55,selected,"[[0.6, 25.75]]",,unavailable,-0.678125,direct,,unavailable,,unavailable,,unavailable
152620,000088_raw.jpg,0.4,selected,"[[0.6, 25.75]]",,unavailable,-0.678125,direct,,unavailable,,unavailable,,unavailable
152620,000110_raw.jpg,0.55,selected,"[[0.6, 26.0]]",,unavailable,-0.675,direct,,unavailable,,unavailable,,unavailable
152620,000110_raw.jpg,0.4,selected,"[[0.6, 26.0]]",,unavailable,-0.675,direct,,unavailable,,unavailable,,unavailable
152620,000132_raw.jpg,0.55,selected,"[[0.6, 26.0]]",,unavailable,-0.675,direct,,unavailable,,unavailable,,unavailable
152620,000132_raw.jpg,0.4,selected,"[[0.6, 26.0]]",,unavailable,-0.675,direct,,unavailable,,unavailable,,unavailable
152620,000154_raw.jpg,0.55,selected,"[[0.6, 26.0]]",,unavailable,-0.675,direct,,unavailable,,unavailable,,unavailable
152620,000154_raw.jpg,0.4,selected,"[[0.6, 26.0]]",,unavailable,-0.675,direct,,unavailable,,unavailable,,unavailable
152620,000176_raw.jpg,0.55,selected,"[[0.6, 26.0]]",,unavailable,-0.675,direct,,unavailable,,unavailable,,unavailable
152620,000176_raw.jpg,0.4,selected,"[[0.6, 26.0]]",,unavailable,-0.675,direct,,unavailable,,unavailable,,unavailable
152620,000198_raw.jpg,0.55,selected,"[[0.6, 26.0]]",,unavailable,-0.675,direct,,unavailable,,unavailable,,unavailable
152620,000198_raw.jpg,0.4,selected,"[[0.55, 29.75], [0.6, 26.0]]",,unavailable,-0.675,direct,-0.628125,direct,,unavailable,,unavailable
152620,000220_raw.jpg,0.55,selected,"[[0.6, 26.0]]",,unavailable,-0.675,direct,,unavailable,,unavailable,,unavailable
152620,000220_raw.jpg,0.4,selected,"[[0.6, 26.0]]",,unavailable,-0.675,direct,,unavailable,,unavailable,,unavailable
152620,000242_raw.jpg,0.55,selected,"[[0.6, 25.75]]",,unavailable,-0.678125,direct,,unavailable,,unavailable,,unavailable
152620,000242_raw.jpg,0.4,selected,"[[0.6, 25.75]]",,unavailable,-0.678125,direct,,unavailable,,unavailable,,unavailable
152620,000264_raw.jpg,0.55,selected,"[[0.6, 25.75]]",,unavailable,-0.678125,direct,,unavailable,,unavailable,,unavailable
152620,000264_raw.jpg,0.4,selected,"[[0.55, 29.75], [0.6, 25.75]]",,unavailable,-0.678125,direct,-0.628125,direct,,unavailable,,unavailable
152620,000286_raw.jpg,0.55,selected,"[[0.6, 26.0]]",,unavailable,-0.675,direct,,unavailable,,unavailable,,unavailable
152620,000286_raw.jpg,0.4,selected,"[[0.55, 29.75], [0.6, 26.0]]",,unavailable,-0.675,direct,-0.628125,direct,,unavailable,,unavailable
153324,000001_raw.jpg,0.55,selected,"[[0.55, 83.5], [0.6, 82.75], [0.65, 85.0], [0.8, 87.25], [0.85, 88.25], [0.9, 88.5]]",0.0625,direct,0.034375,direct,0.04375,direct,,unavailable,,unavailable
153324,000001_raw.jpg,0.4,selected,"[[0.45, 88.75], [0.5, 85.25], [0.55, 83.5], [0.6, 82.75], [0.65, 85.0], [0.8, 87.25], [0.85, 88.25], [0.9, 88.5]]",0.0625,direct,0.034375,direct,0.04375,direct,0.065625,direct,0.109375,direct
153324,000022_raw.jpg,0.55,selected,"[[0.55, 74.75], [0.6, 76.75], [0.7, 77.25], [0.75, 79.0], [0.8, 80.25]]",-0.0375,interpolated,-0.040625,direct,-0.065625,direct,,unavailable,,unavailable
153324,000022_raw.jpg,0.4,selected,"[[0.45, 73.75], [0.5, 74.0], [0.55, 74.5], [0.6, 76.75], [0.7, 77.25], [0.75, 79.0], [0.8, 80.25]]",-0.0375,interpolated,-0.040625,direct,-0.06875,direct,-0.075,direct,-0.078125,direct
153324,000044_raw.jpg,0.55,selected,"[[0.55, 46.25], [0.6, 47.25], [0.65, 48.75], [0.7, 50.75], [0.8, 52.75], [0.85, 54.75]]",-0.390625,direct,-0.409375,direct,-0.421875,direct,,unavailable,,unavailable
153324,000044_raw.jpg,0.4,selected,"[[0.55, 45.75], [0.6, 47.25], [0.65, 48.75], [0.7, 50.75], [0.8, 52.75], [0.85, 54.75]]",-0.390625,direct,-0.409375,direct,-0.428125,direct,,unavailable,,unavailable
153324,000066_raw.jpg,0.55,selected,"[[0.55, 26.25], [0.6, 28.5]]",,unavailable,-0.64375,direct,-0.671875,direct,,unavailable,,unavailable
153324,000066_raw.jpg,0.4,selected,"[[0.5, 23.25], [0.55, 26.0], [0.6, 28.5]]",,unavailable,-0.64375,direct,-0.675,direct,-0.709375,direct,,unavailable
153324,000088_raw.jpg,0.55,selected,[],,unavailable,,unavailable,,unavailable,,unavailable,,unavailable
153324,000088_raw.jpg,0.4,selected,"[[0.5, 18.5], [0.55, 22.25]]",,unavailable,,unavailable,-0.721875,direct,-0.76875,direct,,unavailable
153324,000110_raw.jpg,0.55,selected,[],,unavailable,,unavailable,,unavailable,,unavailable,,unavailable
153324,000110_raw.jpg,0.4,selected,"[[0.5, 18.5], [0.55, 22.25]]",,unavailable,,unavailable,-0.721875,direct,-0.76875,direct,,unavailable
153324,000132_raw.jpg,0.55,selected,[],,unavailable,,unavailable,,unavailable,,unavailable,,unavailable
153324,000132_raw.jpg,0.4,selected,"[[0.5, 18.5], [0.55, 22.25]]",,unavailable,,unavailable,-0.721875,direct,-0.76875,direct,,unavailable
153324,000154_raw.jpg,0.55,selected,[],,unavailable,,unavailable,,unavailable,,unavailable,,unavailable
153324,000154_raw.jpg,0.4,selected,"[[0.5, 18.5], [0.55, 22.25]]",,unavailable,,unavailable,-0.721875,direct,-0.76875,direct,,unavailable
153324,000176_raw.jpg,0.55,selected,[],,unavailable,,unavailable,,unavailable,,unavailable,,unavailable
153324,000176_raw.jpg,0.4,selected,"[[0.5, 18.5], [0.55, 22.25]]",,unavailable,,unavailable,-0.721875,direct,-0.76875,direct,,unavailable
153630,000001_raw.jpg,0.55,selected,"[[0.55, 74.75], [0.6, 79.0], [0.65, 82.25], [0.8, 87.25], [0.85, 89.0], [0.9, 89.0]]",0.028125,direct,-0.0125,direct,-0.065625,direct,,unavailable,,unavailable
153630,000001_raw.jpg,0.4,selected,"[[0.45, 140.0], [0.5, 97.75], [0.6, 79.0], [0.65, 82.25], [0.8, 87.25], [0.85, 89.0], [0.9, 89.0]]",0.028125,direct,-0.0125,direct,0.10468749999999982,interpolated,0.221875,direct,0.75,direct
153630,000022_raw.jpg,0.55,selected,"[[0.55, 74.75], [0.6, 79.25], [0.65, 82.5], [0.8, 87.5], [0.85, 89.25], [0.9, 89.0]]",0.03125,direct,-0.009375,direct,-0.065625,direct,,unavailable,,unavailable
153630,000022_raw.jpg,0.4,selected,"[[0.45, 140.0], [0.5, 97.75], [0.55, 96.5], [0.65, 82.5], [0.8, 87.5], [0.85, 89.25], [0.9, 89.0]]",0.03125,direct,0.11875000000000017,interpolated,0.20625,direct,0.221875,direct,0.75,direct
153630,000044_raw.jpg,0.55,selected,"[[0.55, 75.0], [0.6, 79.0], [0.65, 82.25], [0.8, 87.5], [0.85, 89.0], [0.9, 89.0]]",0.028125,direct,-0.0125,direct,-0.0625,direct,,unavailable,,unavailable
153630,000044_raw.jpg,0.4,selected,"[[0.45, 140.25], [0.5, 97.75], [0.55, 96.75], [0.65, 82.25], [0.8, 87.5], [0.85, 89.0], [0.9, 89.0]]",0.028125,direct,0.11875000000000017,interpolated,0.209375,direct,0.221875,direct,0.753125,direct
153630,000066_raw.jpg,0.55,selected,"[[0.55, 75.0], [0.6, 79.0], [0.65, 82.5], [0.8, 87.5], [0.85, 89.25], [0.9, 89.0]]",0.03125,direct,-0.0125,direct,-0.0625,direct,,unavailable,,unavailable
153630,000066_raw.jpg,0.4,selected,"[[0.5, 98.0], [0.6, 79.0], [0.65, 82.5], [0.8, 87.5], [0.85, 89.25], [0.9, 89.0]]",0.03125,direct,-0.0125,direct,0.10624999999999982,interpolated,0.225,direct,,unavailable
153630,000088_raw.jpg,0.55,selected,"[[0.55, 75.25], [0.6, 79.0], [0.65, 82.25], [0.8, 87.5], [0.85, 89.25], [0.9, 88.75]]",0.028125,direct,-0.0125,direct,-0.059375,direct,,unavailable,,unavailable
153630,000088_raw.jpg,0.4,selected,"[[0.5, 97.25], [0.6, 79.0], [0.65, 82.25], [0.8, 87.5], [0.85, 89.25], [0.9, 88.75]]",0.028125,direct,-0.0125,direct,0.10156249999999982,interpolated,0.215625,direct,,unavailable
153630,000110_raw.jpg,0.55,selected,"[[0.55, 74.75], [0.6, 79.0], [0.65, 82.5], [0.8, 87.5], [0.85, 89.0], [0.9, 89.0]]",0.03125,direct,-0.0125,direct,-0.065625,direct,,unavailable,,unavailable
153630,000110_raw.jpg,0.4,selected,"[[0.5, 98.0], [0.6, 79.0], [0.65, 82.5], [0.8, 87.5], [0.85, 89.0], [0.9, 89.0]]",0.03125,direct,-0.0125,direct,0.10624999999999982,interpolated,0.225,direct,,unavailable
153630,000132_raw.jpg,0.55,selected,"[[0.55, 74.75], [0.6, 79.0], [0.65, 82.5], [0.8, 87.5], [0.85, 89.0], [0.9, 89.0]]",0.03125,direct,-0.0125,direct,-0.065625,direct,,unavailable,,unavailable
153630,000132_raw.jpg,0.4,selected,"[[0.45, 140.25], [0.5, 97.75], [0.6, 79.0], [0.65, 82.5], [0.8, 87.5], [0.85, 89.0], [0.9, 89.0]]",0.03125,direct,-0.0125,direct,0.10468749999999982,interpolated,0.221875,direct,0.753125,direct
